movie,feature_0,feature_1,feature_2,feature_3,feature_4,feature_5,feature_6,feature_7,feature_8,feature_9,feature_10,feature_11,feature_12,feature_13,feature_14,feature_15,feature_16,feature_17,feature_18,feature_19
21bridgesmovie,0.5887411,0.88953626,0.739895,0.81759626,0.68361694,0.70218,0.6934316,1.0070583,0.5316618,0.6281613,0.40482867,0.8599686,0.49761212,0.8448343,0.83919966,0.64012927,0.22073731,0.9412766,0.56685764,0.5111457
47metersdown,0.3955825,1.1250622,0.9074645,0.9644044,0.95656466,0.63784057,0.855583,0.95562583,0.511666,0.7382095,0.59836334,0.88896185,0.50251305,1.4450473,0.8737061,0.38674155,0.0015669689,0.8852073,0.73801774,0.5244615
abeautifuldaymovie,0.80894554,1.1508206,0.8205141,0.79652995,0.6328624,0.4946293,0.74389106,1.03908,0.42960086,0.7585086,0.36642563,0.9558585,0.50991124,0.9756555,0.7874923,0.47920725,0.021836273,0.6861755,0.7700915,0.66961056
abominablemovie,0.8016467,1.3565049,0.8558264,1.6035372,0.90202826,0.62004584,1.2470042,1.4234189,0.78320247,1.1353369,0.2621108,1.3280749,0.6775044,1.5612572,1.0511776,0.50576216,0.007809736,0.9788185,0.9132138,0.75227135
adastramovie,0.3935147,0.88900435,0.84010553,0.65167004,0.74975383,0.4989654,0.6966814,0.90251005,0.46717983,0.6994325,0.38775533,0.68022686,0.67081016,0.82137686,1.0508264,0.5087072,0.034095407,0.90548044,0.47812155,0.6428203
adogsjourneymovie,1.9899482,1.7422533,1.3713684,1.7237955,1.0847524,1.8108895,1.3465555,1.9015894,0.6021076,1.0301366,0.7880213,2.2386992,0.72866726,2.0313232,0.8927376,1.1430478,0.0,1.1825898,1.6330266,0.9826278
aftermathmovie,0.44090664,0.6257484,0.5115187,0.74696344,0.4819955,0.45401683,0.6498187,0.5950199,0.37659568,0.54078734,0.21501383,0.5643797,0.46713865,0.57901865,0.4907654,0.35776708,0.0,0.53828824,0.49556798,0.3568386
aftermovie,0.7368761,0.7570678,0.59506416,0.6666375,0.507766,0.6321567,0.80824417,0.87332827,0.35750726,0.71144587,0.31100017,0.65525347,0.7273132,0.98887223,0.62664866,0.22541367,0.0,0.73309976,0.74234366,0.38274914
ahiddenlifefilm,0.3033628,0.4301977,0.39127567,0.4392514,0.3033725,0.32022193,0.40099108,0.4502166,0.20586818,0.36033002,0.15563725,0.39973468,0.27335197,0.48369026,0.351738,0.23389055,0.030070525,0.3735458,0.33716714,0.27250645
alitamovie,0.71488506,1.3074805,0.9037912,1.1379945,0.9422863,1.2623041,0.9793123,1.1297847,0.39352122,0.83632433,0.23453552,1.0443091,0.8118609,1.1114188,1.2081732,0.5123086,0.0,0.9535168,0.7451174,0.67478937
angelhasfallen,0.8592749,1.0517032,1.2435471,1.389431,0.77144414,1.1381276,1.1308917,1.0517014,0.3920799,1.0319178,0.54182047,1.0919679,0.8923709,1.0799998,0.82418585,0.34532708,0.08937298,1.4716945,0.81274414,0.61918324
angrybirdsmovie,1.0936608,2.4546955,2.324284,1.2294813,1.4174529,1.6664479,1.3070556,2.4025524,0.5061269,1.095346,0.037269298,2.2314074,0.5298905,2.2289386,1.9121716,0.94552046,0.0,1.9793887,1.9066566,1.3535326
annabellemovie,1.1650339,1.5384452,1.4275438,1.779783,0.82929665,1.1915029,1.1166285,1.4127926,0.57782286,1.5713475,0.75917494,1.4380261,0.8841117,1.5888883,1.3945712,0.78406304,0.18889305,1.5526237,0.7575368,0.9744058
annamovie,0.8156002,0.9241595,0.6689544,1.048176,0.6906516,0.9755239,0.7386326,0.9570581,0.6253084,0.73919004,0.3498356,1.2253808,0.579615,1.1126341,0.69935215,0.45859617,0.0355459,0.7059614,0.7745325,0.59781647
apollo11movie,0.3926019,0.5766144,0.55190086,0.5879464,0.36331218,0.41607383,0.5764639,0.49340415,0.24791555,0.58812785,0.23179014,0.7005957,0.2635725,0.58686346,0.4785379,0.38254365,0.09996372,0.48577788,0.464052,0.47031495
arcticdogsmovie,0.34700632,0.8896166,0.6986054,0.80937076,0.6267227,0.5842492,0.762154,0.82160217,0.2897093,0.7577066,0.56749856,0.6872135,0.558401,1.0878092,0.7496575,0.46619785,0.17978871,0.7239502,0.6249439,0.40225008
arcticmovie,0.37237424,0.63907385,0.5843458,0.85795444,0.38130167,0.36327207,0.61199754,0.6990024,0.24057262,0.6174861,0.26656982,0.60051954,0.41825873,0.6770731,0.5974461,0.36565638,0.0722311,0.4656552,0.4358885,0.3476909
artofracingmovie,0.5956909,1.1839721,0.8127972,0.78100353,0.5361284,0.5763677,0.8924239,1.1486355,0.57310265,0.67073905,0.22723241,0.72883475,0.7279816,1.10278,0.80550873,0.42215392,0.0,1.0648296,0.6067727,0.5224093
avengers,0.3671766,0.69975376,0.7825078,0.5615805,0.62732047,0.5173536,0.653876,0.84941137,0.39369568,0.3771088,0.3218317,0.60045683,0.41272378,0.7763767,0.6755817,0.4923599,0.02633366,0.8175504,0.512898,0.5210893
beachbummovie,0.4200461,0.62313366,0.7571739,0.7908699,0.50462216,0.4823001,0.8178509,0.78246105,0.529775,0.8739476,0.37647098,1.0408071,0.5100816,0.9243069,0.6373396,0.54155725,0.34365043,0.6047208,0.5977362,0.7575817
bernadettefilm,0.9055907,0.7671808,0.9574591,0.9892946,0.5044532,0.6300225,0.72180235,0.7380538,0.5186188,0.8868038,0.29058588,0.8700108,0.44720298,0.84845316,0.73499215,0.5993518,0.075907804,0.8351442,0.7547399,0.73890305
blackandbluemovie,1.1120961,1.9924927,1.3655558,1.801731,0.82507163,1.0777559,1.444303,2.1891782,0.88330996,1.6098187,0.86241305,1.8213476,0.8556517,2.0326939,1.5186479,0.9367508,0.13531193,1.3016284,1.3974999,1.5976086
blackchristmas,0.6608579,0.79634356,1.0890837,0.9749823,0.7504317,0.88062114,0.97281927,0.9390666,0.3510957,0.8061328,0.52011,0.99660486,0.5838058,0.9325956,0.7587031,0.44425482,0.0,0.6597375,0.61505604,0.531164
blindedbythelightmovie,0.39160746,0.53356993,0.48592737,0.58711845,0.32497296,0.43672892,0.38396272,0.5761101,0.1979614,0.4094332,0.23931208,0.45451063,0.3557129,0.5893536,0.41580778,0.25207493,0.07960301,0.44848245,0.32137144,0.2515419
bombshellmovie,0.9757423,0.91015923,1.2190915,1.0493727,0.8961065,0.644475,0.8845752,0.94554085,0.39759114,0.8086947,0.20982836,0.868867,0.8275163,1.0957793,0.7332847,0.5941175,0.0,0.7400828,0.82325155,0.78464085
booksmart,0.30234987,0.8079264,0.39585194,0.4861342,0.405234,0.30730218,0.62093717,0.7250386,0.0,0.5918989,0.12290737,0.41386747,0.08875093,0.5086165,0.54653037,0.35296208,0.0,0.38592118,0.23979066,0.0
breakthroughmovie,1.4776441,1.5693614,1.7431489,1.9502039,0.7826256,1.9659992,1.5497876,1.8393347,0.6969162,1.2510657,0.54376256,1.6256334,0.9833472,2.0995781,1.2584308,0.8904341,0.0,1.5597022,0.9253681,0.91570675
brianbanksmovie,0.78544986,1.4272902,0.87607145,1.1756011,0.61274993,0.64997375,1.1867278,1.4674648,0.7879581,0.788985,0.38544208,1.1218969,0.87605363,1.4284722,0.95392776,0.55726904,0.06261211,0.8694511,0.8300224,0.9057112
brightburnmovie,0.8388704,1.1590621,1.1368555,0.9228777,0.6899831,0.8528636,1.0165437,1.1668452,0.59468657,0.83118314,0.48824185,1.2340662,0.4291249,1.1886462,0.8978629,0.6155458,0.14611691,0.89822584,0.95783466,0.8809774
brittanyrunsmov,0.38642216,0.56190586,0.55082035,0.4784321,0.36744133,0.45679805,0.6494877,0.5680864,0.3262234,0.4563202,0.25631338,0.50945807,0.44406024,0.70023435,0.52362525,0.29932332,0.0010012686,0.42382148,0.5624878,0.3075547
captainmarvelofficial,0.51694924,0.94029474,1.1405548,0.79368,0.7434843,0.6387039,0.795537,0.771179,0.3604861,0.59756523,0.35313743,0.83429503,0.570392,1.0324122,1.0675436,0.4292944,0.0019478425,0.95412076,0.8401016,0.5945992
captivestatemovie,0.9104826,1.2591068,1.0886616,1.2988784,0.6784901,0.9268988,1.0629538,1.3653294,0.7291999,0.9865186,0.53580046,1.2144493,0.857957,1.2400559,1.0440584,0.79157263,0.13708681,1.121457,0.98707855,0.7318016
catsmovie,0.7679166,1.9977586,1.7272043,1.3387246,1.2026088,0.78074545,1.3606485,1.4159609,0.7682486,0.80102587,0.5781456,1.3309134,0.50969625,1.1084546,1.2339481,0.8604242,0.0,1.0514889,1.0357745,0.79157466
charliesangels,0.9003811,2.1156132,1.592902,1.5733249,0.89771754,1.8793755,1.2575158,1.702849,0.595818,1.2893487,0.47912169,1.6800332,1.1406993,1.5256683,1.3879255,1.1610575,0.0,1.1681881,1.4814144,1.4415796
childsplaymovie,0.75016695,1.3658996,0.9161751,2.4825017,0.61459464,1.8602289,1.8004665,1.8939503,0.61107713,1.9485276,0.26323327,1.1228287,1.2904569,1.3740627,0.95781934,0.6856985,0.09333803,1.5893456,0.8039262,0.9786076
clarathefilm,0.5176463,0.71307564,0.88286364,1.2754157,0.7941543,1.3190863,1.2066902,1.0409232,0.007381566,1.174817,0.31197447,0.8383452,0.40836772,1.0691193,1.1192983,1.2770648,0.0,0.4795405,1.1600676,0.54161197
coldpursuitmovie,0.41670895,0.68230724,0.74709713,0.50914913,0.46534544,0.43453392,0.47665977,0.69513977,0.20948039,0.56322604,0.2324964,0.68830335,0.32486245,0.7269376,0.66509557,0.37994796,0.092028074,0.5260804,0.45446205,0.4699961
countdown,0.9840376,1.1653739,1.0276136,1.6541185,0.80026233,1.0596566,1.0764475,1.3942028,0.7386835,1.094533,0.37362713,1.414727,0.66678905,1.3897151,1.1566266,0.47053206,0.43602437,1.3010223,0.889824,1.0558286
currentwarmovie,0.6913902,0.77195525,1.027754,1.1906834,0.93772787,0.83905846,1.1405935,1.2927542,0.62684447,0.98002505,0.51739,1.1663965,0.75375026,1.314219,0.82653475,0.4331977,0.17991704,0.9880084,0.7926817,0.83651453
darkwatersmovie,0.99429876,1.626706,1.2501851,1.6492944,0.88397306,1.3824768,1.8437458,1.6854357,0.8368753,1.019541,0.14454642,1.5553681,1.1977623,1.6555132,0.73569465,0.63799113,0.0,1.2396888,1.1809895,0.609806
detectivepikachumovie,1.0689489,1.3969414,0.9169166,1.635365,0.4857196,0.88677996,1.3039173,1.2516412,0.5521462,0.9835402,0.28029823,1.1638492,0.95161355,1.3190993,0.5647272,0.4517184,0.042698994,1.0966887,0.7725668,0.7480683
disneyaladdin,0.5137322,1.3181791,1.3023053,0.77118695,1.0337728,0.8934682,1.1241814,1.1688416,0.8010507,0.740042,0.31317177,0.8461521,0.9437536,1.6048218,1.2911593,0.45156622,0.13490023,1.0609756,1.2688712,0.9646238
disneyfrozen,0.6147695,1.4005042,1.2881626,0.9045092,0.88891095,1.0156922,0.85582155,2.05727,0.7748354,0.8586283,0.61889446,0.96853703,0.88238937,2.1452758,1.0763298,0.91769123,0.82422656,1.3217866,1.0735621,1.0033141
disneymaleficent,0.36466515,1.154423,0.9983331,0.68198305,0.8850784,0.6662642,0.74978524,1.0073564,0.5680982,0.7130774,0.40154314,0.72311324,0.8558632,1.3415337,0.9951049,0.48988008,0.106542625,0.8949488,0.93209386,0.6087512
doctorsleepmovie,0.7654813,1.0246441,0.85881805,1.1010714,0.743471,0.6927127,0.8634407,0.8949533,0.43819994,0.8701874,0.3161042,1.0441784,0.77773565,1.0765127,0.6564373,0.5571459,0.048220143,0.96410114,0.9333766,0.646821
dolemiteismyname,0.78565276,1.4369841,1.3151467,1.4937252,1.3656365,0.71276146,1.1039922,1.522487,0.8513906,1.3376498,0.7526016,1.3698773,1.0510484,1.7342162,1.0849799,1.1314642,0.0918264,1.0636501,0.9225525,0.6539113
dontletgomovie,0.7218281,0.9180331,1.2503319,1.2767403,0.81222624,1.1238396,1.2992227,1.1110104,0.45457083,0.9961377,0.6058303,1.1310271,0.68067,1.2045014,0.90400445,0.54390776,0.0,0.7977143,0.74237585,0.6878683
doramovie,0.6204075,0.6981243,0.75801826,0.7893236,0.7397347,0.5654717,0.69224197,0.7839059,0.2365959,0.66444206,0.16307366,0.97666174,0.47725117,1.1653695,0.9476414,0.1392929,0.09757397,0.845681,0.78491974,0.38474092
downtonabbey_official,0.92428374,0.7399987,1.7065203,1.5620191,1.25298,0.57100844,1.7775673,1.1348097,0.90650725,1.0045637,0.51271677,0.9242576,0.78936005,1.7983848,1.215525,0.363448,0.38642868,1.0551463,1.1560675,1.090848
dumbo,0.34985125,0.9554639,0.9067961,0.5732917,0.74787873,0.5176453,0.683001,0.88849324,0.48488465,0.6038356,0.3289519,0.6546617,0.67330295,1.0983478,0.8340441,0.36844963,0.15880948,0.7538789,0.8131638,0.51471514
escaperoom,0.8818825,1.4475116,1.3521143,0.9825988,0.80560565,0.8421478,1.018456,1.3907046,0.5579823,0.87086076,0.44550157,1.2097608,0.5430414,1.2730333,1.0684258,0.5689567,0.027984243,1.01883,1.061977,0.9988834
everybodyknowsmovie,0.63302225,0.71475744,0.60165095,0.9327249,0.6179348,0.6565002,0.7546314,0.8177143,0.40508294,0.6350504,0.23958786,0.7429912,0.49880365,0.8699158,0.6304692,0.40474838,0.039801136,0.6455614,0.57958966,0.43028048
fastandfuriousmovie,1.5780095,1.7777324,1.0945754,2.075025,1.0590011,1.4439666,1.2818685,1.2940491,0.6870563,1.4007286,0.36295238,1.4835364,0.7307235,1.5338842,0.9121437,0.70513135,0.0,1.1778638,1.2721734,0.59159213
fightingwmyfam,0.96567196,1.4286242,1.0697027,1.6169578,1.176458,0.835686,1.2727973,1.6597809,0.73214287,0.9583938,0.49454522,1.5952334,0.7906333,1.3938389,1.0571114,0.56503856,0.22734848,1.588476,0.782921,0.8759559
fivefeetapartfilm,1.1996573,1.0705414,1.4611559,2.1924405,1.4265172,1.4270227,1.6201075,1.721887,0.57854724,1.7273321,0.08037062,1.301535,0.9937812,1.6993746,0.86276245,0.6421886,0.0,1.4180889,0.797167,0.93962085
fordvferrari,0.36755085,0.86413896,0.6581416,0.66281563,0.5321191,0.51537675,0.64079505,0.7142196,0.3150816,0.5321901,0.31579784,0.5495296,0.66308594,0.80288464,0.74791646,0.34854025,0.041447412,0.7234383,0.45801884,0.49026814
freaksthefilm,0.58865184,1.0171592,1.0136937,1.103009,0.76398915,0.68609077,0.93214756,1.0224252,0.2786883,0.8552538,0.5207056,1.0273716,0.70143795,1.3441037,0.91815424,0.79159755,0.060487792,0.80452126,0.7514632,0.78234667
geminimanmovie,0.7691508,1.1592581,0.97888136,1.2697647,0.9944753,0.9532389,1.1130153,1.046848,0.5195196,0.7233094,0.39608496,1.1583079,0.6210526,1.2002897,0.96250594,0.6007418,0.06528821,0.925309,0.81591195,0.613185
glassmovie,0.7601356,1.2547884,1.08475,0.9085556,0.66374403,0.5596094,1.0749571,1.2764623,0.6012184,0.74747384,0.31327125,1.0181897,0.8460661,1.4265627,1.032888,0.30970675,0.02490315,1.0895956,0.9056309,0.65527135
gloriabellmovie,0.70526147,0.90809405,0.7898413,0.6472747,0.64361197,0.42840728,0.8311607,0.98469347,0.31895182,0.9687178,0.35398418,0.8110276,0.617603,1.2011212,0.78779864,0.5280883,0.0,0.7440954,0.86629426,0.48020962
godzillamovie,1.0901929,1.2138914,0.93745744,1.0166428,0.6674715,1.0050253,1.1039356,1.022237,0.35651848,0.86569023,0.39836344,1.1900963,0.7544148,1.5371507,0.80816245,0.36270306,0.020209648,1.1432153,0.84950626,0.703212
goldfinchmovie,1.0774356,1.4296978,1.0862811,1.2034628,0.69123566,0.80296457,1.3504579,1.4880375,0.6396108,0.9235499,0.4181264,1.129197,0.76532114,1.5428525,1.1372747,0.48232841,0.0,1.0375501,0.90400434,0.9094835
goodboysmovie,0.886753,1.3366826,0.954355,1.4196582,0.8350676,0.6245215,1.1578327,1.0750922,0.5590338,1.1089983,0.40334773,0.90758055,1.0800279,1.1971929,0.6906872,0.76609784,0.0,0.82265556,1.055307,0.9115613
goodliarmovie,1.2361181,1.7596911,1.1170523,1.5373282,0.95063055,1.0052518,1.187503,1.3350211,0.6132168,0.9351669,0.5198372,1.5516797,0.7344041,1.4160162,0.8835999,0.75625795,0.0,1.1619779,1.0669467,0.7612178
gretafilm,0.80084556,1.2518356,0.73792243,1.2704914,0.7830395,0.82733184,0.96834093,1.1661757,0.89981157,0.541504,0.38530555,1.2323428,0.70317143,1.1588303,0.80828774,0.43164125,0.27578428,1.0047283,0.7188432,0.5515997
halathemovie,0.96096224,1.3815179,1.1788057,1.7543153,0.95942605,1.3828375,1.2047375,1.3275462,1.0436571,0.9687436,0.6023113,1.4878081,0.8246837,1.5510951,1.0794277,0.5529782,0.5266343,1.8853707,0.8601393,0.73172563
happydeathdaymovie,0.7064998,0.6811867,0.43382892,0.8171307,0.41952273,0.45983154,0.58691084,0.6604197,0.50824493,0.5884105,0.123823404,0.564231,0.4627326,0.8159126,0.4840072,0.27514052,0.042521723,0.75299686,0.567952,0.33946356
harrietfilm,0.925535,1.1485538,0.98132646,1.1351912,0.5800371,0.8860361,0.97856385,0.9236626,0.49596167,0.75696313,0.42684585,1.2228929,0.751934,0.949276,0.9429395,0.59629565,0.0,0.9256334,0.7931561,0.5516382
hellboymovie,0.5247798,0.8568896,0.60975754,1.0834033,0.6608302,0.8026505,1.0457813,1.0906088,0.4662032,0.67374545,0.5394797,0.9577196,0.5350669,0.8424261,0.74060714,0.32554412,0.014018491,0.943023,0.63930696,0.6763652
hersmellmovie,0.9902684,0.8678163,1.0791376,1.0483248,0.9327638,1.289171,1.4512757,1.4067999,0.5883483,0.81489974,0.525151,1.5757858,0.5670892,1.8263574,1.0980425,0.5568105,0.267641,1.2365489,1.0789428,1.1547704
highlifemovie,0.6706105,0.71815753,0.75697255,0.58235675,0.5994398,0.4704239,0.6579382,0.8093577,0.29225045,0.7946631,0.27050385,0.71626276,0.47567892,1.0173646,0.67244387,0.47110736,0.0,0.6566244,0.76071095,0.438132
highstrungmovie,0.0,0.0,0.0,1.064117,0.0,0.0,0.17582059,0.0,0.0,0.0,0.0,0.0,0.20858133,0.0,0.0,0.5999449,0.07743763,0.0,0.121415585,0.0
honeyboymovie,0.8390253,1.6435997,1.2528651,1.4139582,0.9654985,1.1877245,1.0815562,1.3002894,0.7711429,1.1306001,0.5875958,1.239137,0.6656382,1.8082165,1.4320174,0.7167124,0.0,0.9715583,1.2565709,0.9540469
hotelmumbaifilm,0.73305243,0.7814958,0.6352905,0.6830887,0.58962387,0.6054397,0.7329175,0.801774,0.3744644,0.6959821,0.28764415,0.6907838,0.40384805,1.0252237,0.50481653,0.34172106,0.038307022,0.785289,0.638588,0.49337658
httydragon,1.1566967,1.4978485,1.6440114,1.9992602,0.9319016,1.5326014,1.2188185,1.5764182,0.305932,1.6174463,0.5324419,1.4882032,1.0556755,1.2815937,1.3567139,0.9037655,0.0,1.2585957,1.4060346,0.6622801
hustlemovie,0.7215513,1.2914627,0.6530093,0.97630817,0.607417,0.8495585,1.0547793,0.9506882,0.4265087,0.66571033,0.548642,1.0712744,0.5298862,0.9406597,0.8001425,0.43047917,0.0,1.0874614,0.7523318,0.3787432
hustlersmovie,0.19819604,1.5824413,0.6142359,1.1037662,0.8052786,1.4821022,0.72626895,1.5109383,0.49087316,1.0101029,0.06887847,1.0555257,0.5170568,1.0008675,0.6486212,0.68459624,0.0,1.06136,0.8648858,0.22415873
isntitromantic,0.8013754,1.2444211,1.1325287,1.0399057,0.8152965,0.67845666,1.3056206,1.1665152,0.50920206,0.699076,0.4183787,1.0119196,0.586289,0.9568221,0.98285866,0.35355762,0.034062713,0.8775918,0.97580284,0.7598747
itmovieofficial,0.85243386,1.3171422,0.9935826,1.2442784,0.76780486,0.79686874,1.1527187,1.153474,0.50207365,0.95524573,0.30291378,0.89195377,0.7014324,1.2211968,1.1453713,0.46870205,0.119854316,1.1875433,0.84443027,0.749944
jayandsilentbob,1.4359905,1.5714307,1.6195719,1.8237813,1.2033743,1.1388452,1.40681,2.0968602,0.59752774,1.1112514,0.33595225,2.1650646,0.7011711,1.7987903,1.3594398,0.8391878,0.0,1.3305743,1.5679631,0.78696185
johnwickmovie,1.0215318,1.4178265,1.4910523,2.0000405,0.9510009,1.3061922,1.4173372,1.4566933,0.6323449,1.4381903,0.8489313,1.9244517,1.1774771,1.54189,1.1464177,0.7487921,0.17999008,1.6332648,1.0252239,1.1397673
jojorabbitmovie,1.0468265,1.4301548,1.2336674,1.6752566,1.0813961,1.1813123,1.538568,1.8365262,0.48626423,1.0167702,0.15261261,1.2449958,0.91845715,1.0904168,0.9767102,0.5346918,0.0,0.99361384,0.86819273,0.8764321
jokermovie,0.8557526,1.2615249,0.85360074,1.0971727,0.5283644,0.7252769,0.9349268,1.0262607,0.37809876,0.76332164,0.27036437,0.9659091,0.7501541,1.0008802,0.74462736,0.50663716,0.05692703,0.8721332,0.7687729,0.60724777
judythefilm,0.56319195,1.1095264,0.73040473,1.0303788,0.5250618,0.6368653,0.82616264,0.89177805,0.8278551,0.84582436,0.3502372,0.7311724,0.92936385,1.1540929,0.8199667,0.52511394,0.0,0.8084068,0.7949116,0.67093056
jumanjimovie,1.0670033,2.1999547,1.6591048,2.4534068,1.3106424,1.7269863,1.4849105,2.355438,0.81937295,1.7669407,0.65720975,2.1218493,0.6789025,1.7855091,1.6828731,0.73859304,0.06219685,2.019159,1.3395256,1.3840055
justmercyfilm,0.48056573,0.7512814,0.71603835,0.5604866,0.5573956,0.3268158,0.4697828,0.56833833,0.21155226,0.56756556,0.34688133,0.6404684,0.46258098,0.7579064,0.8192127,0.2657197,0.019560922,0.6687349,0.6499527,0.50223726
knivesout,0.8373534,1.5158343,1.0640079,1.8341746,0.91143394,1.2875497,1.2331389,1.5122964,0.3196633,1.370628,0.5450501,1.3483323,0.9506619,1.1719651,1.2678407,0.5229863,0.0,1.4043478,0.7882572,0.97510046
lalloronamovie,0.64350265,0.9140953,0.9957551,0.9341829,0.66202563,0.6392018,0.75215644,0.79390764,0.46682298,0.8537248,0.37432915,0.7746908,0.5133222,0.935729,0.84931314,0.47704592,0.031172007,1.0487092,0.5756368,0.50086397
lastblackmansf,1.1789709,1.3604751,1.4345286,1.5651467,0.86728686,1.2521409,1.1296643,1.6149431,0.6771484,1.2590994,0.59466374,1.4788566,0.8003355,1.8289986,1.32331,0.5835283,0.06304381,1.3881721,1.5439427,0.79924566
lastchristmasthemovie,0.49299914,0.7542919,0.6236862,0.74005806,0.5442497,0.47183365,0.5804015,0.67098683,0.326156,0.59338546,0.18781754,0.7236759,0.43479005,0.8074039,0.3950617,0.42335868,0.028813682,0.5404249,0.65389913,0.4804932
latenightmovie,1.0009081,0.9342506,0.9326788,1.1161017,0.56611264,0.89636785,1.3299507,1.1436707,0.76062185,1.3492435,1.0546095,0.9411973,0.76520896,1.7915063,1.0242411,0.6823447,0.0332055,1.23689,1.2098522,0.73911226
lighthousemovie,0.6706105,0.71815753,0.75697255,0.58235675,0.5994398,0.4704239,0.6579382,0.8093577,0.29225045,0.7946631,0.27050385,0.71626276,0.47567892,1.0173646,0.67244387,0.47110736,0.0,0.6566244,0.76071095,0.438132
lionking,0.54616356,1.6999453,1.8024797,1.9752865,1.7051829,1.181849,1.5091119,1.661909,0.73632985,1.4039897,0.62439615,1.5099512,0.82091945,2.136267,1.1070012,0.829977,0.0,1.1504954,1.6426477,1.0052178
littlethemovie,0.56973034,1.6875157,1.1230738,1.5562873,0.8760238,1.1594567,0.8539183,1.5857869,0.6723383,1.2035416,0.29671326,1.1014911,0.8010755,1.5073829,1.1109692,0.63768744,0.0,1.1793891,1.0838704,0.6013136
littlewomenmovie,0.84353817,1.7661277,1.4666307,0.963343,1.218717,0.80185544,0.8005492,1.6447163,0.3626257,0.97129107,0.37304512,1.6888918,0.4271163,1.369501,1.0755852,0.91363037,0.0,0.9808484,1.1145725,0.8858036
littlewoodsfilm,0.8801364,1.2702193,1.4139903,1.417178,1.0532764,0.8674475,1.6315922,1.1664449,0.7307773,1.1249586,0.6482018,1.5113522,0.6079291,1.5749636,1.1893438,0.6774995,0.11204068,1.1455994,0.94507116,1.0548056
longshotmovie,1.0751208,1.3270475,1.0956695,1.4014778,0.8817744,0.55267864,1.0476661,1.0162468,0.34087837,0.8322311,0.38635474,1.0871153,0.7043206,0.98105174,0.71523607,0.6633027,0.0,1.081253,0.7764624,0.7807822
lordsofchaosmovie,0.3808819,0.8723568,0.76991487,0.77378386,0.5222045,0.46666,0.723427,0.8544068,0.50944704,0.7049684,0.45872837,0.79097795,0.5023226,1.1255172,0.83803606,0.3404171,0.021193087,0.75103146,0.5842763,0.5594818
lucyintheskyfilm,0.44381607,0.8550825,0.79344547,1.1330633,0.6012738,0.62717116,0.7946284,0.8705091,0.42835623,0.76854706,0.20192721,0.86714226,0.41495097,0.7421047,0.8039516,0.51581484,0.0,0.7195186,0.590975,0.56255215
mamovie2019,1.0601491,1.219543,1.2509129,1.5688077,0.8856836,1.8017936,1.2179426,1.7080852,0.42711025,1.4113706,0.48488247,1.8639071,0.917125,1.4393541,1.0926331,0.3099456,0.16870472,1.2879593,1.10708,0.7112215
marriagestory,0.9631414,1.4241781,1.4064636,1.2968647,1.341792,0.7780319,1.1349325,1.7347504,0.49797514,1.2627703,0.63120157,1.6925539,0.7528347,1.987604,1.4151573,1.2370582,0.13908646,0.8318688,0.8280856,0.82774293
meettheaddams,0.8211245,1.1415005,0.9466797,0.84809375,1.0426697,0.86328727,0.90160793,0.94410425,0.4763552,0.6803784,0.19249102,0.89657384,0.74377424,0.9844901,0.6948149,0.36107662,0.0,0.82513285,0.78601825,0.86489475
meninblack,1.1095823,1.8844918,1.7448993,1.2608362,0.86197555,0.6438215,1.1567183,1.2152375,0.6013859,1.4616216,0.9088764,1.6322502,0.9812974,1.731826,1.4288665,1.0651134,0.0,1.1199883,1.3193997,0.88160425
midsommarmovie,0.97016025,1.1567998,1.0530413,0.82826376,0.9586088,0.64735585,0.98805493,1.1629769,0.56924754,1.1125566,0.47216403,1.2609409,0.67698985,1.3119422,0.77815616,0.77933043,0.0,0.9350681,1.1483803,0.54858404
midwaymovie,0.6467034,1.0768204,1.0812464,1.351374,0.915551,1.1749778,0.9719715,1.2315629,0.605145,0.59507143,0.33740935,1.2465221,0.55190194,1.4785979,1.2371124,0.43461516,0.2967009,1.0859635,0.79189986,0.65953296
missbalamovie,0.95898646,1.6607332,1.4410172,1.0249109,0.91957885,0.9503333,1.1919469,1.5354458,0.70941097,0.93221456,0.5393331,1.3372844,0.6386136,1.4494451,1.1322453,0.74986225,0.038533814,1.1646519,1.1482186,1.0415225
missinglinkfilm,0.49857014,0.68621874,0.61091125,0.6795464,0.6717505,0.45379046,0.84917253,0.8091234,0.43333873,0.5933837,0.31679943,0.8754914,0.51602244,0.8290426,0.6214038,0.38256449,0.0,0.6526086,0.59477574,0.4939607
motherlessbklyn,1.5077361,1.9871397,1.3325882,1.9353127,0.883867,1.226315,1.6395507,1.5868568,0.63988155,1.1383023,0.761626,1.9090328,1.0014287,2.0815547,1.1861463,0.88641465,0.15299615,1.3301275,1.5109626,1.037742
onceinhollywood,0.41076136,1.5037111,1.102358,1.3899244,1.0382515,0.89214367,1.1685945,1.5463384,0.6270675,1.1312801,0.81387764,1.0559105,0.7096927,1.3262166,1.0694687,0.8516486,0.0,1.006515,1.0410583,0.79315054
onthebasisofsex,1.5327429,2.1865606,1.5524908,1.6005847,1.0771427,1.0352196,1.5027037,1.9894203,0.7362275,0.9410503,0.32279855,1.4812582,0.78100014,2.048877,1.3376232,0.847161,0.0,1.3963243,0.9389243,0.92482746
overcomermovie,0.4513089,0.79070854,0.70404947,0.7019799,0.43930176,0.65678245,0.7003172,0.782877,0.39686432,0.5313704,0.31957746,0.6989756,0.4687007,0.81696826,0.586408,0.35788396,0.01252849,0.65559286,0.48256952,0.4682311
peanutbutterfalcon,0.43914592,0.8764163,0.0,1.0595055,0.014508646,0.30124015,0.4375976,1.0470985,0.0,0.87544185,0.17308441,0.09672497,0.0,0.33935863,0.5458255,0.6996306,0.21762523,0.0,0.58635724,0.10545354
petsematarymovie,1.1285074,1.5752499,1.1924243,1.4898887,1.1974308,0.99229735,1.305254,1.3991328,0.5328942,0.91698766,0.5595993,1.5707566,0.8455795,1.4229039,0.839882,0.67032045,0.0,1.2234795,1.083778,0.6080497
piercingmovie,0.3867727,0.69671106,0.6702957,1.2455637,0.88525534,0.72746867,0.5884482,0.7684796,0.31844193,1.4305322,0.31471878,0.6523108,0.5108556,1.325687,1.1819509,0.5065534,0.088545606,0.35125923,0.742127,0.7339299
playingwithfire,1.5973432,1.4160212,1.622338,1.6207392,1.3494102,1.2142594,1.3404915,1.0649801,0.63687176,1.4328691,0.6628944,1.5837456,0.6567669,1.6221222,1.0878587,0.7707669,0.2586656,1.1960152,1.0307647,0.8498091
playmobilthemovie,0.837681,1.1949604,1.0347168,1.2156568,0.66661984,1.1145234,0.9991305,1.1060771,0.34627834,0.92027825,0.6555859,1.2115043,0.59330904,1.0215168,0.86144626,0.3801999,0.2568895,1.4337748,0.70957273,0.89070255
pomsmovie,0.5383812,0.64430165,0.5245575,0.65263027,0.4745684,0.5953236,0.5565793,0.70983905,0.33784387,0.54719454,0.23882094,0.72783893,0.40730685,0.69662195,0.6022401,0.35651267,0.18812013,0.7503472,0.47701824,0.3957878
queenandslim,0.7893805,1.4318652,1.3985127,1.9596752,0.87537706,1.159733,1.010088,1.5681437,0.69802004,1.4766884,0.45195615,1.6215473,0.8361293,1.5693825,1.5171386,0.534786,0.26600942,1.1145885,1.2655419,0.7330229
rambomovie,0.47429007,0.7512125,0.55288076,0.7755761,0.40373084,0.5048618,0.59686935,0.58380216,0.3501155,0.5810259,0.3283905,0.73790556,0.44561315,0.8095797,0.54312074,0.34710914,0.046558265,0.634638,0.50587827,0.3531297
readyornotfilm,0.59412676,0.82924724,0.61466706,0.95844775,0.59597605,0.53595203,0.8256545,0.72614163,0.49317187,0.6902334,0.24407741,0.80424315,0.6428501,0.76410645,0.7127341,0.41765285,0.035016317,0.6638065,0.7252155,0.5215607
richardjewellfilm,0.7483588,1.0002234,0.7368127,0.8395806,0.4972017,0.7778632,0.9521006,0.9895137,0.3838362,0.99317616,0.61212635,0.7580951,0.6436959,1.0713102,0.83393455,0.48515788,0.0,0.97516423,0.88325113,0.5368877
rocketmanmovie,0.6064778,1.0608366,1.0329894,1.1681857,0.82027704,0.91857415,0.97862405,1.0192204,0.5369788,0.6815727,0.5306692,1.2841647,0.6780536,0.9254725,0.88575196,0.4964894,0.0,0.92719877,0.7986097,0.5359067
scarystoriesmovie,0.6112822,0.6786125,0.7546079,0.8064262,0.6037478,0.6579736,0.666379,0.7803757,0.41649997,0.8549756,0.3378665,0.789617,0.5385407,0.7793731,0.5922868,0.3177701,0.115816675,0.79344237,0.6294456,0.559464
secretlifeofpets,1.5617383,1.6761999,1.7501066,2.0214984,1.2738215,1.5568417,1.2225739,2.004508,0.38536364,1.3081917,0.65644956,1.6863308,0.5686537,2.079983,1.1342405,0.76578164,0.0,0.98796356,1.2921722,1.0317457
serenityfilm,0.781117,1.101897,0.8605703,0.9333044,0.50653404,0.87771493,0.8493913,0.7949836,0.5628317,0.6678872,0.27534658,0.8569316,0.7379769,0.98164076,0.83755314,0.37903446,0.018693209,0.8225656,0.75551134,0.48804125
shaftmovie,0.7882967,1.1610723,1.1404822,1.030332,0.73940223,0.7578148,0.7956893,1.1499969,0.59263706,0.8635378,0.3507233,1.1084954,0.903316,1.3440235,0.8805946,0.4224367,0.062149256,0.99927586,1.1068442,0.57935005
shazammovie,0.824673,0.89818776,0.93806696,1.2330662,0.6159707,0.96729875,0.8088298,1.0497172,0.282267,1.0529954,0.26383194,0.87221587,0.59347373,1.1138824,0.8767365,0.3657986,0.13215142,1.1313746,1.0154364,0.46101657
spidermanmovie,1.0493257,1.5277221,1.8556442,1.31901,1.3123771,1.2256274,1.7277247,2.2609513,0.839424,1.0051516,0.6588249,1.8837765,0.56097233,2.067445,1.5853487,0.534849,0.1607135,1.47173,1.4169493,1.6604445
spiesindisguise,0.68753237,1.0255038,0.9940243,1.1973448,1.0987505,1.3688126,1.2251016,1.414578,0.85506064,0.8636887,0.4517346,1.3277968,0.8347312,1.2917119,1.3279736,0.54750973,0.0,1.4929742,0.96788496,0.85754424
starwars,1.0343419,1.9923092,2.777629,0.97761357,1.6022929,0.99192333,1.5481807,2.9513247,0.5991667,0.7723493,0.42964694,2.2316084,0.9474168,2.7867632,1.244531,1.1350837,0.16079047,1.3399224,1.6478736,1.3613827
stormboymovie,0.7314542,0.7162343,0.796198,0.8692445,0.519752,0.6045032,0.7746535,0.84907776,0.36863327,0.52677715,0.2604801,0.9206646,0.6024542,0.86140364,0.52335143,0.6075031,0.0,0.68662196,0.75200635,0.4373013
stubermovie,0.48633552,0.67460084,0.65667176,0.71563715,0.68403095,0.60533386,0.70728654,0.9093185,0.31315383,0.83866036,0.35263327,0.6234818,0.5832704,0.7666028,0.7359444,0.51478654,0.0,0.8889317,0.54261273,0.5699654
taosdfilm,0.48949832,0.75500584,0.56517065,0.80716306,0.41331455,0.40253142,0.63853055,0.85166293,0.3096812,0.69452727,0.27442104,0.6753108,0.6235357,0.8301557,0.64640105,0.35936174,0.0,0.56026214,0.54450387,0.4575182
teenspiritmov,0.7603205,1.6427937,0.9556068,1.5157692,0.64226395,1.1544809,1.1538962,1.9020039,0.6272667,1.0365709,0.4267001,1.2416712,1.0712075,1.5887365,1.3882407,0.88091856,0.0,1.2808303,0.55172783,0.7785506
terminator,0.77282304,1.6314392,1.0374986,1.448894,0.9486762,1.061804,1.1643327,1.2471863,0.49195483,0.6634989,0.51502085,1.3972851,0.76915264,1.1502353,0.8942009,0.7940935,0.07811267,1.0252945,0.8863057,0.54407036
theaeronautsmov,0.43207115,0.47380686,0.50423753,0.49288702,0.36802033,0.35930064,0.5328377,0.5549167,0.35595253,0.40030935,0.23696065,0.41751665,0.4817136,0.60405266,0.42914304,0.23243804,0.085981645,0.4590892,0.44133425,0.31644085
thebestofenemies,0.68851036,1.1405308,0.81712997,0.7771829,0.7949022,0.9358424,0.6940511,1.021585,0.35514444,0.7148462,0.39461532,1.119968,0.5778649,0.9633984,0.89898956,0.5259299,0.11927224,1.2516208,0.7394317,0.6381437
thedeaddontdie,0.8554916,0.77823734,0.94029117,1.663483,0.71765757,0.8778458,0.9904502,1.130791,0.6084128,0.90423584,0.40817457,1.3580709,0.918725,1.2688736,0.83339834,0.5378686,0.30719846,0.960086,0.8841924,0.7343095
thefarewell,0.8494268,0.92473173,1.0045503,0.8860789,0.6678451,0.67356455,0.9557491,1.1685578,0.32578152,1.0545074,0.21324313,1.0314811,0.58921754,1.2950199,0.87641966,0.5415656,0.0,0.9273315,0.9606517,0.6841765
thehighwaymen,0.6237292,0.95723367,0.71463287,0.8850778,0.7817028,0.6853116,0.8634433,1.1480157,0.64270437,0.6597489,0.1505242,0.93145454,0.77079296,1.3151747,0.87581646,0.6916464,0.0,0.70855004,0.5509048,0.49469402
thehummingbirdprojectfilm,0.3033628,0.4301977,0.39127567,0.4392514,0.3033725,0.32022193,0.40099108,0.4502166,0.20586818,0.36033002,0.15563725,0.39973468,0.27335197,0.48369026,0.351738,0.23389055,0.030070525,0.3735458,0.33716714,0.27250645
theintrudermovie,1.1238645,1.540873,1.5271837,1.3944942,0.8430438,0.8855345,1.5750583,1.6505405,0.9205377,1.2307386,0.8248584,1.4991919,0.93407434,1.7420398,1.2745659,0.56405485,0.18060863,1.2775939,1.3665719,1.2890854
theirishmanfilm,1.1325042,1.7052543,1.4515177,1.6686295,1.5591832,1.0148177,1.6010752,1.8865695,0.92345893,1.4056157,0.6592972,1.7970048,0.9036531,2.353419,1.495489,1.0044949,0.0,0.9941047,1.2164826,1.1342301
thekitchenmovie,2.1349978,2.336601,1.5615778,2.510265,1.063541,1.3382602,2.0767362,1.9885707,0.7926835,1.1929655,0.60658157,2.3276749,1.1312501,2.1425838,1.2030507,0.9899569,0.08098995,1.702754,1.5087391,1.1878892
thelegomovie,1.0685132,1.473758,1.0384955,1.4264771,0.76359284,0.9839842,1.291093,1.4609187,0.29502153,1.0833374,0.7303058,1.4353352,0.8911948,1.759782,0.9628675,0.57058233,0.1655727,1.1904821,1.202693,0.8444665
themustangfilm,0.5887287,0.8637792,0.6382383,0.83952504,0.69973844,0.67398655,0.7912677,0.93114287,0.44889015,0.64081144,0.32506457,0.7651661,0.41611946,0.9690873,0.72841775,0.5108384,0.1218121,0.7031483,0.84765786,0.59442604
thenightingalefilm,0.49814934,1.2818539,0.9000995,0.82728,1.1596407,1.144037,0.934117,1.2209957,0.1972737,0.8123468,0.35540023,1.0295218,0.50792974,0.97365314,1.1212894,0.5025564,0.0,1.091841,0.8900349,0.57826114
theprodigymovie,0.71838874,1.3737485,1.0828912,2.1696002,0.8635136,1.7852558,1.5672233,2.1540697,0.5877338,1.8414117,0.32619578,1.3318566,1.0257572,1.3903192,1.041914,0.67647004,0.0041749403,1.6565084,1.3197455,0.90929884
thesunisalsoastar,1.4957336,1.5811462,0.9816587,1.5293559,0.77102417,1.1314256,1.4797708,1.4603819,0.3830142,1.0495147,0.3460396,1.5074096,0.87012124,1.4789062,0.8034235,0.5399534,0.11537614,1.2845097,1.1556851,0.7730982
theupsidefilm,0.73819244,1.4228377,1.1049031,1.2488998,0.7385908,1.1738868,0.9699413,1.478,0.50397354,1.322694,0.5654612,1.2101253,0.70720786,1.5040916,1.1979855,0.5807765,0.052824683,1.1469455,1.0080767,0.64018476
tolkienmovie,0.6696082,0.83508,0.85350084,1.2947414,0.6138281,0.6833441,0.991946,1.1605269,0.6066045,0.74475193,0.438895,1.0281954,0.8126206,1.0198224,0.60706115,0.5545222,0.0,0.8674026,0.72456926,0.40783575
toystory,1.0360117,1.654105,1.1146463,0.8296887,0.9768253,0.6534962,0.8954235,1.3416405,0.5988079,0.83056873,0.55815405,1.0865089,0.6964301,1.3977517,1.0034406,0.5143879,0.0,0.88251454,1.0316961,0.7696913
triplefrontier,0.8847402,1.2414354,0.9146081,1.2264955,0.8599391,0.8491152,0.8990391,1.1659925,0.5903243,0.97510886,0.3519931,1.1617068,0.59148,1.3495976,0.9277394,0.6713839,0.038850404,1.1086296,0.78176564,0.8183403
uglydolls,0.30808622,1.1449192,0.67243135,0.7538739,0.85748863,0.6636729,0.6170067,0.8289669,0.51574445,0.7821295,0.4028823,0.8174515,0.88722134,0.59062105,0.6364639,0.62561244,0.018502481,0.87481797,0.73094696,0.5558557
uncutgems,1.2924895,1.3028203,1.1629187,0.8918126,1.0937845,0.71632737,1.0529944,1.0662843,0.74092776,1.5334147,0.4219568,1.327042,0.75047004,1.5318247,1.1766814,0.868404,0.0,0.8041832,1.1598148,0.80525994
underthesilverlake,0.8688796,1.1644664,1.0320123,0.841318,1.0092928,0.7904539,1.0395373,1.3421499,0.4143566,1.0137318,0.33571926,1.0402923,0.62932026,1.4092196,0.9870372,0.6210515,0.0,1.0225874,0.90946513,0.5079301
usmovie,0.5821418,0.56931806,0.5498769,0.7424771,0.7539999,0.5933911,0.6105388,0.57724917,0.31816325,0.5019804,0.30745462,0.5866126,0.3550353,0.69007844,0.46027473,0.33675742,0.083831646,0.659289,0.74270874,0.34101754
wavesmovie,0.95545936,1.2530873,1.3503046,0.98253995,1.0151265,0.77469,0.9468555,1.3524607,0.43208435,1.1366776,0.32584476,1.1278082,0.6073867,1.5175835,1.0665065,0.6526609,0.0,1.1711979,1.1857857,0.607058
whatmenwant,0.92822266,1.7772356,0.99419665,1.4146712,1.0336252,1.2146091,1.1076761,1.7124404,0.55641854,0.8854286,0.3324437,1.5297135,0.9391736,1.6407264,1.045648,0.6563454,0.0,1.2635007,1.1954901,0.5722297
wonderparkmovie,0.88141674,1.6293454,1.1519787,1.2903073,1.0311311,1.0145196,1.2488493,1.3942844,0.532058,0.8007797,0.6222794,1.5245904,0.61481667,1.123499,1.0061016,0.7230344,0.0,1.0795404,0.9623009,0.6188699
wrinklestheclown,0.3033628,0.4301977,0.39127567,0.4392514,0.3033725,0.32022193,0.40099108,0.4502166,0.20586818,0.36033002,0.15563725,0.39973468,0.27335197,0.48369026,0.351738,0.23389055,0.030070525,0.3735458,0.33716714,0.27250645
xmenmovies,0.7477345,1.8294411,1.5017071,1.3461571,1.3149914,1.3588876,1.4028233,2.301181,0.523681,1.063187,0.31575984,1.621051,1.0635785,1.9376849,1.4664494,0.95703834,0.0,1.4761697,1.2269465,0.8764198
yardiefilm,0.3516342,0.63755155,0.5605422,0.5493962,0.47438198,0.37124473,0.53804326,0.50716835,0.29088843,0.47325286,0.1766439,0.6111199,0.34563577,0.56828505,0.468113,0.26288015,0.0,0.45069745,0.4222141,0.44131678
yesterdaymovie,0.79487973,0.8101648,1.1297452,0.88831955,0.77438384,0.6297088,0.9268349,0.89758265,0.45420763,0.6554217,0.34123027,0.8819105,0.45821005,1.0476952,0.8606565,0.35739103,0.0,0.748462,0.7559151,0.45561892
zombieland,1.3673707,2.051388,1.9181747,1.4020829,1.1474749,1.0507449,1.6701921,2.1304142,0.5932369,1.1429609,0.5358989,1.9717062,0.77753186,2.0045562,1.5572225,0.6982006,0.0,1.7620715,1.570672,1.3716191
