,Action,Adventure,Animation,Biography,Comedy,Crime,Documentary,Drama,Family,Fantasy,History,Horror,Music,Mystery,Romance,Sci-Fi,Sport,Thriller,War,Western
22893,2,1,0,4,2,1,0,9,0,0,2,0,0,0,1,1,0,1,0,0
2925001,4,8,4,0,9,1,0,2,1,4,0,0,1,0,2,1,0,0,0,0
3002253,2,2,2,0,4,2,0,5,0,1,0,2,0,1,1,0,1,1,0,0
3328685,2,5,2,1,7,1,0,6,0,0,0,0,0,0,1,2,0,1,0,0
3920740,3,2,0,0,3,1,0,1,0,2,0,7,0,3,0,2,0,3,0,0
6636654,1,1,0,2,5,1,0,6,0,2,0,0,0,0,2,1,0,0,0,1
8952912,7,6,0,0,6,0,0,2,0,2,0,4,0,2,0,3,0,0,0,0
9099063,2,3,1,3,4,0,0,6,2,2,0,1,2,0,1,0,0,0,0,0
9305486,5,7,4,1,5,0,0,2,1,1,1,2,0,0,0,3,0,0,0,0
10063561,3,4,1,3,1,0,0,5,1,2,1,2,0,2,1,1,0,2,1,0
10315987,4,2,0,2,4,2,0,7,0,1,1,4,1,4,0,0,0,3,0,0
12478419,3,2,0,4,2,4,0,12,0,0,2,0,0,1,0,1,0,1,1,0
13446014,10,10,3,0,6,2,0,3,0,1,0,1,0,1,0,2,0,0,0,0
13666697,3,2,0,0,3,1,0,4,0,2,0,10,0,6,2,0,0,8,0,0
13929372,1,2,0,2,0,2,0,9,0,0,1,1,0,1,1,1,0,0,2,1
15880020,12,10,0,0,3,3,0,1,0,2,0,0,0,0,0,4,0,1,0,0
16577852,0,1,0,2,6,1,0,6,0,1,0,0,1,1,1,0,0,1,0,0
20831536,5,10,6,0,6,0,0,0,0,1,0,1,0,1,0,2,0,1,0,0
22390259,0,0,0,3,6,1,0,7,0,0,2,1,0,1,1,0,1,1,0,0
22665807,4,2,1,2,3,1,0,7,0,2,0,2,1,1,2,2,0,4,0,0
22972222,3,3,0,0,0,0,0,4,0,2,0,7,0,3,0,4,0,4,0,0
23717132,2,2,0,1,5,3,0,11,0,1,0,1,2,1,0,0,1,0,0,0
23741001,3,5,1,0,4,1,0,4,0,1,0,3,0,3,0,2,0,1,0,0
24065858,2,5,2,0,8,0,0,7,2,2,1,12,0,8,0,1,0,7,0,0
26031390,0,1,0,3,1,0,0,9,0,0,2,2,1,2,0,0,0,2,1,0
26854659,6,3,0,1,3,1,0,5,0,1,0,4,0,1,1,3,0,2,0,0
27641435,4,4,1,2,10,1,0,6,0,3,1,6,0,4,2,0,0,4,1,0
28590046,2,2,0,2,4,0,0,5,0,1,0,3,0,2,1,0,1,3,0,0
29436977,1,2,0,3,3,0,0,6,1,1,1,1,1,1,1,0,0,1,1,0
30493895,7,9,2,0,1,0,0,2,2,4,0,4,0,2,0,3,0,3,0,0
31002864,3,1,0,1,10,4,1,20,0,0,1,1,1,3,3,2,1,2,0,0
31114801,3,3,0,1,4,2,0,9,0,0,0,2,0,3,1,4,0,1,1,0
31491449,2,1,0,0,4,4,0,8,0,1,0,1,0,1,3,0,0,0,0,1
32658266,1,1,0,0,4,0,0,4,0,1,0,3,0,3,1,1,0,4,0,0
32863772,9,6,0,0,10,3,1,7,0,4,1,10,0,7,0,6,0,7,1,0
34041315,5,7,6,1,9,3,0,3,2,3,0,7,0,3,0,1,0,3,0,0
34072645,2,3,0,0,4,3,0,6,0,1,0,2,0,1,0,2,1,3,0,0
37143636,4,2,0,2,3,3,0,9,0,0,0,1,0,2,0,4,0,2,0,0
39075473,1,1,0,1,3,2,0,4,1,1,0,5,0,4,0,0,0,4,0,0
39601435,8,11,7,0,9,1,0,3,2,1,0,0,0,0,0,2,0,0,0,0
41045275,1,2,0,0,3,0,0,2,1,1,0,8,0,6,0,0,1,5,0,0
43595803,2,5,3,2,7,2,0,14,2,0,1,7,0,6,0,2,0,7,1,1
43667376,4,3,0,1,4,0,0,1,0,2,0,5,0,2,0,2,0,1,0,0
44976539,0,2,0,1,8,0,0,13,0,1,0,1,3,1,1,0,0,2,1,0
47271021,6,4,0,1,2,1,0,3,0,4,0,1,1,0,0,3,0,2,0,0
48608470,2,5,1,2,7,3,0,9,1,2,0,10,0,8,0,1,0,6,0,0
48704477,2,0,0,2,4,1,0,6,0,3,2,2,0,1,3,1,0,1,0,0
49566480,8,8,2,0,4,1,0,1,0,4,0,10,0,5,0,4,0,9,0,0
49721995,0,3,0,2,7,0,0,8,0,0,1,0,0,0,1,0,0,1,2,0
50542000,6,1,0,3,12,5,0,10,0,3,0,0,0,1,3,0,0,1,0,0
52314618,5,2,0,0,2,2,0,3,0,2,0,4,0,2,0,4,0,3,0,0
53617153,3,3,1,0,2,0,0,1,0,2,0,7,0,4,0,2,0,4,0,0
53778071,3,1,0,3,1,1,0,8,0,0,1,2,0,1,1,1,1,1,1,0
55331126,1,3,0,2,4,2,0,11,0,0,1,1,1,2,0,1,0,3,1,1
56034679,1,2,1,0,4,1,0,5,0,0,0,5,0,5,0,1,0,4,0,0
104814625,6,5,1,2,6,1,0,4,0,1,1,1,0,2,0,2,0,2,1,0
104835009,3,3,0,0,3,0,0,0,0,1,0,5,0,2,1,2,0,3,0,0
143589068,6,2,0,2,5,4,0,11,0,1,1,2,0,2,3,3,1,4,2,0
145442080,2,2,0,0,3,3,1,4,0,0,1,1,0,1,1,2,0,1,0,0
145975918,6,2,1,2,6,4,0,8,0,1,0,0,0,0,1,1,1,1,0,0
174618452,2,3,0,4,0,1,0,7,0,0,0,0,1,1,0,2,0,0,1,0
174651842,4,3,0,3,3,1,0,7,0,0,0,0,0,0,0,3,0,1,0,0
174960663,2,4,1,4,2,1,0,10,1,1,2,2,1,0,1,1,0,1,0,0
175070187,8,3,3,1,8,4,0,4,1,2,1,1,1,1,1,1,0,1,0,0
175143504,6,4,1,1,3,2,0,5,0,1,0,1,0,0,1,3,0,2,1,0
175421228,4,4,0,0,3,0,0,0,0,2,0,8,0,6,0,1,0,5,0,0
176349796,2,0,0,1,4,3,0,8,0,0,1,0,0,0,1,1,0,2,0,0
176704140,9,5,0,0,2,1,0,5,0,1,1,1,0,1,0,5,0,4,0,0
177802125,3,1,1,0,11,2,0,9,1,3,0,4,0,1,4,0,2,1,0,0
179236119,3,3,0,0,3,1,0,4,0,2,0,9,0,6,0,1,0,6,0,0
180651742,0,3,4,3,7,1,0,4,1,1,1,1,0,0,1,0,0,0,2,0
180778157,0,0,0,3,2,1,0,9,0,2,2,2,0,2,0,1,0,2,0,0
181064792,2,0,0,3,4,1,0,8,0,1,2,0,0,0,1,0,0,0,0,0
182183648,4,2,0,0,2,3,0,3,0,0,0,5,0,3,0,4,0,4,0,0
182366141,4,2,0,2,4,4,0,9,1,1,0,4,0,5,0,1,0,4,0,0
183912134,4,2,0,3,3,2,0,6,0,0,2,1,0,0,0,1,1,2,0,0
184377778,2,2,0,2,5,2,0,11,0,0,1,2,0,3,2,1,1,3,1,0
186160210,5,3,1,4,3,2,0,8,0,1,0,0,0,0,0,1,1,0,0,0
187931890,7,4,2,4,5,4,1,13,0,1,1,7,0,3,0,3,1,6,0,0
188478116,7,4,1,3,8,6,0,9,0,0,0,3,0,3,1,2,0,1,0,0
192059329,1,3,2,1,7,1,0,7,0,0,0,0,0,0,2,1,0,0,0,0
192701869,0,0,0,1,2,0,0,5,0,0,0,10,1,7,1,1,0,8,0,0
193097679,10,5,1,5,9,5,0,13,0,2,1,11,0,6,3,5,1,10,1,0
193796966,1,2,0,1,6,2,0,12,0,1,1,2,0,2,2,0,0,0,1,0
195935999,5,4,1,1,3,1,0,5,1,3,0,11,0,6,0,3,0,8,0,0
196228663,4,1,1,0,7,3,0,5,0,2,1,3,0,2,1,0,0,2,0,0
196345246,2,4,0,0,2,2,0,7,1,1,0,0,0,1,0,3,0,1,0,0
197424104,12,14,4,0,11,4,0,3,2,6,0,0,1,0,3,4,0,0,0,0
198255463,2,2,0,4,4,3,0,12,0,0,0,5,0,4,1,3,0,3,0,0
199819280,5,5,1,3,3,1,0,6,1,1,0,0,0,1,1,2,0,0,2,0
199893677,1,1,1,2,8,1,0,8,0,0,0,1,1,0,0,0,0,0,0,0
201718002,3,2,1,0,7,1,0,3,0,1,0,2,0,1,3,1,0,1,2,0
202617963,5,6,0,1,2,0,0,2,1,2,0,6,0,3,0,3,0,5,1,0
206553259,2,3,1,0,9,1,0,4,0,2,0,4,2,1,0,0,1,3,0,0
206947313,7,5,0,2,6,2,0,3,0,1,1,0,0,0,0,1,0,1,0,0
206961938,4,2,0,1,4,2,0,4,1,2,0,2,1,2,0,1,0,4,0,0
207166106,1,1,1,5,6,3,0,8,0,0,0,1,0,0,0,1,0,0,1,0
207231679,9,6,0,0,3,3,0,3,0,1,0,0,0,0,0,3,0,2,0,0
208418000,7,4,1,1,2,2,0,4,0,1,0,0,0,0,1,3,0,1,0,0
211941173,4,7,0,0,4,0,0,7,0,2,0,3,1,2,1,3,1,3,0,0
215094632,10,9,1,0,4,1,0,2,1,1,0,2,0,2,0,3,0,2,0,0
216425083,2,0,0,6,3,5,0,12,0,0,1,1,2,2,0,0,0,2,0,0
216843598,11,9,4,0,8,2,0,0,1,2,0,4,0,2,1,2,0,5,0,0
217102605,2,1,0,3,5,0,0,8,0,0,0,1,1,1,1,1,0,1,4,0
217125078,3,4,1,0,4,1,0,7,0,2,0,5,0,3,0,3,0,5,1,0
217755818,8,6,0,1,3,2,0,6,0,3,2,5,0,4,0,2,0,5,0,0
219734978,3,5,2,0,4,0,0,0,0,0,0,6,0,3,0,2,0,3,0,0
220495254,2,3,0,0,2,2,0,5,1,1,0,2,0,2,1,1,0,3,2,0
221076839,7,3,2,1,8,6,0,8,1,1,0,1,0,1,1,1,1,2,0,1
221860478,0,3,0,2,2,1,0,10,0,1,0,2,0,4,0,1,0,2,1,0
223723963,6,9,5,4,10,2,0,7,0,2,1,0,0,0,4,2,0,1,0,0
224537651,3,11,6,0,8,0,0,2,2,2,0,0,0,0,1,0,0,0,0,0
228632409,1,3,3,1,9,1,0,4,0,1,1,1,0,2,3,0,1,2,0,0
230482203,3,5,2,0,4,1,0,5,0,3,0,3,0,3,0,0,0,1,0,0
231394414,3,3,2,1,3,1,0,3,0,0,1,4,0,3,0,0,0,3,0,0
231437954,4,1,0,2,3,4,0,6,0,1,1,2,0,1,0,2,0,2,0,0
231504760,1,2,1,0,3,1,0,2,1,1,0,5,0,3,1,1,0,4,0,0
232879450,4,1,0,0,8,2,0,1,0,2,0,8,0,3,2,1,0,5,0,0
232966371,3,3,2,1,5,2,0,6,0,1,0,1,0,1,1,0,0,1,0,0
234217263,10,7,1,1,5,2,0,1,0,2,0,1,0,0,2,3,0,3,0,0
234343554,5,2,0,2,5,3,0,5,0,0,0,0,0,0,0,0,0,3,1,0
241248870,0,0,0,2,3,2,0,8,0,1,1,1,0,2,1,1,0,2,0,1
242578253,4,3,3,1,10,4,0,8,0,2,0,2,0,2,3,2,1,3,0,0
245962134,2,2,0,2,4,2,0,7,0,2,0,4,0,2,0,1,0,3,1,0
247493124,4,0,0,4,4,3,0,10,0,0,2,0,0,0,0,0,0,0,0,0
247879295,6,4,1,2,2,2,0,4,0,2,1,1,0,1,0,1,0,1,0,0
252789647,4,5,1,1,7,3,0,6,0,0,0,0,0,0,0,2,0,1,0,0
255301831,3,5,3,2,6,0,0,10,1,3,0,11,1,6,1,3,0,7,1,0
256912270,18,13,4,7,15,7,0,22,1,3,3,0,2,0,2,3,0,4,1,0
257855231,5,5,1,0,4,1,0,3,0,1,0,0,0,1,2,2,0,1,0,0
258170890,7,4,0,1,3,1,0,1,0,1,0,4,0,2,0,2,0,3,0,0
259224136,1,0,1,2,10,1,0,7,0,3,2,4,0,2,5,0,1,2,0,0
261040408,1,3,0,0,4,1,0,6,0,2,0,3,0,3,1,0,0,3,0,0
261770083,4,5,2,2,10,3,0,7,0,2,0,5,0,2,0,0,0,1,0,0
262042269,3,4,0,4,7,4,0,13,0,2,2,10,0,7,1,0,1,7,2,0
262281323,3,2,1,0,4,5,0,6,0,0,0,3,0,3,1,0,0,2,1,0
264538738,3,4,0,1,6,0,0,8,0,2,0,0,2,0,3,2,0,1,1,0
265475482,6,5,0,1,2,3,0,4,0,1,0,0,0,0,0,4,0,2,2,0
267761553,3,1,0,1,2,2,0,7,0,0,0,1,1,2,2,1,0,1,0,0
268166351,6,4,0,0,2,1,0,1,0,3,0,9,0,5,0,3,0,8,0,0
271453234,2,1,1,0,7,2,0,5,0,1,0,4,0,2,0,0,0,1,0,0
273264984,9,10,2,1,5,1,0,1,1,3,0,0,0,0,0,3,0,0,0,0
274606582,2,3,1,0,2,1,0,8,1,0,0,2,0,2,0,1,0,2,0,1
275902569,5,5,1,6,11,2,1,15,1,2,2,4,2,3,2,1,0,2,0,0
279296394,2,8,5,0,10,2,0,3,1,1,0,1,0,1,1,0,0,0,0,0
279346369,2,3,1,1,3,0,0,3,0,0,0,9,0,7,0,0,0,7,0,0
279417704,0,0,0,1,8,2,0,6,0,2,0,1,1,1,2,1,0,1,0,0
282433434,5,4,2,3,4,1,0,5,1,1,0,0,0,0,0,1,0,0,0,0
285855563,3,4,0,0,1,0,0,0,1,3,0,6,0,4,0,0,0,5,0,0
287139602,6,5,0,0,4,2,0,3,0,2,0,4,0,2,0,1,0,2,0,0
290228172,3,4,0,1,7,0,0,3,0,3,0,0,1,0,2,1,0,0,1,0
292122607,6,4,1,1,12,4,0,13,1,3,1,3,1,1,3,2,0,0,0,0
292404233,2,2,0,2,2,1,0,9,0,2,0,1,0,0,0,1,0,0,1,0
294197069,0,0,0,4,1,1,0,9,0,1,2,1,0,2,0,1,0,2,0,0
296655088,4,10,7,0,8,0,0,0,0,1,0,0,0,0,0,0,0,0,0,0
296983115,1,4,2,1,6,0,0,3,0,1,0,2,0,1,2,0,0,1,0,0
298349771,2,2,1,1,8,1,0,5,1,4,0,4,0,3,3,0,1,2,0,0
298722514,5,8,6,2,12,3,0,10,2,2,1,2,0,0,2,2,0,0,1,0
299500446,2,2,0,2,8,1,0,7,0,1,0,0,1,0,1,0,0,0,0,0
299954894,1,6,4,1,7,0,0,3,2,3,0,0,1,0,1,0,0,0,0,0
300249344,7,5,1,4,9,0,0,15,0,3,1,5,2,5,0,2,1,3,1,0
305708414,3,3,0,1,5,0,0,6,0,1,0,1,0,2,0,1,0,1,0,0
308398930,0,0,0,0,3,0,0,1,0,1,0,10,0,6,0,1,0,5,0,0
312289453,9,5,1,1,4,4,0,5,0,2,0,1,1,0,0,4,0,0,1,0
312983278,4,9,6,1,8,1,0,4,3,2,0,3,0,1,1,2,0,3,0,0
314280045,21,16,6,8,30,13,0,42,2,7,5,18,4,13,10,5,1,15,1,1
315350374,0,1,0,0,3,1,0,8,0,0,0,2,1,1,2,0,0,1,0,0
316149814,6,8,1,3,6,1,0,9,0,2,0,7,0,7,1,3,0,5,1,0
317175888,12,7,1,2,3,5,0,5,0,2,0,3,0,1,0,2,0,3,0,0
320172129,5,5,3,2,10,3,0,4,0,1,0,7,2,4,0,3,0,6,0,0
321405392,2,3,1,2,4,1,0,7,0,2,1,0,0,0,2,1,0,0,0,0
328442854,5,3,0,0,2,1,0,2,0,1,0,5,0,5,0,2,0,5,0,0
328530773,8,13,6,0,6,0,0,2,3,3,0,5,0,3,0,2,0,2,0,0
333094752,0,2,0,2,7,1,0,13,0,0,1,0,0,3,0,1,0,0,1,0
336395778,7,3,0,1,5,3,0,2,0,2,0,1,0,1,2,2,0,2,0,0
337999889,5,3,0,1,2,1,0,4,0,0,0,3,0,2,0,2,0,4,0,0
338150496,4,3,0,1,5,4,0,3,0,0,0,0,0,0,1,2,0,1,0,0
341309838,8,8,0,0,1,0,0,1,1,4,0,2,0,1,0,5,0,2,0,0
343669855,7,4,2,2,7,2,0,2,1,1,0,1,0,0,0,0,0,0,0,0
346920086,3,3,1,0,2,0,0,1,1,0,0,5,0,3,1,2,0,4,0,0
348668520,0,0,0,1,3,1,0,2,0,0,0,9,0,6,0,0,0,6,0,0
350886335,4,5,0,3,10,2,0,10,0,2,1,9,0,7,2,1,1,6,0,0
351905457,7,8,2,1,4,1,0,1,0,2,0,0,0,0,0,3,0,1,0,0
352574155,9,11,1,0,1,1,0,2,2,5,0,2,0,1,0,4,0,2,0,0
358099513,8,8,0,1,3,1,0,1,0,1,0,1,0,1,1,3,0,2,0,0
359241325,6,4,0,0,6,2,0,1,0,0,0,1,0,1,1,1,0,2,0,0
360120737,3,1,0,4,2,1,0,10,0,0,1,0,0,0,2,1,0,1,2,0
360181653,1,1,1,4,5,1,0,8,0,0,0,0,0,0,1,1,0,1,0,0
360589775,6,8,2,0,8,0,0,2,1,3,0,2,1,2,0,2,0,2,0,0
366810310,6,5,1,0,3,3,0,5,0,0,0,0,0,1,0,2,0,1,0,0
371670354,4,8,1,0,2,0,0,3,1,3,0,4,0,3,0,2,0,3,0,0
372305165,5,4,0,2,3,1,0,5,0,3,0,3,1,1,0,1,0,1,0,0
375071935,1,1,0,1,5,3,0,8,0,0,0,0,0,1,1,1,0,1,1,1
392152686,4,10,3,1,2,0,0,4,3,4,0,0,1,0,1,4,0,1,0,0
394043323,10,10,0,0,2,0,0,0,0,3,0,2,0,2,0,5,0,1,0,0
395936119,4,4,0,1,1,0,0,2,0,3,0,9,0,7,0,1,0,8,0,0
400344744,1,1,0,3,8,0,0,5,0,3,0,1,1,0,2,0,0,0,2,0
403546836,8,5,3,2,5,2,0,5,1,1,0,4,0,2,0,4,0,4,0,0
404433674,5,8,4,0,5,0,0,2,1,0,0,0,0,0,0,2,1,0,0,0
409056483,1,2,1,3,6,1,0,11,2,1,2,0,0,2,2,0,0,1,0,0
411109617,6,3,3,0,5,2,0,1,1,1,0,2,1,1,0,1,0,2,0,0
411555338,0,0,0,1,6,2,1,8,0,1,1,1,0,2,2,0,0,1,1,0
412270468,0,2,1,1,5,2,0,9,0,1,0,5,0,4,1,2,0,6,0,0
412313847,3,3,2,1,4,0,0,5,0,2,0,4,1,1,0,0,1,0,0,0
415466942,2,1,0,0,3,1,0,6,0,0,1,5,0,4,0,0,0,5,0,0
415928379,2,0,0,4,2,2,0,9,0,1,2,1,0,1,2,0,2,0,0,0
428134485,3,3,0,2,5,3,0,4,0,0,0,1,0,1,1,2,0,1,0,0
430289324,3,4,3,2,6,0,0,3,1,0,2,1,0,1,1,0,0,1,0,0
431241599,8,6,0,0,1,1,0,2,0,2,0,1,0,2,1,3,0,4,1,0
434069472,1,0,0,1,5,1,0,3,0,0,0,8,0,6,0,1,0,5,0,0
435598498,14,10,1,0,4,4,0,5,0,2,0,8,0,5,1,6,0,6,0,0
447694327,3,3,0,2,6,2,1,8,0,1,1,2,0,2,0,2,0,2,1,0
452474768,23,14,1,4,9,9,0,22,0,4,2,3,0,2,0,8,0,7,1,0
452992752,5,7,2,0,2,0,0,1,0,3,0,2,0,1,1,2,0,1,0,0
469726727,6,8,2,4,5,2,0,7,3,3,0,4,1,2,1,2,0,3,2,0
471020725,1,1,1,3,2,2,0,7,0,1,0,3,0,2,0,0,0,2,1,0
472167369,3,2,0,1,10,2,0,9,0,0,0,4,0,3,1,1,0,2,1,0
473138161,5,4,0,0,4,0,0,1,0,2,0,3,0,2,0,3,0,2,0,0
475403354,20,11,3,4,13,15,0,19,0,1,0,5,0,2,2,7,1,7,0,0
479011989,1,0,0,1,7,2,0,6,0,0,0,4,0,4,0,0,0,1,0,0
486792327,10,7,3,1,7,4,0,12,0,0,1,0,0,1,0,1,0,1,0,0
494560735,4,6,0,0,5,1,0,3,2,3,0,8,0,5,0,2,0,6,0,0
495531352,5,4,0,1,4,3,0,5,0,0,1,1,0,1,0,4,0,1,0,0
503278441,9,6,1,1,3,3,0,2,0,1,1,0,0,0,0,2,0,3,0,0
503302496,1,4,1,0,2,0,0,0,4,4,0,7,0,6,0,0,0,5,0,0
511732442,3,2,0,2,10,3,0,12,0,1,1,1,1,1,0,0,0,0,1,0
522202660,5,3,0,5,3,0,0,8,0,2,2,3,1,0,0,0,0,0,1,0
525419573,7,7,4,0,4,1,0,1,1,2,0,0,0,0,0,1,0,2,0,0
532184010,3,1,0,4,6,1,0,6,0,1,0,3,3,1,1,0,0,1,0,0
538363930,1,1,0,2,4,2,0,7,0,1,0,4,0,1,1,0,0,3,0,0
541078557,3,0,0,2,6,2,0,6,0,1,1,3,0,1,1,0,0,1,1,0
546193388,0,1,0,2,9,2,0,13,0,1,1,1,0,0,1,0,0,1,1,0
550776877,7,7,0,4,8,5,2,13,1,2,2,2,0,2,2,4,0,2,1,0
553063343,9,9,3,0,3,1,0,3,1,3,0,0,0,0,0,4,0,0,0,0
560746808,6,5,1,1,3,2,0,6,0,0,0,2,0,1,0,3,0,2,0,0
567921593,6,6,1,0,4,3,0,4,0,0,0,3,0,2,0,4,0,3,1,0
568018389,5,3,0,0,4,3,0,3,0,2,0,3,0,2,2,0,0,2,0,0
574791964,3,0,0,1,2,3,0,7,0,1,0,2,0,2,1,1,1,2,0,0
575432214,6,4,2,2,5,1,0,5,1,1,1,1,0,1,0,1,0,0,0,0
579690854,1,3,3,0,4,1,0,2,3,2,0,4,0,3,0,0,0,2,0,0
580420942,9,13,8,1,11,2,0,6,2,6,0,9,0,3,1,2,0,5,0,0
583337240,7,12,7,2,17,3,1,8,0,0,1,5,0,3,1,1,0,2,0,0
612721374,2,1,0,2,3,2,0,9,0,0,1,1,0,2,1,2,0,1,0,0
614023747,0,2,2,0,5,0,0,1,1,0,0,8,0,7,1,0,0,5,0,0
616273646,1,0,0,2,2,1,1,4,0,0,1,10,0,7,0,0,0,7,0,0
629795530,2,5,2,10,12,2,0,22,0,1,4,2,1,2,3,0,0,1,4,0
632162285,10,5,1,0,4,5,0,5,0,0,0,5,0,2,1,4,0,5,0,0
634056108,4,5,0,1,5,2,0,6,0,0,0,11,0,5,0,2,0,4,0,0
638508880,2,5,0,5,12,6,1,23,0,2,2,8,2,9,1,0,0,5,2,0
638556093,2,2,0,3,2,4,0,10,0,1,1,0,0,1,0,0,0,1,0,0
641647532,5,3,0,2,5,3,0,9,0,2,0,6,1,2,0,2,0,2,0,0
645156016,7,7,1,0,2,3,0,8,1,4,0,11,0,9,0,4,0,10,0,0
648251639,0,0,0,0,0,0,0,2,0,0,0,9,0,7,0,0,0,7,0,0
655503758,2,2,1,2,5,0,0,6,1,2,0,1,1,0,0,1,0,1,0,0
660116383,4,4,0,1,1,0,0,2,0,3,0,5,0,2,0,1,0,3,0,0
660931636,6,10,1,1,5,0,0,3,2,4,0,6,0,3,0,3,0,2,0,0
665573600,6,6,1,1,3,1,0,2,0,1,0,3,0,3,0,2,0,2,1,0
671319782,7,3,2,1,2,3,0,4,0,2,0,2,0,2,1,1,0,4,0,0
684534814,4,4,0,2,3,0,1,2,1,3,1,1,0,0,1,2,0,0,1,0
684897807,7,6,1,3,3,1,0,5,0,2,1,6,1,3,0,2,0,6,1,0
697886184,5,7,3,0,7,2,0,3,0,2,0,3,0,2,0,2,0,2,0,0
708963519,10,10,2,2,8,2,0,8,2,2,1,5,0,3,3,4,0,6,1,0
715230854,6,4,0,0,3,3,0,3,0,1,0,0,0,1,2,2,0,1,0,0
717872394,5,8,6,1,4,0,0,1,2,2,0,2,0,1,0,0,0,1,0,0
720520772,5,6,0,0,2,3,0,5,0,1,0,0,0,1,0,3,0,1,1,0
738760410,2,2,1,0,5,0,0,3,1,1,0,11,0,7,0,0,0,5,0,0
744783276,6,8,3,9,13,4,0,27,1,2,3,4,1,4,3,3,0,5,1,0
767733523,5,3,2,0,5,1,0,3,1,0,0,3,0,1,0,3,0,1,0,0
778755634,7,7,2,0,8,1,0,0,1,3,0,4,1,2,0,1,0,2,0,0
789250998,1,2,2,1,6,0,0,6,1,0,1,0,0,1,0,1,0,1,0,0
809367980,1,3,3,1,4,1,0,6,1,1,1,0,0,0,2,0,0,1,0,0
811072994,2,1,1,0,6,0,0,4,1,1,0,9,1,3,1,2,0,5,0,0
815873948,1,3,0,0,5,2,0,8,0,2,0,2,0,2,1,0,0,1,0,0
823583930,10,13,6,2,10,2,0,8,3,4,0,3,0,1,1,6,0,3,0,0
825395124,1,3,2,0,4,0,0,1,0,1,0,6,0,5,0,0,0,3,0,0
846394559,10,5,0,0,2,2,0,2,0,0,1,0,0,0,0,4,0,2,0,0
856306407,7,8,3,5,6,2,0,10,2,4,0,5,1,3,0,2,0,4,1,0
856778326,6,6,3,1,6,2,0,4,0,1,0,7,0,3,1,0,0,5,1,0
862020454,13,11,0,1,11,4,0,11,0,4,1,5,1,4,0,2,0,3,0,0
866425574,4,4,1,0,7,2,0,6,0,2,0,2,0,0,2,1,0,0,1,0
879662664,8,5,0,0,2,2,0,4,0,0,0,0,0,0,0,3,0,2,0,0
884359330,5,4,1,0,7,1,0,2,1,1,0,10,0,4,1,3,0,5,0,0
899455682,8,3,1,0,3,4,0,4,0,0,0,1,0,1,0,2,0,2,0,0
923239371,8,6,1,2,7,1,0,4,0,1,0,2,0,1,0,3,0,3,0,0
948504943,4,7,2,0,7,1,0,1,1,3,0,1,0,0,0,1,0,0,0,0
967322762,12,9,0,1,6,4,0,4,0,2,0,4,1,3,0,3,0,6,0,0
968459925,6,6,1,0,3,0,0,2,0,3,0,6,0,4,0,2,0,3,0,0
972509737,6,5,1,0,5,1,0,2,0,1,0,3,0,1,0,2,0,0,1,0
1002843422,9,5,1,1,4,5,0,10,0,2,1,7,0,4,0,2,0,5,0,0
1011058916,2,1,0,1,4,2,0,6,0,0,0,2,0,3,1,1,1,0,0,0
1017910928,2,6,2,2,8,1,0,13,1,1,0,2,0,3,3,0,0,1,2,1
1025362559,6,5,0,0,3,1,0,1,0,2,0,2,0,1,0,3,0,2,0,0
1025759673,2,3,0,4,4,3,0,7,1,2,0,3,1,2,0,1,0,3,0,0
1039150158,7,12,4,0,8,1,0,3,3,2,0,2,0,2,1,4,0,2,0,0
1039286567,9,15,7,0,7,0,0,2,1,2,0,2,0,0,0,5,0,1,1,0
1039773790,5,2,0,2,5,3,0,6,1,1,1,2,0,2,0,1,0,0,0,0
1043120665,3,3,1,1,5,2,0,3,0,1,0,5,0,2,0,0,0,2,0,0
1055303528,6,7,2,2,3,1,0,1,1,2,0,1,0,1,0,1,0,1,0,0
1063503088,4,2,0,1,2,2,0,5,0,0,0,4,0,2,0,4,0,3,0,0
1065960060,7,4,1,5,7,3,0,9,1,1,1,2,2,0,0,0,0,0,0,0
1100062837,2,2,1,1,6,1,0,3,0,0,0,5,0,4,1,1,0,1,0,0
1102800163,4,3,0,2,1,1,0,3,0,1,0,4,0,2,0,2,0,3,0,0
1116383740,5,8,2,1,6,0,0,4,0,3,0,1,3,0,0,1,0,1,0,0
1132229011,5,2,0,1,6,3,0,6,0,1,0,6,0,5,1,2,0,6,0,0
1133913407,4,3,1,2,5,2,0,5,0,2,0,2,1,2,0,1,0,2,0,0
1138283204,12,8,0,1,2,2,0,4,0,0,0,1,0,0,0,6,0,4,0,0
1140087413,5,4,2,1,7,2,0,8,1,3,0,4,0,1,1,0,0,0,0,0
1143680404,2,3,3,2,8,2,0,7,0,1,1,3,0,2,2,0,0,2,0,0
1144267758,0,1,0,0,4,2,0,7,0,1,0,5,0,5,0,0,0,2,1,0
1147369538,5,6,2,0,5,0,0,1,0,1,0,5,0,4,0,3,0,4,0,0
1157415890,6,6,2,3,6,1,0,5,1,1,0,1,2,1,1,2,0,2,2,0
1161025283,2,6,4,1,5,0,0,3,2,0,0,5,0,1,0,1,0,1,0,0
1161426987,8,7,1,0,5,2,0,1,0,2,0,3,1,3,1,2,0,4,0,0
1184101589,3,1,0,2,2,4,0,8,0,0,2,2,0,1,0,1,0,3,0,0
1193988493,6,5,2,3,5,3,0,6,0,0,0,2,0,2,0,1,0,3,0,0
1216159762,2,1,0,6,6,2,0,22,0,0,4,2,0,3,1,2,1,0,1,0
1225817302,0,0,0,1,1,0,0,3,0,1,0,10,0,6,0,0,0,4,0,0
1251647102,3,6,4,1,3,0,0,1,1,1,0,5,1,2,0,2,0,3,0,0
1254946073,7,9,2,0,8,1,1,4,1,2,1,14,0,7,0,1,0,8,0,0
1255350781,5,4,1,1,3,1,0,8,0,0,2,2,0,2,0,2,0,2,0,0
1269837896,7,3,0,1,2,1,0,3,0,3,0,9,0,5,0,2,0,7,0,0
1273752263,1,2,1,0,5,1,0,5,1,0,0,3,1,3,2,1,0,1,0,0
1276242084,5,3,1,1,2,1,0,4,1,0,0,1,1,0,1,2,0,1,0,0
1280190952,1,4,3,0,7,2,0,5,2,3,0,8,0,4,1,1,0,3,0,0
1287515713,3,2,0,2,2,0,0,2,0,2,0,5,1,2,0,1,0,2,0,0
1289255315,8,8,4,1,4,0,0,2,2,3,1,0,0,0,0,0,0,2,0,0
1292486251,3,4,3,2,7,1,0,6,0,0,1,2,0,1,3,2,0,2,0,0
1296554410,5,5,4,2,9,2,0,7,1,1,1,7,0,3,1,2,0,6,0,0
1299054960,7,9,4,2,20,6,0,22,0,2,0,15,2,11,3,4,0,11,0,0
1311876129,5,5,0,0,2,2,0,7,0,0,2,0,0,1,0,3,0,3,0,0
1314055649,9,16,9,4,9,0,0,8,1,3,1,0,0,0,0,1,1,0,1,0
1315690311,5,11,7,0,7,0,0,1,2,2,0,0,0,0,0,1,0,0,0,0
1324513440,4,2,1,0,7,2,0,4,0,2,0,4,0,1,0,1,1,2,0,0
1325644984,7,6,0,1,1,3,0,4,0,0,1,1,0,1,0,2,0,4,0,0
1333551752,6,4,0,1,6,2,0,4,0,3,1,2,1,1,1,1,1,1,1,0
1334093717,6,11,6,0,6,0,0,1,0,1,0,0,0,0,0,2,0,0,0,0
1338630365,17,16,6,5,15,6,0,16,1,6,2,9,1,4,6,2,0,4,0,1
1353435496,14,13,2,1,10,2,0,6,1,2,0,6,0,3,0,7,0,4,0,0
1355182378,1,2,1,3,6,1,0,6,0,1,1,0,0,1,2,0,1,0,0,0
1358007136,1,3,2,2,6,0,0,5,1,2,0,0,1,0,2,0,1,0,0,0
1359440186,8,11,4,0,3,0,0,2,0,2,0,2,0,1,0,5,0,1,0,0
1364528428,10,10,4,5,11,6,0,17,1,2,3,6,0,5,0,3,0,9,0,0
1366763838,0,2,2,1,5,2,0,5,2,1,0,1,1,2,1,1,0,1,1,1
1376824398,1,0,0,1,8,2,0,7,0,0,0,0,0,1,3,0,0,0,0,0
1379454798,4,5,1,0,9,2,0,13,0,4,0,10,0,8,3,3,0,7,1,0
1387987715,1,2,1,3,7,2,0,6,0,0,1,0,0,0,1,0,0,0,1,0
1389593164,4,10,8,0,8,0,0,1,2,2,0,0,0,0,1,0,0,0,0,0
1391462387,2,3,1,3,13,2,0,16,1,6,2,7,3,7,8,0,0,6,1,0
1392315918,3,5,1,1,5,1,0,3,1,3,0,1,0,1,1,0,1,1,0,0
1392852220,6,5,0,0,3,1,0,2,0,1,0,2,0,2,0,4,0,3,0,0
1393620554,6,5,1,0,5,2,0,3,0,2,0,1,0,1,2,3,0,2,0,0
1393951578,3,4,2,0,5,1,0,3,1,2,0,3,0,1,2,0,0,1,0,0
1394193081,2,3,0,2,7,2,0,6,2,1,0,6,1,4,1,1,0,3,0,0
1398118066,6,5,3,0,5,1,0,1,1,1,0,3,0,0,0,0,0,3,0,0
1402637829,3,3,1,1,10,2,0,2,2,3,0,0,0,0,3,0,0,0,0,0
1405168347,6,5,0,2,5,5,0,12,0,3,0,2,0,1,1,2,0,0,1,0
1410032225,3,3,0,2,6,1,0,7,0,3,0,2,0,1,0,1,0,0,1,0
1413073794,10,9,1,1,7,0,0,1,1,2,0,4,0,3,0,4,0,2,0,0
1417239490,6,7,1,2,8,1,0,8,1,3,0,2,1,1,2,2,0,1,1,0
1418823465,3,5,3,2,10,1,0,10,2,5,1,7,0,3,4,0,0,2,1,0
1419627656,2,1,2,2,9,5,0,9,0,1,2,3,0,3,2,0,0,2,0,0
1419675471,3,4,0,1,3,1,0,6,0,2,0,6,0,6,0,1,0,4,1,0
1420003633,11,13,5,1,12,2,0,3,2,3,0,6,0,3,0,4,0,2,1,0
1421027746,3,2,0,0,3,1,0,0,0,0,0,7,0,3,0,2,0,3,0,0
1422222559,10,8,1,0,3,2,0,1,0,0,0,0,0,0,0,3,0,3,0,0
1424021157,1,1,0,3,5,4,0,10,1,2,0,1,1,1,0,0,0,1,1,0
1424986934,6,6,3,1,3,0,0,1,1,3,0,3,0,0,0,2,0,0,0,0
1426028567,7,10,4,4,20,6,2,17,1,3,3,9,0,6,2,1,2,7,0,0
1434008330,5,5,1,2,7,1,0,10,1,0,1,2,2,0,2,1,1,1,0,0
1436127644,1,2,0,0,1,3,0,9,0,1,0,1,0,2,1,1,0,3,0,0
1440849608,4,2,0,1,7,3,0,4,0,2,0,1,0,0,0,1,0,0,1,0
1443757437,7,4,1,0,7,4,0,3,0,4,0,1,0,0,2,1,0,1,0,0
1445796622,7,7,1,4,7,4,0,13,1,4,0,4,0,2,3,2,0,1,2,0
1446823256,1,1,0,1,3,1,0,5,0,1,0,3,1,1,0,2,0,2,1,0
1448238257,12,6,1,1,7,5,0,6,0,1,0,3,0,1,0,3,0,4,0,0
1453532351,6,6,1,0,4,1,0,4,0,1,0,4,0,2,1,3,0,0,0,0
1457477156,11,14,7,0,9,1,0,3,2,1,0,4,0,1,0,3,0,2,0,0
1458100962,6,4,1,0,7,2,0,2,0,1,0,6,0,3,1,3,0,2,0,0
1460987538,5,4,0,0,5,0,0,4,0,1,0,6,0,2,1,4,0,2,0,0
1461026064,5,4,0,1,1,0,0,2,0,1,0,3,0,2,0,5,0,3,0,0
1461546139,2,2,0,2,4,2,0,7,1,2,1,6,1,3,0,1,0,3,0,0
1461876565,2,3,3,1,7,3,0,6,1,2,0,0,1,0,0,0,0,0,1,0
1467295146,12,7,3,0,9,6,0,6,0,0,0,4,0,2,1,3,0,3,0,0
1467995324,3,2,0,3,2,1,0,7,0,0,0,10,1,8,1,2,0,7,1,0
1469572921,8,7,0,1,3,1,0,4,0,2,0,0,0,1,0,3,0,3,1,0
1470549370,9,9,2,6,8,6,1,18,0,2,3,8,1,7,0,4,0,7,0,1
1475483937,4,0,0,3,3,5,0,7,0,0,0,1,0,0,0,1,0,1,0,0
1477078769,14,13,4,5,17,4,1,20,0,0,2,5,2,4,3,6,1,5,1,0
1477652757,3,1,0,0,4,2,0,5,0,2,0,8,0,6,0,1,1,7,0,0
1481456390,3,1,0,1,4,1,0,6,0,2,0,2,0,1,2,1,1,3,0,0
1481742064,2,4,0,1,7,0,0,5,1,3,0,3,1,2,2,0,0,1,0,0
1484985504,12,15,7,5,13,4,0,8,1,4,2,7,0,4,0,3,0,2,1,0
1488030957,7,3,1,0,4,4,0,2,0,1,0,2,0,1,0,3,0,1,0,0
1488892120,13,11,5,4,8,3,0,8,1,1,1,8,0,5,0,4,0,7,1,0
1489099970,6,4,0,0,3,2,0,3,0,1,0,2,0,1,0,3,0,2,0,0
1498608397,17,9,2,1,14,8,0,17,0,4,1,9,0,4,1,4,0,7,0,0
1501322211,8,8,0,1,7,4,0,5,0,3,0,1,1,1,0,2,0,3,0,0
1503902393,0,0,0,0,2,1,0,4,0,2,0,13,0,6,0,1,0,6,0,0
1504911570,10,3,0,0,2,6,0,3,0,1,0,2,0,1,0,1,0,3,0,0
1506389240,6,3,1,1,6,2,0,5,0,1,1,6,0,2,0,1,0,4,1,0
1519544765,5,3,0,2,8,3,0,8,0,1,0,3,1,1,0,1,0,2,1,0
1519776978,12,11,1,1,6,0,0,6,1,2,2,2,0,2,0,4,0,3,0,0
1521428538,10,7,0,0,4,3,0,2,0,2,0,1,0,0,0,3,0,1,0,0
1522444850,2,5,0,2,4,0,0,5,0,2,0,2,0,0,2,1,0,0,1,0
1523147326,8,7,1,0,3,1,0,3,0,2,0,1,0,0,0,5,0,2,1,0
1526626604,8,8,0,0,2,0,0,2,0,3,0,1,0,0,0,5,0,1,0,0
1527743384,2,0,1,0,5,2,0,3,1,1,1,5,1,5,1,1,0,6,0,0
1529226155,9,7,0,0,3,3,0,1,1,0,0,0,0,0,0,4,0,1,0,0
1530007042,6,6,1,1,1,1,0,4,0,2,0,6,0,5,0,3,0,6,0,0
1535136088,6,4,1,0,4,1,0,0,0,0,0,4,0,1,0,3,0,1,0,0
1536175945,3,4,2,1,4,1,0,1,1,2,0,5,0,3,1,1,0,4,0,0
1538748817,2,2,0,0,3,1,0,7,0,0,0,5,1,2,1,2,0,3,0,0
1542995711,3,2,2,4,3,1,0,6,2,1,0,1,0,1,1,1,0,0,3,0
1546389945,2,3,0,5,2,4,0,8,0,1,1,0,0,1,0,0,0,0,1,0
1548170375,10,7,0,0,1,2,0,2,0,1,0,1,0,1,0,3,0,4,0,0
1550503289,3,3,0,1,5,1,0,5,0,3,0,4,1,1,0,0,0,1,0,0
1551207449,14,11,2,4,10,5,0,13,0,5,2,6,2,3,1,3,0,5,2,0
1552923819,25,19,7,8,20,9,0,21,2,4,0,13,3,7,3,5,0,12,1,0
1553380683,7,10,3,4,15,4,0,13,1,6,1,4,1,1,4,1,1,0,0,0
1559568209,3,0,0,1,5,2,0,5,0,0,1,5,1,4,1,1,0,3,0,0
1560021733,9,7,0,0,2,3,0,2,0,2,0,3,0,1,0,6,0,3,0,0
1562902510,10,8,2,1,7,4,0,8,1,0,0,2,0,3,0,1,0,3,0,0
1563005702,2,4,2,0,4,0,0,3,0,0,0,3,0,1,1,1,0,3,0,0
1563948437,2,2,0,2,5,3,0,6,1,1,1,6,0,2,0,1,0,2,0,0
1565965854,9,15,6,0,9,0,0,1,1,3,0,1,0,1,0,3,0,1,0,0
1569338434,1,2,0,1,6,2,0,10,0,2,0,1,0,1,1,1,0,1,2,0
1573158665,6,4,0,2,0,2,0,3,0,1,1,2,0,1,0,3,0,3,0,0
1579611495,2,3,2,5,6,1,0,8,0,0,0,0,0,0,1,0,0,0,0,0
1579925435,9,8,5,0,7,3,0,3,1,2,0,0,0,0,1,1,0,1,0,0
1580748925,3,3,0,0,3,3,0,7,0,0,1,3,0,4,1,0,0,1,0,0
1583592730,12,14,2,2,7,3,0,9,2,3,1,2,0,2,1,5,0,4,1,0
1588134813,8,3,1,1,1,4,0,10,0,2,1,3,0,0,0,1,0,4,0,0
1593190386,8,4,0,0,2,3,0,4,0,2,0,3,0,2,1,3,0,5,0,0
1595205849,2,5,2,2,7,1,0,4,1,2,0,0,1,0,2,2,0,0,1,0
1596055973,3,5,1,0,2,0,0,1,1,2,0,5,0,4,0,3,0,4,0,0
1596586704,5,3,2,1,6,3,0,4,1,1,0,0,0,0,0,0,0,0,1,0
1597935303,3,2,0,1,2,1,0,4,0,1,0,2,0,1,0,3,0,5,0,0
1599931718,2,0,0,1,5,2,0,7,0,1,0,1,2,1,0,0,0,1,0,0
1604932937,8,6,0,0,2,2,0,3,0,3,0,1,0,1,0,3,0,3,0,0
1605232928,2,3,0,5,5,2,0,8,0,0,1,4,1,4,1,0,0,3,0,0
1608132214,12,9,2,5,9,6,0,14,0,1,0,1,0,2,3,3,0,4,0,0
1611955418,5,4,1,0,0,1,0,0,0,0,0,5,0,3,0,3,0,4,0,0
1616755234,8,7,1,1,7,0,0,2,0,2,0,8,1,4,0,4,0,4,0,0
1618078218,15,13,3,1,8,6,0,11,1,2,0,0,0,2,1,6,0,4,0,0
1620763719,10,9,1,0,1,1,0,4,0,2,1,1,0,1,0,4,0,4,0,0
1626741396,3,5,0,2,5,1,0,5,0,1,0,1,1,2,2,1,0,0,1,0
1627334806,1,2,0,0,4,2,0,6,0,0,0,6,0,3,0,0,0,4,0,0
1634663431,0,2,1,1,8,0,0,9,0,1,0,3,0,2,2,0,1,1,0,0
1641572943,0,1,1,1,5,0,0,3,1,2,0,11,0,6,0,1,0,4,0,0
1642969779,12,11,4,4,14,3,0,15,0,3,0,1,3,0,2,4,0,5,0,0
1645935000,5,12,6,0,6,0,0,0,3,2,0,0,0,0,0,1,0,0,0,0
1646123077,2,5,0,7,12,7,0,29,1,3,1,10,0,7,4,3,1,6,2,1
1646451269,5,3,0,0,4,2,0,6,0,1,1,1,0,1,0,2,0,1,0,0
1649091265,4,5,1,0,5,1,0,3,0,2,0,6,0,3,0,3,0,5,0,0
1651959996,1,5,3,1,5,0,0,4,1,1,0,3,0,3,1,1,0,4,1,0
1652562938,15,12,1,7,17,11,0,25,2,5,2,2,3,3,5,4,0,6,1,1
1657397399,7,6,0,0,2,1,0,2,0,3,0,1,0,0,0,3,0,2,0,0
1663099289,3,2,0,0,3,1,0,3,0,3,0,8,0,4,1,1,0,2,1,0
1666885465,4,6,4,1,4,2,0,3,1,1,0,1,0,0,0,1,0,2,1,0
1672235808,3,4,1,1,3,3,0,13,0,2,0,4,1,5,0,2,0,4,1,1
1678150422,2,1,0,1,2,1,0,5,0,2,0,12,0,5,0,2,0,5,0,0
1679819691,5,3,0,2,4,1,0,7,0,0,2,3,0,2,0,1,0,0,0,0
1680077648,4,2,0,1,9,3,0,5,0,2,0,2,0,1,1,1,0,0,1,0
1687163937,3,3,1,2,7,1,0,6,0,1,1,0,0,0,1,0,0,0,0,0
1689542517,3,3,1,0,1,0,0,3,0,2,0,11,0,7,0,3,0,7,0,0
1693512401,3,5,2,1,4,0,0,3,1,2,0,1,0,0,1,1,0,1,0,0
1696213578,7,7,1,0,4,2,0,2,1,2,0,3,0,3,0,2,0,2,1,0
1698806993,5,9,4,2,7,1,0,6,3,4,0,2,1,1,0,2,0,1,0,0
1700572492,15,9,0,8,11,6,0,21,1,5,3,10,2,7,3,6,0,8,0,0
1702279000,12,12,0,0,4,1,0,2,1,3,0,3,0,2,0,5,0,3,0,0
1702296582,5,8,4,1,5,0,0,1,1,2,0,0,0,0,0,0,0,0,0,0
1705173397,5,4,2,3,8,2,0,12,0,4,2,2,2,0,1,0,1,0,0,0
1708575167,9,5,0,2,8,4,0,8,0,5,2,3,0,2,4,2,0,5,0,0
1708579038,6,3,2,2,5,2,0,6,0,2,1,2,1,0,0,1,0,0,0,0
1713258013,8,12,6,0,3,0,0,1,1,3,0,0,0,0,0,2,0,0,0,0
1713512149,7,9,3,0,4,1,0,3,0,4,0,5,0,4,0,5,0,5,0,0
1713923897,7,6,0,1,4,1,0,4,0,2,1,1,0,0,0,2,0,2,1,0
1722800205,6,6,1,0,5,1,0,4,3,2,0,3,0,2,1,2,0,2,0,0
1726403140,3,3,0,2,4,1,0,5,0,2,0,2,2,1,0,2,0,2,1,0
1731230631,8,7,0,0,2,4,0,5,0,1,0,0,0,2,0,2,0,1,0,0
1735617665,6,8,2,0,4,0,0,0,1,3,0,6,0,4,0,2,0,4,0,0
1737197428,9,9,1,2,2,1,0,6,1,3,1,2,0,2,0,4,0,2,1,0
1741169896,3,2,0,0,2,0,0,3,0,2,0,8,0,6,0,2,0,6,0,0
1742366202,2,2,2,0,3,1,0,4,0,0,0,6,0,3,0,1,0,3,0,0
1745499838,6,4,1,2,3,1,0,3,1,2,1,0,1,0,0,2,0,1,0,0
1751698261,3,2,0,1,6,2,0,4,0,1,0,1,0,0,1,1,0,2,0,0
1759039219,9,12,3,0,3,0,0,1,1,4,0,0,0,0,0,2,0,0,0,0
1761715577,2,3,0,0,2,1,0,7,0,1,0,4,1,3,0,2,0,1,0,0
1762866366,8,7,1,1,7,0,0,5,1,4,1,4,1,1,0,1,0,2,0,0
1765399259,5,9,4,0,7,3,0,6,1,4,0,7,0,4,0,4,0,3,0,0
1766509207,8,5,0,2,5,1,0,4,0,1,0,1,1,0,0,4,0,2,0,0
1772553355,6,6,2,0,2,1,0,1,0,1,0,3,0,1,0,3,0,2,0,0
1782724652,1,1,0,2,3,2,0,8,0,0,0,2,0,3,0,1,0,2,0,0
1783521198,9,5,0,2,6,5,0,13,0,3,0,7,0,4,1,1,1,4,1,0
1796497231,2,6,0,6,9,4,1,23,0,2,3,10,1,9,1,4,1,8,2,1
1797722409,3,3,2,2,4,3,0,3,1,1,0,2,0,3,0,0,0,3,0,0
1811312558,10,19,11,4,18,1,0,6,2,5,0,1,3,0,1,1,0,1,0,0
1812592807,3,7,4,3,3,0,0,4,1,3,1,1,2,2,0,0,0,1,0,0
1817043186,11,9,2,2,6,5,0,5,0,1,0,3,1,0,0,4,0,5,0,0
1818489059,7,5,1,3,6,5,0,16,0,2,0,5,0,3,1,3,0,4,1,0
1820546084,8,8,0,1,3,1,0,9,1,4,0,12,0,8,2,4,0,7,0,0
1821789691,3,3,0,1,4,1,0,6,0,0,1,4,0,2,0,3,0,3,1,0
1821848258,5,4,0,0,5,1,0,5,0,3,0,5,2,2,0,4,0,2,1,0
1822514832,1,2,0,1,4,0,0,3,0,2,1,4,1,2,0,3,0,2,0,0
1836827582,1,2,1,1,4,2,0,7,0,0,1,1,0,2,0,0,0,0,0,0
1838186172,3,2,2,0,7,0,1,4,1,1,0,4,0,1,0,1,0,3,1,0
1900593388,5,4,0,1,2,1,0,5,0,1,0,1,0,0,1,2,0,2,1,0
1902201257,9,8,2,3,8,1,1,16,0,2,2,1,1,1,1,3,0,2,1,0
1902637909,2,2,1,0,3,1,0,5,0,3,0,4,0,3,2,0,0,5,0,0
1903347635,0,4,3,1,6,0,0,4,0,1,1,1,1,1,2,0,0,2,0,0
1905338448,3,3,0,1,2,1,0,2,0,0,0,5,0,4,1,2,0,4,1,0
1906697567,4,2,0,2,2,2,0,6,0,0,0,3,0,2,0,3,0,1,0,0
1909359587,4,5,0,0,0,2,0,1,1,2,0,4,0,4,0,1,0,4,0,0
1909789657,10,7,0,1,7,4,0,8,0,2,0,2,0,1,1,3,0,2,0,0
1917844112,4,6,2,1,6,0,0,2,0,3,0,0,1,0,1,1,0,0,0,0
1921561439,8,11,2,1,6,2,0,8,2,5,1,2,0,0,1,4,0,1,0,0
1926050384,9,12,2,0,7,0,0,4,4,4,0,2,0,0,2,2,0,1,0,0
1927793130,0,1,0,2,5,2,0,9,0,2,0,4,0,2,0,0,0,0,2,0
1928326410,8,7,1,0,5,0,0,0,1,2,0,3,0,2,0,2,0,2,0,0
1931901983,0,3,2,1,4,0,0,2,2,2,0,4,0,3,1,0,0,3,0,0
1932911273,2,3,1,1,5,0,0,5,0,1,0,3,0,1,2,2,0,1,0,0
1937473911,0,1,0,2,11,4,0,14,0,1,0,5,0,3,0,1,1,2,1,0
1937539653,10,9,0,1,6,2,0,1,0,2,0,0,1,0,1,3,0,1,0,0
1946096135,7,4,0,2,3,2,0,5,0,0,0,1,0,0,0,3,0,1,0,0
1947427630,2,1,0,3,7,3,0,11,0,1,2,0,1,1,2,0,0,2,0,1
1948695937,3,2,0,1,2,1,1,3,0,1,1,6,1,4,0,1,0,5,0,0
1950650491,1,5,2,1,3,0,0,6,0,1,0,3,0,2,0,0,0,1,1,0
1951275506,6,4,0,1,5,2,0,5,0,1,1,0,1,0,2,1,0,0,0,0
1951335942,10,9,1,3,12,6,0,8,0,0,0,7,1,4,0,3,0,4,0,0
1952734459,9,9,1,0,4,3,0,3,0,2,0,3,0,1,0,5,0,2,0,0
1954337874,1,1,0,0,2,0,0,3,0,2,0,18,0,9,0,1,0,9,0,0
1955380138,5,1,0,0,5,7,0,5,0,0,0,0,0,0,2,0,0,0,0,0
1955402113,5,4,0,0,1,0,0,2,0,3,1,4,0,2,0,3,0,2,0,0
1956361102,1,0,0,2,2,1,0,7,0,0,1,1,0,0,1,0,1,1,0,0
1960743878,2,3,0,1,0,0,0,4,0,0,0,7,0,4,1,1,0,7,1,0
1961176888,7,5,0,1,7,3,0,7,0,1,0,5,0,3,1,2,0,4,0,0
1961389887,1,2,0,1,3,0,0,3,0,1,0,14,1,6,0,0,0,8,0,0
1964847304,4,2,1,2,8,2,0,6,0,2,0,7,0,3,2,1,0,4,0,0
1967667292,5,7,3,0,6,0,0,1,2,2,0,1,0,0,1,1,0,0,0,0
1970968599,16,16,4,7,22,9,0,26,1,5,1,10,2,8,2,6,0,7,1,0
1985299660,8,6,0,0,4,2,0,2,0,1,0,3,0,1,0,4,0,2,0,0
1991077202,16,12,3,4,9,5,0,13,0,3,0,5,1,2,0,4,0,5,0,0
1993158319,3,3,0,0,4,1,0,3,1,2,0,0,0,0,3,0,0,1,0,0
1994321955,9,10,3,0,8,1,0,0,0,1,0,1,0,0,0,3,0,0,0,0
1995229895,8,7,0,1,1,2,0,1,0,1,0,1,0,1,0,4,0,3,0,0
1998565607,4,3,1,0,3,2,0,8,0,1,0,3,1,2,2,0,0,2,0,0
2004057502,6,11,7,0,8,0,0,3,0,0,0,0,0,1,1,1,0,1,0,0
2004122937,6,6,1,1,4,1,0,3,0,1,0,0,0,0,1,3,0,1,0,0
2008971973,6,5,3,1,7,2,0,3,0,2,0,0,0,0,2,0,0,2,0,0
2008976914,6,5,0,0,3,1,0,1,0,1,0,4,0,3,0,3,0,5,0,0
2012327040,2,4,2,2,5,0,0,5,0,1,0,3,0,2,1,2,0,3,1,0
2015515462,7,7,2,0,4,4,0,2,1,1,0,0,0,0,0,3,0,2,0,1
2022144134,5,3,1,0,1,3,0,3,0,1,0,3,0,3,0,2,0,5,0,0
2026623301,5,4,0,0,3,1,0,2,0,3,0,6,0,2,0,2,0,2,0,0
2031528251,3,3,0,0,2,3,0,5,0,2,0,2,1,1,0,2,0,2,0,0
2031695550,1,1,0,0,3,0,0,1,0,0,0,8,0,6,0,1,0,5,0,0
2033306255,8,6,1,0,4,1,0,1,0,1,0,3,0,2,0,3,0,3,0,0
2034733901,6,3,1,2,9,3,0,8,0,0,1,2,0,1,0,0,0,3,1,0
2034802176,8,8,1,1,2,2,0,5,0,2,0,1,0,1,0,4,0,1,0,0
2043552008,4,4,1,4,3,1,0,8,0,0,1,3,0,2,0,1,0,2,0,0
2046839993,2,6,2,0,5,1,0,4,1,1,0,5,0,1,1,2,0,2,0,0
2052293157,9,8,0,0,2,3,0,3,1,4,0,3,0,0,0,4,0,2,0,0
2066668988,9,5,1,1,6,4,0,8,0,2,0,0,1,0,0,2,1,2,1,0
2077306310,2,2,2,1,5,0,0,1,1,1,0,7,1,3,1,0,0,4,0,0
2077898205,9,15,4,1,12,0,0,5,1,6,0,14,0,7,1,3,0,9,0,0
2079455220,6,7,1,3,3,1,0,6,0,0,0,0,0,0,1,2,0,1,1,0
2091067416,4,3,1,2,8,3,0,8,0,4,1,5,2,3,1,0,0,2,0,0
2094456819,5,3,0,1,4,1,0,2,0,1,0,3,1,2,1,2,0,2,0,0
2097076023,2,6,4,6,10,3,0,17,0,0,0,0,0,1,1,0,1,1,2,0
2098483421,5,2,0,2,4,3,0,7,0,1,0,3,0,3,1,1,0,4,0,0
2101822847,5,2,0,1,5,1,0,4,0,3,0,6,0,2,2,2,0,4,0,0
2103882201,19,12,4,2,13,9,0,12,0,3,1,12,0,7,3,6,0,9,0,0
2117127550,3,3,1,0,3,0,0,1,0,1,0,5,0,4,0,2,0,3,0,0
2119847702,9,10,4,4,9,4,0,11,2,2,0,1,1,2,0,2,0,3,0,0
2125338454,9,8,3,2,6,3,0,6,1,2,0,2,0,1,2,5,0,3,0,0
2125473223,3,3,0,1,7,2,1,2,1,1,1,4,0,1,0,0,0,1,0,0
2131755296,1,0,0,1,2,2,0,7,0,1,1,4,0,2,0,1,0,2,0,0
2133480792,5,5,1,0,7,3,0,4,0,0,0,2,0,0,0,2,0,0,0,0
2137786346,5,1,0,3,7,3,0,12,0,1,1,2,2,1,1,0,0,1,1,0
2140289341,4,3,1,4,6,1,0,11,0,2,0,3,0,0,2,1,0,1,2,0
2142142967,5,4,1,1,2,0,0,3,0,1,0,3,1,2,0,2,0,3,0,0
2147612135,7,4,0,2,0,2,0,6,0,1,1,2,0,1,0,4,0,2,0,0
2154089265,4,2,0,0,3,2,0,3,0,1,0,3,0,1,0,3,0,3,1,0
2154425449,5,0,0,3,4,4,0,8,0,0,0,0,1,0,0,0,1,1,0,0
2158462935,17,17,4,7,17,4,0,16,1,4,1,8,2,6,2,5,0,5,0,0
2159071047,2,3,0,0,3,0,0,0,0,0,0,7,0,3,0,2,0,3,0,0
2159680821,2,4,4,2,7,0,0,6,1,2,0,2,2,1,0,2,0,1,1,0
2159891533,4,3,1,1,4,1,0,3,0,0,0,7,0,5,0,2,0,5,0,0
2164112628,6,5,2,3,8,3,0,8,0,2,2,1,1,1,1,2,0,1,1,0
2176693389,5,3,0,0,4,1,0,1,0,2,0,4,0,2,0,3,0,3,0,0
2177068725,26,21,6,6,17,10,0,14,3,5,2,8,0,3,0,7,0,5,1,0
2177649886,4,7,3,1,7,0,0,1,0,0,0,5,0,3,0,2,0,2,0,0
2179389617,11,9,0,0,6,2,0,1,0,2,0,5,0,3,0,4,0,5,0,0
2183115108,2,2,0,0,4,1,0,1,0,2,0,6,0,4,1,1,0,3,0,0
2195996574,4,5,0,2,5,1,0,9,1,5,0,5,0,2,0,3,0,1,1,0
2198425663,5,8,2,0,2,1,0,2,1,2,0,1,0,2,0,3,0,1,0,0
2198697006,4,2,0,2,6,2,0,4,0,4,0,1,1,0,1,0,0,0,1,0
2203905949,4,3,0,0,3,2,0,3,0,1,0,3,0,2,0,2,0,3,0,0
2206428217,0,1,0,0,3,0,1,2,0,0,0,11,0,7,0,0,0,5,0,0
2208228983,6,4,1,3,8,2,0,10,1,2,1,7,0,5,1,2,0,1,1,0
2213997067,2,1,0,1,1,2,0,3,0,1,0,7,1,5,0,0,0,5,0,0
2215198110,12,9,1,2,7,4,0,9,0,2,0,4,0,0,0,6,0,2,0,0
2217043681,4,4,0,5,8,2,0,12,0,1,0,5,0,5,2,2,0,3,1,0
2217660284,6,8,1,0,2,0,0,1,1,3,0,2,0,1,0,4,0,1,0,0
2220400804,1,1,1,0,3,1,0,3,0,3,0,6,0,3,2,0,0,4,0,0
2220647089,0,4,2,1,5,0,0,2,1,2,0,4,0,2,1,1,0,3,1,0
2220980295,1,2,0,1,9,1,0,10,0,0,0,2,1,4,1,1,1,2,0,0
2221176817,11,15,3,1,6,2,0,3,2,3,0,0,0,0,0,5,0,2,0,0
2221614966,10,11,3,0,6,0,0,0,0,2,0,2,0,0,0,3,0,0,0,0
2222419331,4,4,0,0,0,0,0,0,0,2,0,6,0,4,0,3,0,4,0,0
2224694552,4,5,0,0,7,2,0,4,2,3,0,3,0,1,1,2,0,0,0,0
2225807950,10,8,0,0,2,2,0,0,0,2,0,0,0,0,0,4,0,2,0,0
2225918810,3,4,1,1,4,0,0,3,0,1,0,10,0,5,0,3,0,8,0,0
2228123979,19,23,5,3,18,4,0,15,3,7,1,4,0,3,3,5,0,2,0,0
2230796563,8,5,1,0,5,0,0,3,0,0,1,1,0,2,1,2,0,3,0,0
2230955966,8,6,2,0,4,3,0,5,0,1,0,0,0,0,4,2,0,1,0,0
2237859199,15,13,1,1,8,2,0,7,1,2,0,14,0,8,0,5,0,8,0,0
2239868137,7,7,2,3,7,1,0,6,1,4,0,1,2,1,0,2,0,3,1,0
2239886317,7,6,1,0,1,0,0,1,0,3,0,4,0,2,0,4,0,3,0,0
2247171227,7,12,8,0,8,1,0,1,2,3,0,0,0,0,1,2,0,1,0,0
2251393254,3,4,1,1,6,0,0,1,0,1,0,4,0,3,1,1,0,1,0,0
2269148048,3,4,1,1,4,1,0,5,0,1,0,1,0,2,0,1,0,1,1,0
2269185139,2,8,7,3,11,1,0,7,1,0,1,4,0,2,2,1,0,2,1,0
2276120670,4,6,5,1,8,0,0,5,1,0,0,1,0,2,1,1,0,0,1,0
2279610183,6,5,3,1,11,4,0,8,0,1,0,3,2,3,2,1,1,3,0,0
2298370249,8,5,1,1,5,3,0,2,0,1,0,1,0,0,0,2,0,3,0,0
2298946287,0,0,0,1,3,2,0,6,0,1,1,5,0,3,1,0,0,3,0,0
2299116511,0,2,1,0,9,1,0,6,0,1,0,2,1,1,0,1,1,2,0,0
2300413245,9,7,0,0,3,2,0,1,0,0,0,1,0,1,0,4,0,3,0,0
2306911972,3,5,0,0,1,0,0,5,0,3,0,8,0,5,0,3,0,4,0,0
2310475951,4,6,1,0,1,1,0,4,1,2,0,2,0,0,0,4,0,1,0,0
2314131252,5,4,2,2,7,1,0,4,1,1,1,3,1,2,0,2,0,2,1,0
2315154253,8,11,4,4,12,4,0,8,0,2,0,2,1,1,0,1,0,2,0,0
2316786889,8,7,2,0,6,4,0,5,1,2,0,4,0,2,0,2,0,2,0,0
2317269644,2,2,2,1,4,2,0,6,0,0,1,0,0,1,0,1,0,3,0,0
2319582931,2,2,0,0,5,1,0,4,0,2,0,8,0,4,3,1,0,4,0,0
2319602970,2,2,0,0,4,0,0,3,1,1,0,5,0,3,0,1,0,2,1,0
2322688750,6,6,0,0,5,0,0,0,0,2,0,3,0,1,0,1,0,2,0,0
2323114049,6,11,7,2,12,2,1,4,1,1,0,8,0,3,0,2,0,3,1,0
2328301207,7,5,1,1,0,1,0,3,0,1,0,1,0,0,0,5,0,2,0,0
2332492714,1,6,4,0,3,0,0,2,3,4,0,5,0,3,0,0,0,3,0,0
2340645320,7,4,0,4,12,3,0,15,0,1,1,4,0,3,1,3,0,4,1,0
2344756957,1,2,0,3,5,4,0,13,0,2,0,2,1,2,1,2,0,2,0,0
2344881448,2,2,0,0,1,0,0,3,0,1,0,6,0,4,0,2,0,6,0,0
2345156244,4,4,1,1,2,0,0,3,0,1,0,3,1,1,0,2,0,2,1,0
2357131666,4,5,2,2,7,2,0,4,0,1,1,7,0,2,1,1,0,1,0,0
2358524581,3,2,0,2,2,3,0,6,0,0,0,2,0,1,0,1,0,2,0,0
2358590084,6,7,1,1,4,0,0,2,1,2,0,3,1,0,0,1,0,0,0,0
2359896556,6,4,0,0,3,1,0,3,0,3,1,3,0,1,0,3,0,2,0,0
2365127146,0,1,0,1,6,1,1,5,0,1,1,5,0,1,0,2,0,1,1,0
2365878297,6,6,0,0,2,0,0,2,0,3,0,3,0,2,0,3,0,3,0,0
2518293113,5,7,1,0,4,0,0,2,1,3,0,9,0,5,0,2,0,6,0,0
2531934504,3,3,0,2,3,0,0,6,0,0,0,1,1,0,1,3,0,1,1,0
2546689190,3,3,3,1,5,0,0,4,1,1,0,4,0,2,0,2,0,3,2,0
2592399121,5,7,3,0,8,0,0,2,0,1,0,7,0,3,0,1,0,2,0,0
2602506484,7,5,2,0,3,3,0,1,0,0,0,2,0,1,0,0,0,3,0,0
2611457416,10,8,3,3,8,2,0,7,2,2,0,8,2,5,0,3,0,8,0,0
2648269585,6,4,0,1,4,1,0,5,0,3,0,4,0,1,1,2,0,2,1,0
2653524663,1,5,4,0,3,0,0,4,1,2,0,2,0,1,1,1,0,1,0,0
2680232761,6,6,4,0,6,1,0,2,1,1,1,2,0,1,0,2,0,1,1,0
2690292457,6,5,1,0,3,1,0,1,0,2,0,5,0,2,0,1,0,1,0,0
2701537441,3,0,0,0,1,3,0,6,0,1,0,7,0,3,0,1,0,5,0,0
2724450085,5,5,1,2,6,1,0,4,0,1,1,1,0,0,1,0,0,0,0,0
2874016994,4,4,1,2,7,1,0,4,0,3,0,2,0,0,0,0,1,0,0,0
2889968090,11,12,5,1,10,0,0,5,1,2,1,11,0,6,0,3,0,5,0,0
2899850055,2,2,0,1,2,1,0,3,0,1,0,5,1,3,0,2,0,3,0,0
2903496285,4,7,0,0,7,1,0,6,0,1,0,7,0,5,0,3,0,2,1,0
2915842256,8,6,0,0,3,2,0,2,0,1,0,2,0,0,0,5,0,2,0,0
2939785731,8,9,4,1,8,1,0,3,1,2,0,0,2,0,0,2,0,0,0,0
2940241905,5,2,1,0,1,2,0,2,0,0,0,6,0,3,0,2,0,7,0,0
2944241793,23,21,6,10,30,9,0,47,4,10,3,19,3,12,6,9,1,12,1,0
2946274015,7,7,1,0,2,1,0,1,0,1,0,2,0,2,0,2,0,2,0,0
2949182134,9,4,2,2,5,3,0,4,0,1,1,3,0,1,0,1,0,1,0,0
2950535851,9,12,3,1,7,0,0,2,2,3,0,3,0,1,0,4,0,1,0,0
2958209920,3,2,1,1,4,2,0,8,0,2,1,2,2,0,0,0,0,1,1,0
2963874890,2,3,1,1,7,1,0,2,1,1,0,8,0,5,1,0,0,5,0,0
2974392283,8,7,0,0,3,2,0,2,0,3,0,6,0,3,0,4,0,4,0,0
2979877258,6,6,0,0,2,0,0,2,0,3,0,0,0,0,1,3,0,1,1,0
2980391346,3,3,0,1,5,2,0,8,0,1,0,0,0,0,1,2,0,1,1,0
2980968902,2,7,3,0,4,0,0,3,3,5,0,5,1,3,1,2,0,3,0,0
2984476763,9,11,2,2,7,1,0,5,2,4,0,2,1,0,2,3,0,1,0,0
2984699086,6,5,1,0,5,3,0,4,0,1,0,3,0,2,1,3,0,3,0,0
2990273705,2,4,1,0,1,0,0,2,0,1,0,6,0,5,0,3,0,4,0,0
2996678880,7,4,0,1,1,4,0,8,0,1,0,5,0,3,0,1,0,3,0,1
3018867560,0,1,0,1,0,0,0,4,0,0,1,9,0,6,0,0,0,6,0,0
3032467607,10,10,2,0,1,0,0,0,0,3,0,1,0,1,0,3,0,1,0,0
3040631161,1,2,0,0,3,1,0,2,0,0,0,12,0,5,0,1,0,5,0,0
3042077335,1,4,1,0,9,0,1,2,0,1,0,11,0,6,0,1,0,5,0,0
3043535124,6,7,4,1,5,3,0,6,0,0,0,1,1,1,0,3,0,3,1,0
3044183651,10,10,0,1,6,2,0,5,0,2,0,3,2,2,0,6,0,4,0,0
3046829660,10,4,0,2,9,5,0,9,0,3,1,4,0,2,1,1,0,3,0,0
3071656652,11,4,0,1,7,9,0,15,0,3,0,6,0,4,2,3,0,5,0,0
3074032681,6,8,1,1,7,2,0,8,1,4,1,1,2,1,1,1,0,1,1,0
3076659530,4,10,4,0,7,0,0,0,2,4,0,0,0,0,2,2,0,0,0,0
3092887970,6,7,1,1,6,1,0,8,0,3,1,4,2,2,1,4,0,3,0,0
3097298371,3,3,1,1,8,3,0,7,0,0,0,1,0,1,0,2,0,2,1,0
3103280395,7,7,2,0,6,2,0,3,0,1,0,6,0,5,0,4,0,4,0,0
3110847608,4,6,4,1,14,1,0,12,0,1,0,10,0,7,1,2,2,7,0,0
3112957401,11,9,1,0,5,2,0,2,0,3,0,1,0,0,0,4,0,0,0,0
3128197075,11,10,3,0,5,1,0,1,0,2,0,2,0,1,0,4,0,2,0,0
3129338023,1,1,0,0,5,1,0,3,0,3,0,6,1,3,0,2,0,3,0,0
3140650814,3,6,2,0,7,0,0,1,0,5,0,2,0,2,3,1,0,0,0,0
3142762028,2,1,0,0,7,4,0,4,0,1,0,3,1,2,0,1,0,2,0,0
3142838031,4,3,1,1,5,2,0,7,0,0,1,0,0,0,0,0,1,2,0,0
3148708617,8,7,0,2,5,3,0,7,0,2,0,8,0,4,0,2,0,4,0,0
3149825542,6,1,2,0,3,3,0,5,1,0,0,0,0,0,0,1,1,2,0,0
3175456077,10,10,4,1,7,1,0,1,0,3,0,4,1,2,0,3,0,2,0,0
3175579927,13,12,3,0,7,2,0,4,1,3,0,3,0,1,0,6,0,2,0,0
3185959402,6,6,2,0,5,1,0,0,1,1,0,7,0,4,0,2,0,4,0,0
3221254548,4,5,1,2,3,3,0,7,0,2,0,3,0,2,0,2,0,1,1,0
3225593769,4,3,0,2,3,1,0,9,1,2,1,7,0,3,4,2,1,3,1,0
3238664083,7,4,0,0,6,1,0,2,0,1,0,8,0,4,1,2,0,6,0,0
3239487851,6,5,0,1,3,4,0,7,0,3,0,0,0,1,0,2,0,3,0,0
3251196358,0,0,0,0,2,0,0,3,0,1,0,11,0,7,0,1,0,6,0,0
3256927322,3,10,6,2,4,0,0,3,2,3,0,0,1,0,0,1,0,0,0,0
3258394541,6,4,0,1,4,6,0,4,0,2,0,0,0,0,0,0,0,1,1,0
3260170478,5,5,0,3,4,1,0,5,0,1,0,2,0,2,0,2,0,1,0,0
3263412160,6,4,0,1,2,1,0,5,0,0,1,1,0,1,0,3,0,2,1,0
3269648622,13,18,7,1,8,2,0,12,3,6,0,8,0,5,0,4,0,6,0,0
3272011975,3,4,2,0,5,0,0,2,0,1,0,10,0,6,1,1,0,6,1,0
3272859946,9,9,1,4,20,8,0,35,0,2,3,17,2,13,4,5,1,13,2,0
3275461663,1,1,0,0,1,0,0,0,0,0,0,10,0,6,0,0,0,7,0,0
3276616865,1,2,0,0,2,0,0,4,0,0,0,11,0,10,0,0,0,7,0,0
3293818731,2,2,0,5,7,3,0,12,0,3,1,3,2,2,0,1,0,4,1,0
3293916225,16,13,4,3,15,7,0,10,0,3,1,2,0,1,3,5,0,3,0,0
3298013135,6,8,2,1,4,0,0,3,1,2,0,1,1,0,3,3,0,0,0,0
3302971092,1,2,0,0,5,1,0,6,0,2,0,3,4,2,0,0,0,2,0,0
3315917221,4,3,0,2,2,2,0,7,1,1,0,0,0,0,1,2,0,0,0,0
3320740391,0,4,3,2,8,1,0,6,0,0,1,8,1,8,0,0,1,6,0,0
3321307989,1,2,1,1,9,2,0,7,2,1,0,0,0,1,1,0,0,0,1,0
3409769999,4,8,3,1,7,3,0,8,0,0,0,3,0,2,0,0,0,2,1,0
3419083911,20,13,3,7,14,8,0,23,1,7,2,15,0,8,0,6,0,13,2,0
3435932698,6,3,0,1,4,3,0,7,1,0,0,2,0,2,1,3,0,2,0,0
3443270986,4,2,0,0,4,3,0,2,1,2,0,3,0,2,1,0,0,3,0,0
3449054607,4,6,1,0,5,1,0,4,0,1,0,4,0,3,1,4,0,3,0,0
3449109510,1,3,4,0,5,0,0,1,1,0,0,5,0,6,0,0,0,4,0,0
3450751100,5,6,2,0,4,1,0,5,0,1,0,12,1,7,2,3,0,6,0,0
3457976454,2,3,2,0,6,1,0,4,0,2,0,4,1,3,1,0,0,1,0,0
3462413901,3,4,1,0,4,1,0,3,1,1,0,6,0,3,1,2,0,4,0,0
3473639712,4,3,1,3,8,2,0,7,0,1,0,1,2,0,0,1,0,0,1,0
3494004098,4,4,0,1,4,2,0,4,0,1,0,4,1,1,1,0,0,2,1,0
3496449367,2,4,1,2,7,2,0,9,1,3,1,0,0,1,2,1,0,0,0,0
3501865894,11,7,2,1,5,3,0,4,2,2,0,10,1,5,0,4,0,6,0,0
3503156355,5,2,1,0,3,2,0,3,0,1,0,8,0,4,1,0,0,4,0,0
3503382860,2,7,7,1,15,3,0,4,1,3,0,0,2,0,2,0,0,0,0,0
3503473873,5,5,0,1,2,1,0,2,1,2,0,2,1,1,0,1,0,2,0,0
3506575792,3,7,4,1,7,0,0,5,2,1,0,0,0,1,0,0,0,0,0,0
3514570209,10,13,5,1,8,0,0,1,1,1,0,3,0,2,0,4,0,3,0,0
3519550526,7,7,0,2,4,1,0,5,1,3,1,1,0,0,0,4,0,0,1,0
3519774262,14,9,2,2,10,6,0,14,1,3,1,8,1,7,1,2,0,7,0,0
3532174304,9,8,2,0,3,0,0,0,0,2,0,4,0,1,0,4,0,1,0,0
3539106009,1,2,0,0,4,0,1,3,0,0,0,7,0,4,1,1,0,2,0,0
3539475334,8,9,3,0,3,0,0,1,0,3,0,1,0,0,0,2,0,0,0,0
3541176418,5,3,1,0,8,3,0,2,1,0,0,2,0,1,0,1,0,1,1,0
3545923547,9,4,0,0,4,4,0,5,0,0,0,1,0,0,0,2,0,2,0,0
3547397549,2,2,0,0,0,0,0,2,0,2,0,7,0,5,0,2,0,7,0,0
3555012313,6,4,3,1,5,4,0,5,0,1,1,1,0,2,1,1,0,3,0,0
3556066772,4,4,2,1,4,1,0,5,0,0,0,5,0,3,0,2,1,3,0,0
3557607498,3,4,3,3,3,1,0,6,1,2,3,12,0,5,0,1,0,7,0,0
3564876566,0,3,0,2,9,5,0,21,0,1,0,4,1,4,2,1,1,2,1,0
3568127896,9,8,0,0,4,1,0,1,0,0,0,2,0,1,0,3,0,1,0,0
3574181293,4,3,0,1,1,0,0,1,0,1,0,6,0,3,0,1,0,4,0,0
3574294734,6,6,0,1,0,0,0,2,0,1,0,2,1,1,0,5,0,2,0,0
3575405098,1,2,1,0,5,3,0,9,0,1,0,2,1,2,0,0,0,1,1,0
3584598082,2,3,1,0,5,2,0,3,1,2,0,1,1,2,1,0,0,1,0,0
3589291691,2,2,0,2,11,2,0,13,0,0,0,2,0,2,4,0,0,0,1,0
3590747831,16,20,7,1,9,1,0,3,1,3,0,2,0,1,0,6,0,3,0,0
3591557174,9,7,0,0,3,1,0,1,0,1,1,1,0,0,0,4,0,1,0,0
3597211375,3,1,0,1,4,3,0,9,0,0,1,1,1,0,1,1,0,1,0,1
3601819707,3,5,2,0,3,1,0,1,0,1,0,5,0,4,0,1,0,5,0,0
3621288181,5,10,7,1,13,2,0,3,2,2,1,0,1,0,1,0,0,0,0,0
3644011615,6,8,2,1,5,1,0,3,1,3,0,5,1,4,0,3,0,4,1,0
3664565760,9,10,6,4,7,0,0,8,0,2,2,1,0,1,1,2,0,2,1,0
3665409118,10,8,0,0,3,1,0,0,0,3,0,1,0,0,0,3,0,2,0,0
3674080405,6,5,1,1,4,2,0,8,0,1,0,3,0,2,0,2,0,5,0,0
3689613473,6,6,1,1,4,0,0,5,0,1,2,1,0,1,0,2,0,1,1,0
3693656287,8,12,6,0,8,0,0,0,0,1,0,0,0,0,0,1,0,0,0,0
3739190730,4,7,4,1,7,1,0,5,1,3,0,5,2,3,0,1,0,4,0,0
3749846733,1,2,3,1,4,2,0,6,1,0,0,2,0,1,0,0,0,1,1,0
3760127682,7,4,1,2,3,2,0,6,0,2,0,1,2,0,0,3,0,2,0,0
3869259165,5,5,2,3,6,1,0,7,0,1,0,1,1,0,1,2,0,1,1,0
3878160274,0,0,0,2,3,1,1,8,0,1,0,4,0,1,1,1,1,2,1,0
3878400583,6,7,2,2,7,3,0,8,1,3,0,5,0,3,0,3,0,4,1,0
3879124606,2,4,1,0,3,0,0,0,0,1,0,7,0,3,0,1,0,4,0,0
3882983747,7,13,7,4,23,4,0,16,1,6,0,13,3,8,3,1,0,6,1,1
3898537516,4,4,0,1,5,1,0,4,1,1,0,6,0,3,0,3,0,1,0,0
3906074682,9,5,0,4,4,7,0,13,0,0,1,4,0,3,0,4,0,4,0,0
3915476745,6,5,1,1,4,2,0,1,0,1,0,1,1,0,0,1,0,1,0,0
3917855945,4,2,0,0,5,1,0,3,0,3,0,7,0,4,2,1,0,5,0,0
3918439181,2,3,0,0,5,0,0,2,0,2,0,9,0,4,1,1,0,6,0,0
3921620335,10,12,5,0,14,2,0,6,2,2,0,10,0,7,2,6,0,9,0,0
3925018914,4,7,3,0,6,0,0,3,2,4,0,16,0,8,0,2,0,9,0,0
3933178059,5,5,3,1,6,0,0,1,1,1,0,10,0,6,0,2,0,5,0,0
3933354870,8,8,2,0,4,1,0,0,0,2,0,2,0,2,0,2,0,2,0,0
3940968656,4,3,0,2,5,3,1,4,0,0,2,2,0,3,1,0,0,4,0,0
3942962659,10,6,0,2,7,2,0,7,0,1,1,3,2,3,1,4,0,4,1,0
3950818417,4,9,3,3,10,4,0,9,1,3,0,0,1,1,0,1,0,1,0,0
3951769727,6,5,4,1,7,1,0,1,1,1,0,2,1,1,1,0,0,0,0,0
3952282202,4,3,1,1,4,2,0,4,0,3,0,4,1,1,0,0,0,2,1,0
3966781942,2,11,7,0,6,0,0,3,2,4,0,2,0,1,0,0,0,1,0,0
3969671507,5,4,0,1,6,2,0,6,0,1,0,1,1,2,3,3,0,2,0,0
3974850944,8,7,0,1,3,2,0,2,0,2,0,2,0,1,1,3,0,2,0,0
3985051897,1,2,1,2,7,1,0,5,0,1,0,1,1,0,1,1,0,0,1,0
3990533066,6,5,2,0,2,2,0,1,1,2,0,4,0,4,0,0,0,4,0,0
3994412454,5,4,1,0,6,2,0,3,0,2,0,5,0,3,0,2,0,4,0,0
3995354967,3,10,8,0,10,1,0,4,1,1,0,4,0,2,0,2,0,4,0,0
3996226980,14,8,0,0,9,5,0,4,0,2,0,1,0,0,1,4,0,3,0,0
3998244048,5,6,0,0,1,0,0,1,0,2,0,6,0,5,0,4,0,3,0,0
3998805341,5,5,0,0,4,0,0,1,0,3,0,8,0,5,1,2,0,3,0,0
3999748135,7,4,0,1,3,3,0,2,1,1,0,1,0,0,0,1,0,3,0,0
4000698334,2,2,0,0,5,2,0,7,0,2,0,3,0,2,0,1,0,2,1,0
4000794922,4,6,5,0,5,0,0,1,1,2,0,3,0,1,1,1,0,1,0,0
4001330946,8,11,5,0,5,0,0,0,0,1,0,2,0,0,0,4,0,0,0,0
4002180037,11,6,0,1,2,1,0,3,0,1,1,1,0,0,0,4,0,1,0,0
4002734456,1,3,0,3,6,4,0,16,0,2,1,3,1,5,0,0,0,1,1,0
4002898590,5,8,5,1,6,2,0,5,1,2,1,2,0,0,0,0,0,0,0,0
4008004239,4,3,0,2,2,2,1,4,0,1,0,4,0,1,0,1,0,2,0,0
4013729347,8,8,4,1,13,3,0,4,1,3,0,11,0,5,2,4,0,7,0,0
4018788858,10,9,3,0,0,0,0,4,0,2,1,0,0,0,0,6,0,1,0,0
4022501729,2,3,1,3,5,3,0,7,0,1,0,0,0,0,0,0,0,0,0,0
4033473667,7,7,1,3,4,2,0,5,2,2,0,0,0,1,1,2,0,0,0,0
4036329078,0,1,0,2,3,1,0,6,1,1,1,3,0,3,4,0,0,2,0,0
4040065638,9,14,3,0,3,0,0,0,4,4,0,0,0,0,0,4,0,0,0,0
4045089100,7,8,5,0,4,1,0,1,0,0,0,2,0,1,0,2,0,2,0,0
4048115810,6,10,4,0,6,0,0,2,1,2,0,4,0,2,0,2,0,2,0,0
4048475031,7,9,1,0,3,0,0,4,0,2,0,5,0,2,0,5,0,3,1,0
4071772152,2,1,0,3,5,1,0,6,0,0,0,3,0,2,0,0,0,3,0,0
4078578655,4,4,1,1,3,1,0,3,0,1,0,3,0,1,0,2,0,1,1,0
4080091462,5,2,0,1,4,4,1,10,0,1,2,11,0,6,1,2,0,10,0,0
4082184104,7,6,2,0,3,2,0,1,0,2,0,3,0,2,0,2,0,2,0,0
4091077786,6,5,0,2,4,4,0,10,0,3,0,6,0,4,0,2,0,4,1,0
4098229885,3,0,0,0,4,3,0,4,0,1,0,6,0,5,0,0,0,4,0,0
4100446155,5,5,0,1,4,0,0,4,0,1,0,1,0,0,1,3,0,1,1,0
4103490240,3,4,1,1,3,0,0,2,1,3,0,5,0,2,0,1,0,3,0,0
4106247959,5,3,1,3,8,1,0,7,0,0,2,0,0,0,1,0,1,1,1,0
4119913770,2,2,2,3,7,1,0,6,2,2,1,2,2,0,0,0,0,0,0,0
4120910892,0,3,2,0,3,0,0,1,2,1,0,6,0,5,0,0,0,4,0,0
4132302797,7,6,0,0,4,1,0,1,0,3,0,9,0,4,0,4,0,5,0,0
4134789673,3,1,1,2,3,3,0,8,0,0,0,0,1,0,1,0,0,1,0,0
4134938696,6,4,0,2,3,4,0,7,0,2,0,1,0,0,0,2,0,1,1,0
4135658437,8,10,4,0,6,0,0,1,0,2,0,0,0,0,2,2,0,0,0,0
4135827072,3,4,3,2,4,1,0,7,2,0,0,6,0,5,0,3,0,4,0,0
4137399898,7,10,3,2,9,2,0,6,1,1,0,4,0,1,1,1,0,2,0,0
4141754876,4,5,1,1,4,1,0,5,0,2,1,5,0,4,0,1,0,4,1,0
4145629773,7,8,1,2,3,0,0,3,1,1,0,2,0,1,0,4,0,1,0,0
4145755430,3,4,1,0,4,0,0,2,0,1,0,5,0,3,1,2,0,2,0,0
4146094886,8,8,0,3,4,2,0,5,0,2,0,4,0,2,0,4,0,3,0,0
4147322071,6,9,3,1,8,0,0,4,2,3,0,5,0,2,1,2,0,2,0,0
4149930393,4,2,1,4,3,3,0,11,0,0,1,2,0,1,0,1,0,1,1,0
4150136019,3,3,0,1,7,1,0,5,0,3,0,10,0,4,3,0,0,5,0,0
4151648150,6,2,1,2,4,3,0,5,1,0,0,2,0,1,0,3,0,3,0,0
4158348273,1,1,0,0,0,0,0,6,0,1,1,11,0,6,0,1,0,5,0,0
4164040272,7,6,2,0,3,3,0,3,0,2,0,3,0,1,0,3,0,3,0,0
4173006285,1,0,0,2,11,4,0,11,0,2,0,7,1,5,3,0,0,5,0,0
4173008868,4,3,1,5,12,4,1,21,0,1,3,2,0,5,3,1,0,3,1,0
4174718430,2,3,2,0,6,1,0,1,1,2,0,6,0,3,1,1,0,2,0,0
4174807706,1,1,0,1,4,4,0,9,0,1,0,2,0,2,0,1,0,2,0,0
4179865028,4,5,2,0,2,1,0,3,1,2,0,9,0,5,0,3,0,8,0,0
4187427387,10,6,1,2,7,4,0,11,1,1,0,3,0,1,0,3,0,1,0,0
4193005278,4,2,0,0,2,0,0,1,0,1,0,7,0,5,0,2,0,4,0,0
4203609644,5,7,3,1,7,0,0,2,1,3,0,1,2,0,0,1,0,0,0,0
4212120202,7,7,2,0,3,1,0,2,0,2,0,4,0,2,0,2,0,2,0,0
4212482484,5,3,0,3,7,2,0,4,0,0,0,2,0,0,2,1,0,1,0,0
4214462745,2,2,0,1,2,0,0,6,0,0,0,4,0,3,0,2,1,2,0,0
4214793659,5,4,4,0,6,2,0,1,1,1,0,2,0,1,1,2,0,4,0,0
4215678497,0,0,0,4,4,1,0,8,0,2,0,3,1,1,1,1,0,2,2,0
4216880735,5,6,3,0,7,2,0,3,2,3,0,0,0,0,2,1,0,0,0,0
4222232282,5,6,1,5,12,5,0,15,1,1,2,3,1,1,1,0,1,0,0,1
4224331631,1,1,0,0,3,0,0,0,0,0,0,9,0,6,0,0,0,6,0,0
4226430870,6,4,0,2,2,3,0,4,0,2,0,2,0,1,0,3,0,3,0,0
4236269293,11,10,3,3,7,3,0,11,1,2,1,2,0,1,2,2,1,3,0,0
4237861972,4,10,7,0,7,0,0,0,0,1,0,0,0,0,0,1,0,0,0,0
4248569863,1,0,0,0,4,0,0,2,0,2,0,10,0,4,0,0,0,5,0,0
4249053412,6,5,3,3,9,1,0,5,0,2,0,1,2,0,0,1,0,0,0,0
4251834418,4,3,0,0,4,1,0,2,0,2,0,5,0,3,0,3,0,3,0,0
4264711119,2,3,1,3,1,1,0,7,0,1,0,3,0,2,0,1,0,1,1,0
4274459570,1,0,0,0,5,1,0,1,0,0,0,8,0,6,1,0,0,5,0,0
4287772880,4,5,0,2,3,0,0,2,1,4,0,2,2,1,0,2,0,1,1,0
4295156926,2,2,0,1,5,4,0,8,0,2,0,3,0,3,0,1,0,2,1,1
4302342613,2,7,7,2,8,0,0,2,2,2,1,2,0,1,1,0,0,1,0,0
4305533743,2,8,9,1,7,0,0,1,1,0,0,0,0,0,0,0,0,0,0,0
4307332186,4,5,3,2,5,1,0,5,0,2,0,1,1,1,2,2,0,2,0,0
4316847580,5,3,1,0,2,2,0,1,0,1,0,7,0,5,0,2,0,5,0,0
4317222754,12,12,6,2,14,3,0,7,2,4,0,14,1,7,1,6,0,10,0,0
4317952179,3,6,2,1,6,0,0,3,3,2,0,1,1,0,1,1,0,0,1,0
4320873322,4,6,0,0,4,1,0,3,1,0,0,5,0,2,0,1,0,2,0,0
4321764343,1,2,1,0,10,1,0,7,1,1,0,8,1,7,1,1,0,5,0,0
4328815326,1,3,3,0,3,0,0,2,0,0,0,6,0,5,0,1,0,4,0,0
4333089282,6,6,0,4,7,2,0,8,0,2,0,8,1,2,0,1,0,4,1,0
4347838056,11,8,2,1,4,1,0,3,1,3,0,3,1,0,0,5,0,1,0,0
4353206499,2,1,1,0,2,0,0,2,1,0,0,10,0,6,0,1,0,8,0,0
4361823712,4,3,0,0,4,2,0,5,0,1,0,13,0,9,0,2,0,9,0,0
4368159725,5,10,4,1,9,0,0,5,1,2,0,5,0,3,1,3,0,2,0,0
4370552097,2,4,0,5,6,0,0,11,0,1,2,1,1,1,2,1,0,1,1,0
4372009859,4,2,0,2,4,2,0,6,0,0,0,1,0,1,1,0,0,1,0,0
4375688893,4,3,0,1,4,3,0,8,0,1,1,3,1,3,1,1,0,2,0,0
4388532431,3,2,1,0,3,1,0,5,0,2,0,3,0,1,0,1,0,2,1,0
4390703531,4,5,1,0,4,2,0,4,1,1,0,4,0,2,0,1,0,4,0,0
4420527509,6,5,0,0,1,0,0,4,0,1,0,5,0,2,0,4,0,3,0,0
4448309468,13,12,2,4,13,3,0,15,0,3,1,5,2,3,0,3,0,4,1,0
4451856307,5,7,1,0,5,0,0,0,1,1,0,3,0,2,0,1,0,3,0,0
4466174307,7,6,0,1,8,2,0,2,0,2,0,1,1,0,0,2,0,1,0,0
4469301420,8,8,2,0,1,2,0,2,1,3,0,1,0,0,0,2,0,0,0,0
4475475292,4,2,1,3,4,3,0,7,0,0,0,0,1,0,1,0,0,0,1,0
4476085823,1,2,2,0,9,1,0,4,1,2,0,7,0,2,0,0,0,2,1,0
4487777748,6,9,3,0,1,1,0,3,1,2,0,1,0,1,0,3,0,2,0,0
4487832920,10,7,1,0,5,2,0,3,0,0,0,1,0,0,0,6,0,1,0,0
4488432679,4,9,5,0,6,1,0,3,1,1,0,0,0,0,0,1,0,1,1,0
4525739859,9,4,1,1,1,5,0,5,0,1,0,0,0,0,0,2,0,3,0,0
4556024637,13,8,1,1,5,5,0,10,0,3,1,5,1,3,1,3,0,6,1,0
4564965422,5,2,1,2,3,4,0,8,0,0,1,3,0,2,0,3,0,3,0,0
4566347359,4,4,0,0,7,2,0,3,0,2,0,2,0,1,2,2,1,3,0,0
4571169682,8,5,0,0,6,2,0,1,0,1,0,2,0,1,1,2,0,1,0,0
4577610050,4,4,0,1,4,1,0,4,0,1,0,1,1,1,1,2,0,1,0,0
4577766385,0,1,0,0,2,0,0,3,0,1,0,9,0,7,0,0,0,5,0,0
4578581093,8,10,2,1,7,4,0,10,0,4,0,5,0,2,1,5,0,3,1,0
4606839967,1,1,0,0,2,0,0,2,0,0,0,8,1,3,0,2,0,4,0,0
4637176852,1,4,3,0,8,1,0,5,0,1,0,2,0,1,1,1,0,3,0,0
4655097476,4,7,1,1,7,0,0,4,1,0,1,1,0,1,0,3,0,1,0,0
4686279441,6,6,2,3,6,1,0,9,0,2,0,3,1,2,1,4,0,1,2,0
4697964512,5,5,1,0,2,1,0,1,0,1,0,6,0,4,0,4,0,6,0,0
4714900975,2,3,0,1,5,0,0,3,1,3,0,4,2,1,0,1,0,0,0,0
4720119702,5,3,0,2,4,4,0,5,0,2,0,1,0,1,2,2,0,1,0,0
4730218318,2,4,1,0,2,0,0,3,0,1,0,5,0,5,0,2,0,5,0,0
4752028882,1,0,0,0,3,1,0,5,0,0,0,4,2,2,1,0,0,3,0,0
4761501770,10,9,1,0,2,1,0,1,0,3,0,0,0,0,0,3,0,2,0,0
4763492497,8,7,0,0,4,1,0,3,0,2,0,6,0,2,0,5,0,4,0,0
4772754274,1,3,2,0,7,0,0,5,0,0,0,9,0,6,0,0,0,5,0,0
4785009482,3,6,1,1,3,0,0,2,1,2,0,4,1,1,0,2,0,0,0,0
4801036483,6,14,11,0,10,0,0,2,3,2,0,0,0,0,0,1,0,0,0,0
4820456092,1,3,2,0,6,1,0,1,0,1,0,4,0,3,1,1,0,4,0,0
4830623973,6,6,2,1,3,0,0,2,0,2,0,4,0,2,1,2,0,2,1,0
4884288496,5,4,0,0,1,1,0,4,0,0,0,11,0,7,0,2,0,9,0,0
4903641578,9,9,1,2,7,0,0,2,0,3,1,7,0,2,1,2,0,5,0,0
4912623976,3,2,0,0,8,2,0,3,0,2,0,9,0,6,2,1,1,5,0,0
4930059288,5,3,0,0,4,3,0,5,0,2,0,5,0,1,1,0,0,1,0,0
4944824353,10,11,4,3,12,4,0,11,2,3,0,4,0,4,2,4,0,5,1,0
4973600398,3,3,0,0,3,2,0,3,1,3,0,12,0,5,0,0,0,7,0,0
4978333194,0,1,1,2,6,1,0,7,1,2,1,1,2,0,1,0,0,0,0,0
4979531105,1,1,0,1,2,1,0,2,0,1,0,8,0,4,0,0,0,4,0,0
4986601270,9,8,1,0,2,1,0,1,0,2,0,2,0,0,0,4,0,1,0,0
5007400730,3,5,2,0,4,1,0,4,1,0,0,2,1,1,0,2,1,2,0,0
5058678430,6,9,2,3,5,1,0,10,1,4,2,1,1,1,0,2,0,2,0,0
5199126659,2,5,3,1,4,0,0,4,1,1,0,2,0,3,1,2,0,3,1,0
5222113437,4,9,3,0,6,1,0,5,2,3,0,2,0,1,1,2,0,2,0,0
5224461364,5,6,0,1,1,0,0,4,0,2,1,1,0,2,0,3,0,2,0,0
5319692956,2,4,2,1,3,0,0,4,1,5,0,10,0,6,2,1,0,8,0,0
5331329469,2,2,0,0,1,2,0,4,0,3,0,6,0,2,0,1,0,4,0,0
5354420512,4,5,1,0,5,0,0,1,0,2,0,5,0,3,0,0,1,3,0,0
5357336773,4,3,0,0,5,1,0,3,0,3,0,4,0,2,0,1,0,1,1,0
5359769274,4,5,0,0,8,2,0,6,2,2,0,0,1,0,1,1,0,0,0,0
5362761019,1,1,0,0,3,0,0,0,0,2,0,10,0,7,0,0,0,5,0,0
5362769849,1,2,0,1,3,0,0,5,0,1,0,6,1,3,0,1,0,3,0,0
5364876015,1,1,0,2,3,1,0,5,0,2,0,11,0,7,0,0,0,7,0,0
5364936030,0,1,0,2,5,3,0,8,1,1,1,2,0,3,1,1,0,3,1,0
5371742244,21,21,7,2,18,7,0,6,3,6,0,4,0,2,2,5,0,5,0,0
5375791291,1,2,1,0,9,1,0,1,0,4,0,2,1,2,3,0,0,1,0,0
5378266664,2,9,6,0,6,0,0,3,2,0,0,6,0,4,0,0,0,4,0,0
5391351535,7,6,2,1,7,0,0,3,1,1,0,4,0,2,0,2,0,3,1,0
5393247010,7,5,1,1,4,1,0,4,0,2,0,7,0,3,0,1,0,4,0,0
5394846417,3,3,1,2,4,1,0,6,1,1,0,2,0,2,0,1,0,2,0,0
5403757885,3,4,1,0,3,0,0,1,2,2,0,6,0,3,0,1,0,3,0,0
5404303421,8,5,1,1,8,3,0,3,1,2,0,9,0,5,1,2,0,6,0,0
5405065430,4,2,0,0,2,2,0,3,0,0,0,4,0,1,1,2,0,3,0,0
5417283580,8,8,2,0,5,3,0,2,0,0,0,1,0,0,0,4,0,1,0,0
5434401183,8,9,2,0,1,0,0,1,1,5,0,1,0,0,0,1,0,0,0,0
5455757079,2,4,0,0,3,0,0,5,1,1,0,3,0,2,2,2,0,3,0,0
5460087384,7,4,0,4,5,4,0,8,0,1,1,2,2,2,0,2,0,1,0,0
5460092388,12,8,1,1,6,2,0,3,0,1,0,6,0,4,1,4,0,5,0,0
5464360737,14,14,5,8,17,5,1,20,0,3,4,4,1,3,1,2,0,3,1,0
5476701666,4,3,0,0,2,2,0,2,0,0,0,6,0,3,0,2,0,3,0,0
5477529338,8,8,3,0,5,1,0,0,0,1,0,2,0,0,0,1,0,1,0,0
5481630916,8,9,1,0,5,0,0,1,0,1,0,0,0,0,0,2,0,1,0,0
5484332782,4,8,3,0,2,0,0,1,2,4,0,2,0,2,1,1,0,2,0,0
5488440562,7,4,0,0,3,3,0,4,0,2,0,3,0,0,0,3,0,3,0,0
5501865007,3,3,0,0,1,0,0,0,0,2,0,7,0,5,0,2,0,5,0,0
5505574510,8,8,1,1,7,2,0,3,1,1,0,6,0,2,0,4,0,4,0,0
5508224805,21,15,2,3,12,5,1,16,0,6,2,11,0,5,0,7,0,5,1,0
5508719820,9,10,3,0,9,2,1,5,0,2,0,9,0,2,0,4,0,2,0,0
5523696076,5,8,0,1,8,0,0,5,1,2,0,0,0,0,2,3,1,0,0,0
5525610392,10,8,2,1,8,3,0,8,1,2,1,7,0,3,1,3,0,4,0,0
5528342862,14,10,1,0,5,3,0,3,0,0,0,0,0,0,0,6,0,1,0,0
5529811562,2,1,0,0,5,0,0,4,0,3,0,14,0,9,0,2,0,8,0,0
5545440204,7,6,1,0,7,2,0,2,2,1,0,1,0,0,0,1,0,2,0,0
5565578530,3,8,7,0,6,0,0,0,2,0,0,1,0,1,0,0,0,1,0,0
5591779328,6,6,2,2,11,2,0,7,0,1,0,5,0,3,3,3,0,2,1,0
5596702805,11,8,1,5,8,6,0,15,0,2,1,3,1,4,1,3,0,4,1,0
5598109205,3,5,3,1,5,1,0,4,0,0,0,3,1,3,0,2,0,4,0,0
5603867694,3,4,0,0,3,0,0,1,2,2,0,3,1,2,0,0,0,2,0,0
5614092238,14,12,3,2,14,4,0,12,0,5,0,13,0,8,3,6,1,8,0,0
5614138402,13,16,8,5,22,5,0,22,3,2,2,6,2,4,5,1,1,1,1,0
5616237268,17,12,2,4,14,5,0,21,0,4,2,10,0,6,3,7,0,7,0,0
5618606502,6,8,5,0,4,0,0,0,1,0,0,1,0,1,0,3,0,1,0,0
5622382253,4,5,0,2,2,1,0,6,0,2,0,2,1,3,0,3,0,3,0,0
5622582270,5,7,3,0,4,0,0,2,2,2,0,1,0,0,0,3,0,1,0,0
5631951118,8,8,1,0,3,0,0,1,0,1,0,2,0,2,0,4,0,3,0,0
5632374210,6,7,2,0,4,1,0,3,1,2,1,1,0,0,0,4,0,1,0,0
5638405846,18,16,6,2,18,8,0,15,0,4,1,9,0,3,1,6,0,3,0,0
5639301870,10,7,0,0,6,6,0,7,1,2,0,4,1,1,2,1,0,2,0,0
5641324990,3,8,5,1,6,0,0,2,2,0,0,1,0,0,0,1,0,0,0,0
5647727932,11,14,3,1,8,0,0,3,0,2,0,0,0,0,0,3,0,1,0,0
5651067108,2,1,0,2,7,2,0,11,0,3,0,8,0,4,1,1,0,5,2,0
5651267963,3,7,7,1,5,0,0,2,2,1,0,0,0,0,1,0,0,0,0,0
5656332416,9,11,4,1,11,2,0,6,0,2,0,2,1,0,0,3,0,0,1,0
5657871691,4,5,1,0,1,1,0,3,0,1,0,3,0,3,0,2,0,2,1,0
5661089804,6,6,1,1,7,2,0,4,1,1,0,3,1,2,0,1,0,1,0,0
5663519725,5,5,3,0,4,2,0,1,0,0,0,3,0,2,0,1,0,2,0,0
5663620814,0,3,0,0,3,0,0,2,0,0,0,9,0,5,0,0,0,7,0,0
5679810384,5,3,0,1,1,1,0,3,0,0,1,3,0,1,0,2,0,3,1,0
5692872413,0,1,0,3,6,2,0,12,0,1,1,4,0,3,1,0,0,2,2,0
5699056275,6,6,1,0,6,1,0,3,0,1,0,2,1,0,0,1,0,1,0,0
5705163005,4,1,0,3,2,1,0,6,0,0,1,3,0,0,1,0,0,5,0,0
5706041852,7,5,0,1,6,1,0,5,0,2,0,1,0,0,1,1,0,0,1,0
5726424846,7,7,0,0,4,0,0,2,0,3,0,0,0,0,2,3,0,1,0,0
5732288220,2,1,0,1,4,0,0,3,0,2,0,8,0,4,0,0,0,3,0,0
5734619265,4,8,4,0,5,1,0,4,1,0,0,2,0,3,0,1,0,4,0,0
5739612352,3,5,1,0,1,1,1,3,1,0,1,1,0,1,1,2,0,3,0,0
5741814178,4,3,1,0,1,1,0,4,0,1,0,5,0,5,0,2,0,5,0,0
5747400714,8,8,2,0,1,1,0,2,1,4,0,1,0,0,0,3,0,2,0,0
5750774461,6,7,6,0,7,1,0,1,1,2,0,2,0,0,0,2,0,0,0,0
5758899214,4,4,1,1,6,1,0,4,0,4,0,1,2,0,1,0,0,0,0,0
5760253563,6,6,0,0,3,0,0,3,0,6,0,4,1,1,0,3,0,3,0,0
5768767585,8,7,2,2,6,5,0,7,0,4,0,3,0,1,0,1,0,1,0,0
5772453073,8,8,2,0,3,2,0,4,1,1,1,0,0,0,0,3,0,2,0,0
5783457542,4,10,7,0,8,0,0,1,2,1,0,11,0,6,0,1,0,7,0,0
5784362225,9,8,2,0,6,1,0,3,2,3,1,1,0,0,0,2,0,0,1,0
5786036332,1,2,0,0,2,0,0,1,1,2,0,8,0,5,0,0,0,4,0,0
5788730037,8,10,1,0,4,0,0,1,2,4,0,2,0,1,0,3,0,0,0,0
5792085617,1,1,0,2,4,2,0,11,0,1,0,4,0,3,2,0,0,1,2,0
5808094193,4,2,0,0,5,3,0,5,0,2,0,7,0,6,1,2,0,5,0,0
5819689130,6,5,1,0,3,1,0,1,0,2,0,6,0,3,0,2,0,3,0,0
5826892736,5,5,0,0,3,0,0,2,0,2,0,4,0,2,0,4,0,2,0,0
5829683060,5,8,4,1,6,0,0,1,0,0,0,1,1,1,0,1,0,1,0,0
5841118340,6,6,1,0,3,0,0,2,1,0,0,1,0,0,0,2,0,1,1,0
5842793981,5,5,2,4,4,3,0,8,0,2,1,3,0,1,0,2,0,1,1,0
5844934366,4,6,3,1,5,1,0,4,0,2,1,2,0,2,1,1,0,3,1,0
5855273560,32,37,14,16,49,18,0,70,3,10,7,21,2,15,11,10,3,19,4,1
5856393869,6,6,2,0,4,2,0,3,1,1,0,0,0,0,0,2,0,0,0,0
5865957452,0,2,1,0,4,1,0,4,2,1,0,5,0,2,2,0,0,4,1,0
5871776021,2,2,1,0,6,1,0,4,1,1,0,9,0,6,0,0,0,5,0,0
5872274610,6,6,1,0,4,0,0,1,2,3,0,3,0,0,0,2,0,0,0,0
5892100153,2,2,0,0,2,0,0,1,0,0,0,9,0,5,0,2,0,4,0,0
5905670463,8,8,3,1,8,2,1,2,0,1,0,2,0,1,0,1,0,0,0,0
5910779427,4,8,4,0,4,0,0,2,2,0,0,6,0,5,0,1,0,5,0,0
5912541499,8,5,1,2,2,2,0,3,0,0,0,0,0,0,0,1,0,4,0,0
5913103008,2,2,1,1,4,1,0,6,1,2,0,6,0,1,2,0,1,3,0,0
5922935019,9,8,1,0,1,1,0,0,0,3,0,4,0,1,0,4,0,2,0,0
5924611906,7,5,0,2,5,3,0,3,1,1,0,2,0,1,0,1,0,2,0,0
5936189047,7,4,0,1,2,1,0,3,0,2,0,2,0,1,0,3,0,3,0,0
5938939933,2,2,1,0,5,1,0,6,0,1,0,16,0,10,0,3,0,10,0,0
5939401475,6,6,1,0,4,0,0,3,0,2,0,2,0,2,0,2,0,0,1,0
5940277276,7,12,10,1,8,1,0,3,1,1,0,1,0,2,0,2,0,1,1,0
5940687133,9,8,1,0,3,2,0,1,0,1,0,0,0,0,0,3,0,2,0,0
5945271367,4,4,1,2,5,4,0,7,0,2,0,1,1,0,0,1,0,2,1,0
5945709330,1,5,3,2,2,0,0,3,2,2,0,2,1,2,1,0,0,2,1,0
5955650225,9,9,4,3,14,4,0,10,0,3,0,6,2,1,1,2,0,4,1,0
5958565728,0,1,0,0,2,0,0,1,0,1,0,9,0,6,0,0,0,7,0,0
5959002995,2,2,0,1,2,1,0,5,0,0,0,3,0,2,1,3,0,3,1,0
5964496262,2,3,2,1,6,0,1,4,1,4,0,16,1,7,0,1,0,7,0,0
5977922311,8,8,2,0,3,0,0,1,0,2,0,2,0,0,0,3,0,0,0,0
5995265295,5,5,1,0,0,1,0,1,0,0,0,6,0,1,0,3,0,2,0,0
6002766592,2,1,0,0,3,0,0,3,0,2,0,14,0,6,1,3,0,8,0,0
6011866379,2,2,1,2,6,1,0,4,0,1,1,1,0,1,2,1,0,1,0,0
6014258429,3,2,0,0,2,2,0,4,0,1,0,5,0,2,0,1,1,3,0,0
6017342306,7,4,0,1,4,4,0,3,0,2,0,0,0,0,0,1,0,1,1,0
6018451826,6,7,2,0,3,2,1,3,0,2,0,2,0,2,0,2,0,1,0,0
6021716547,7,10,3,0,5,0,0,1,0,4,0,2,0,0,0,2,0,0,0,0
6023068205,0,1,0,6,9,3,0,17,0,0,2,6,0,6,3,0,0,5,1,1
6027917822,4,4,3,1,3,2,0,6,0,2,1,2,1,0,0,1,0,0,0,0
6033491434,5,7,2,1,4,0,0,3,0,2,0,2,1,0,0,1,0,0,0,0
6048562132,7,7,2,0,1,0,0,0,0,3,0,4,0,2,0,2,0,2,0,0
6053460391,12,11,4,1,11,4,0,10,0,2,1,11,1,7,2,3,0,8,0,0
6053643426,1,1,1,2,2,0,0,3,0,0,0,7,1,4,0,0,0,4,0,0
6074710244,3,2,0,1,3,2,0,6,0,1,1,0,0,0,1,4,0,1,0,0
6075008476,6,6,3,1,2,2,0,6,0,0,0,1,0,1,1,3,0,1,0,0
6083136406,4,2,1,1,7,1,0,5,1,1,1,9,0,5,2,1,0,5,0,0
6085245021,5,4,0,1,6,0,0,4,0,0,0,2,0,3,0,2,0,1,1,0
6099761498,6,7,0,1,2,0,0,2,1,4,0,2,1,0,0,2,0,0,0,0
6106178505,2,4,4,4,9,1,0,7,0,2,1,0,0,0,3,0,1,0,0,0
6109968287,5,9,5,0,7,1,0,2,2,1,0,1,0,1,0,2,0,1,0,0
6112143115,13,13,2,0,5,2,0,4,1,5,0,4,0,1,0,7,0,4,0,0
6114870847,5,3,0,2,3,4,0,6,0,0,0,0,0,1,1,0,0,2,0,0
6120804370,3,3,1,0,1,0,0,2,0,1,0,7,1,3,1,3,0,5,0,0
6134492623,8,6,4,2,3,3,0,7,1,0,1,3,0,2,0,2,0,4,0,0
6141309290,3,7,2,0,5,0,0,1,4,4,0,4,0,1,1,2,0,1,0,0
6177448088,3,1,1,3,6,1,0,7,0,1,0,1,3,0,0,0,0,0,0,0
6188046584,8,5,1,2,7,3,0,10,0,3,1,1,1,1,1,2,0,1,0,0
6189259803,7,13,6,1,6,1,0,5,2,2,0,2,0,1,0,1,0,1,1,0
6190142834,7,5,1,1,3,3,0,4,0,3,0,5,0,2,0,2,0,3,1,0
6211170803,7,11,5,0,6,1,0,1,2,2,0,0,0,0,0,3,0,1,0,0
6211366255,11,16,7,0,9,1,0,3,3,3,0,0,0,0,0,5,0,2,0,0
6217162787,9,9,1,0,1,0,0,1,0,4,0,1,0,0,0,4,0,0,0,0
6234217944,3,6,3,0,5,1,0,2,1,2,0,4,0,3,0,1,0,2,0,0
6244475452,7,5,0,1,3,3,0,4,0,0,0,3,0,1,0,3,0,3,0,0
6250267570,3,3,3,2,4,0,0,5,1,1,1,4,0,2,1,1,0,2,0,0
6255720547,7,6,0,0,1,1,0,1,0,1,1,2,0,1,0,3,0,3,0,0
6268001326,5,3,0,2,1,2,0,8,0,0,2,0,0,1,0,0,1,4,0,0
6282091932,6,8,4,2,6,3,0,10,1,2,1,4,0,2,1,2,0,2,1,0
6288956276,8,4,0,0,6,2,0,4,0,2,1,2,1,1,0,3,0,4,1,0
6291599277,1,7,7,2,8,0,0,2,2,2,0,0,0,0,1,0,0,0,0,0
6302606132,17,15,3,3,9,4,0,9,1,4,1,5,2,2,0,6,0,3,1,0
6303624481,2,7,2,2,5,0,0,5,1,1,0,1,0,2,0,1,0,1,1,0
6303627169,2,1,1,4,4,4,0,15,1,0,1,2,3,2,0,0,0,0,0,0
6317024023,4,7,3,0,5,1,0,3,0,2,0,4,0,0,0,2,0,1,1,0
6322173881,2,3,1,5,7,2,0,17,0,0,2,2,0,3,2,2,0,3,0,1
6333314147,6,7,1,2,4,1,0,5,0,3,0,3,1,0,0,5,0,1,0,0
6333328487,7,3,0,2,6,3,0,6,1,1,0,1,0,0,0,1,0,0,0,0
6339915929,3,1,0,1,4,2,0,6,0,3,0,1,2,0,1,1,1,2,0,0
6340393442,11,12,2,0,5,1,0,3,1,2,0,0,0,0,0,5,0,1,0,0
6344035599,5,5,0,0,2,0,0,3,0,3,0,14,0,7,0,3,0,8,0,0
6344425499,4,9,8,0,11,0,0,0,1,0,0,1,0,0,1,0,0,0,0,0
6346637540,4,2,0,2,5,1,0,3,0,3,1,2,0,2,0,0,0,3,0,0
6347268634,6,7,2,1,2,1,0,3,1,2,0,0,0,0,0,2,1,0,0,0
6354489703,3,3,1,0,2,1,0,2,0,1,0,5,0,5,0,1,0,5,0,0
6355574187,7,6,3,3,16,8,0,19,1,4,0,6,1,3,1,1,0,3,1,0
6420861759,7,7,1,0,4,1,0,1,0,1,0,1,0,1,0,4,0,2,0,0
6439952967,9,9,2,2,6,5,0,8,1,2,0,1,0,2,0,2,0,2,1,0
6481038116,1,9,4,0,6,0,0,2,4,5,0,1,0,0,2,0,0,0,0,0
6487479754,4,5,2,1,3,0,0,1,1,2,0,3,0,0,0,2,0,1,0,0
6502677031,6,8,3,0,5,0,0,3,1,4,1,1,0,0,0,0,0,0,1,0
6575418155,7,4,0,0,6,3,0,3,0,3,0,9,0,3,0,2,0,4,0,0
6575562256,11,14,4,0,5,1,0,7,1,4,0,2,0,0,0,6,0,2,1,0
6611750683,3,7,7,0,6,1,0,2,1,2,0,3,0,0,0,1,0,1,0,0
6618897392,5,3,0,1,7,2,0,3,0,3,0,5,0,2,0,1,0,4,0,0
6627556676,16,14,2,1,8,3,0,4,0,3,0,0,0,0,1,5,0,2,0,0
6636747252,3,3,0,4,4,1,0,12,1,1,3,1,0,0,1,1,2,1,3,0
6646762279,4,7,3,2,5,1,0,5,1,1,0,0,1,1,1,1,0,0,0,0
6651361793,7,7,2,2,7,0,0,8,0,2,1,3,2,2,0,2,0,2,2,0
6666644250,2,8,5,1,9,0,0,3,1,3,0,0,0,0,1,0,0,0,1,0
6671927963,6,4,1,1,5,1,0,2,0,1,0,2,1,0,1,1,0,1,1,0
6679105926,5,3,1,1,5,2,0,5,0,1,0,1,0,1,1,1,0,0,0,0
6692637773,4,2,0,0,2,0,0,4,0,0,1,5,0,4,0,3,0,3,0,0
6706103525,2,6,4,1,10,1,0,6,3,4,0,6,2,3,3,1,0,4,0,0
6714569799,3,2,0,3,4,0,0,3,0,3,0,3,2,1,0,0,0,1,0,0
6739127944,4,2,1,0,4,0,0,2,1,3,0,5,0,2,0,2,0,2,0,0
6750804372,3,4,1,1,2,2,0,3,1,2,0,3,0,0,0,2,0,2,0,0
6755239577,4,5,1,1,4,0,0,2,1,2,0,3,1,2,0,1,0,2,0,0
6755980573,3,5,2,0,3,0,0,0,1,0,0,7,0,6,0,1,0,6,0,0
6778948056,10,8,2,2,3,3,0,9,0,1,2,3,0,2,1,5,0,2,0,0
6788185857,4,8,5,1,4,0,0,2,2,3,0,0,1,0,0,0,0,0,0,0
6803054215,6,1,0,1,3,5,0,9,0,2,0,3,0,2,1,0,1,3,0,0
6803955832,0,1,2,2,5,1,0,4,1,3,0,3,0,2,2,0,0,2,1,0
6804886789,7,9,1,0,2,0,0,0,1,1,0,1,0,0,0,5,0,1,0,0
6809996207,0,0,0,2,6,2,0,6,0,1,2,3,0,2,2,0,0,3,0,1
6818905519,15,13,4,2,7,5,0,4,2,4,0,0,1,1,1,3,0,4,0,0
6825577141,8,6,4,0,3,2,0,5,2,3,0,4,0,0,0,4,0,1,0,0
6826017140,1,1,1,0,2,0,0,1,1,1,0,7,0,4,1,0,0,6,0,0
6832520867,7,6,0,0,4,2,0,3,0,1,0,1,0,0,0,5,0,2,1,0
6841923530,2,6,4,1,4,0,0,4,2,5,1,8,0,5,2,0,0,7,0,0
6844065524,2,3,0,2,3,2,0,6,0,0,0,3,1,2,0,2,0,1,1,0
6844649748,2,3,1,0,4,2,0,4,0,1,0,4,0,2,0,1,0,3,0,0
6847500351,1,2,1,0,4,0,0,0,1,3,0,5,0,3,2,1,0,3,0,0
6850359725,5,7,1,1,5,0,0,2,0,1,0,6,0,4,0,3,0,4,0,0
6857577702,15,10,3,0,5,4,0,2,0,1,0,5,0,3,0,3,0,6,0,0
6872898513,3,4,2,0,7,1,0,2,2,3,0,6,0,2,1,0,0,3,0,0
6879381434,2,4,4,0,8,1,0,1,0,2,0,7,1,5,1,0,0,4,0,0
6887784005,7,7,1,3,3,3,0,4,1,2,0,4,0,2,0,2,0,2,0,0
6891465249,8,9,2,4,8,4,0,7,0,1,0,5,1,5,1,2,0,3,0,0
6897338401,9,6,0,1,8,3,0,9,0,1,0,12,0,7,1,5,0,7,0,0
6904974433,1,0,0,0,4,1,0,5,0,0,0,2,0,1,1,0,0,2,0,0
6905131398,2,2,0,0,2,0,0,1,0,0,0,9,0,5,0,1,0,4,0,0
6912498372,3,5,1,0,5,0,0,2,1,3,0,7,0,6,1,1,0,4,0,0
6912926028,12,4,0,3,5,7,0,12,0,2,1,3,0,0,0,2,0,2,0,0
6924972532,5,7,0,1,2,0,0,3,0,1,0,2,0,2,0,4,0,0,1,0
6930245386,12,18,9,1,13,0,0,4,3,4,0,0,0,1,2,3,0,0,0,0
6938164031,3,5,1,0,3,0,0,2,1,2,1,1,0,1,2,3,0,3,0,0
6940457465,7,4,2,1,5,2,0,4,0,2,0,6,0,4,1,1,0,5,0,0
6946263977,7,4,1,2,10,4,0,5,0,3,0,6,1,4,2,3,0,5,1,0
6950082473,10,9,0,1,8,0,0,3,0,4,0,4,1,2,0,3,0,3,0,0
6956731880,7,5,0,0,2,1,0,1,0,2,0,4,0,1,0,2,0,3,0,0
6959948723,10,10,5,0,10,3,0,4,1,2,0,15,0,7,0,4,0,10,0,0
6961631141,3,0,0,3,4,3,0,8,0,2,0,2,3,0,0,0,0,0,1,0
6969824792,12,16,2,1,12,2,0,11,3,4,0,5,1,4,1,5,1,4,0,0
6977436310,5,8,4,2,8,1,0,5,3,1,2,1,0,0,2,1,0,0,0,0
7005200412,5,7,1,0,3,1,0,2,2,3,0,6,0,2,0,1,0,5,0,0
7005329566,3,4,2,0,5,0,1,2,1,2,0,12,0,4,0,2,0,5,0,0
7005779734,2,3,0,2,6,1,0,4,2,2,0,0,0,0,2,1,1,1,1,0
7010284238,5,3,1,1,3,3,0,5,0,0,0,4,0,3,0,2,0,5,0,0
7010596879,8,8,3,2,7,3,0,11,1,4,2,6,0,2,1,4,0,8,0,0
7023378942,8,5,0,2,6,4,0,14,1,2,2,0,0,2,1,0,1,2,0,0
7029028400,6,12,6,0,6,0,0,5,2,4,0,2,0,1,1,2,0,1,0,0
7029188448,4,3,1,3,7,3,0,7,0,2,0,1,0,0,2,1,0,1,0,0
7029649837,0,0,0,0,5,0,0,5,0,3,0,13,0,6,0,2,0,5,0,0
7035519406,9,12,4,0,6,0,0,1,1,4,0,1,0,1,3,4,0,1,0,0
7041665182,15,20,7,0,9,0,0,2,5,6,0,3,0,0,0,5,0,0,0,0
7044914066,7,6,0,1,3,2,0,2,0,1,0,1,1,1,0,3,0,2,0,0
7045540436,9,6,0,1,3,2,0,5,0,0,0,0,0,0,0,3,0,3,0,0
7047326979,1,2,0,2,4,1,0,9,0,1,0,2,0,3,0,0,0,0,1,0
7060289434,5,3,0,1,3,2,0,4,0,1,1,4,0,2,0,1,0,2,0,0
7061793532,3,2,0,2,3,3,0,10,0,1,1,4,0,3,0,2,0,3,1,0
7062563815,6,5,0,1,5,4,0,6,0,3,0,1,0,0,0,2,0,1,1,0
7063791922,3,9,9,0,8,0,0,0,1,0,0,0,0,0,0,0,0,0,0,0
7065006488,2,1,0,1,4,3,0,5,0,0,0,6,0,5,0,0,0,4,0,0
7093640003,3,4,1,1,4,0,0,5,1,4,1,7,1,5,0,0,0,4,0,0
7094054062,7,7,2,0,4,1,0,0,0,2,0,1,1,0,0,1,0,2,0,0
7102679446,5,7,3,0,3,0,0,0,0,2,0,4,0,2,0,2,0,3,0,0
7103428752,3,2,0,3,2,2,0,7,0,3,0,2,2,1,0,0,0,0,0,0
7103731320,5,8,4,0,4,0,0,2,1,1,0,0,0,0,1,1,0,0,0,0
7107303208,2,3,0,0,3,1,0,3,1,2,0,5,0,4,0,2,0,4,0,0
7110793206,13,15,6,0,10,0,0,3,0,2,0,2,0,0,0,3,0,0,0,0
7118587262,2,1,0,2,4,4,0,9,0,1,0,2,1,1,0,2,0,1,1,0
7126079777,2,1,0,0,2,3,0,4,0,0,0,5,0,3,0,2,0,5,0,0
7154470141,3,11,6,0,8,0,0,1,1,1,0,1,0,1,0,0,0,1,0,0
7168042266,4,0,0,1,2,4,0,7,0,1,0,6,0,3,0,0,1,6,0,0
7175445100,5,3,0,0,2,1,0,1,0,2,0,7,0,1,0,3,0,4,0,0
7183202605,4,3,1,1,7,1,0,4,1,0,0,1,0,0,1,2,0,0,0,0
7186505518,4,4,1,2,10,3,0,8,0,1,1,5,0,4,0,1,0,0,0,0
7190597866,1,1,0,1,1,1,0,8,0,1,0,3,0,2,1,1,0,1,1,0
7209801629,12,18,5,0,8,1,0,2,3,5,0,7,0,2,0,5,0,4,0,0
7214285353,3,5,1,0,6,0,0,2,1,2,0,3,0,2,1,0,0,2,0,0
7237309286,6,4,0,1,8,3,0,2,0,2,0,3,0,2,1,0,0,2,0,0
7275404818,8,4,2,5,5,2,0,6,1,1,2,1,0,0,2,1,1,1,1,0
7280491193,2,2,3,0,3,0,0,0,1,1,0,6,1,4,0,0,0,3,0,0
7298698324,5,8,5,1,6,0,0,2,0,2,0,0,1,0,0,0,0,0,0,0
7309647650,7,11,5,1,13,3,1,7,3,3,0,7,0,3,0,2,0,5,1,0
7310132917,11,13,2,0,1,0,0,0,2,3,0,1,0,0,0,6,0,1,0,0
7325533389,0,0,0,0,1,0,0,1,0,0,0,10,0,7,0,0,0,6,0,0
7329496410,4,3,0,1,3,2,0,4,0,2,0,7,0,5,0,0,0,4,0,0
7329815949,8,5,2,1,4,2,0,2,1,0,0,2,0,1,0,1,0,3,0,0
7339301230,5,6,1,0,5,1,0,3,1,1,0,2,0,1,0,3,0,1,0,0
7340395778,11,15,3,1,7,2,0,8,3,4,0,4,1,3,1,6,0,7,0,0
7341357612,2,3,0,0,0,0,0,4,0,3,0,11,0,4,0,0,0,6,0,0
7341549702,11,11,0,1,7,1,0,6,0,3,0,7,0,4,0,4,0,4,0,0
7341978083,1,4,1,1,5,0,1,6,1,1,2,4,0,5,1,0,0,3,1,0
7346664138,0,1,0,0,1,0,0,2,0,0,0,11,0,6,0,1,0,5,0,0
7350014203,8,7,1,1,6,0,0,3,0,1,0,6,1,2,0,0,0,3,0,0
7363316495,5,4,0,3,1,0,0,5,0,3,0,2,0,0,0,2,0,2,1,0
7364216280,8,6,2,0,4,1,0,3,0,2,0,1,0,0,0,4,0,1,0,0
7368849606,5,4,1,0,3,2,0,5,0,1,0,9,0,5,0,1,0,5,0,0
7369815300,3,6,4,0,6,1,0,4,0,2,0,1,0,0,1,1,0,0,0,0
7370970172,5,5,1,0,3,1,0,3,0,1,1,2,0,2,0,3,0,3,0,0
7374166525,7,3,0,1,9,5,0,6,0,1,0,7,0,4,0,4,0,5,0,0
7375572729,4,4,1,0,7,0,0,0,0,2,0,2,0,0,2,0,0,1,0,0
7380215402,10,9,0,1,4,3,0,5,1,3,0,3,0,0,0,5,0,3,0,0
7391303480,7,5,2,2,3,2,0,3,0,0,0,0,1,0,1,2,0,2,1,0
7392902819,9,9,2,1,6,0,0,4,1,3,0,3,0,1,0,3,0,2,0,0
7393284436,3,3,3,0,5,0,0,2,1,0,0,5,0,4,0,1,0,3,0,0
7393730477,2,2,0,2,7,0,0,5,0,0,0,7,0,4,1,1,0,4,0,0
7394742122,3,2,0,0,2,0,0,2,0,1,0,9,0,5,0,2,0,5,0,0
7395798012,13,20,7,3,14,2,0,13,4,6,0,9,1,6,1,5,2,8,0,0
7396482697,12,10,0,1,3,2,0,2,0,3,0,3,0,0,0,4,0,2,0,0
7396725805,9,10,3,2,12,3,0,12,0,2,1,10,0,7,1,5,0,6,0,0
7420948879,4,6,2,0,6,2,0,5,0,2,0,3,0,1,0,1,0,1,0,0
7426328878,10,8,0,0,1,1,0,1,0,2,0,0,0,0,0,4,0,2,0,0
7434989237,3,4,0,1,3,0,0,6,0,1,0,2,0,0,0,2,0,0,1,0
7442141235,7,3,0,2,5,3,0,8,0,2,0,0,1,1,1,1,0,3,0,0
7449690657,8,4,0,2,5,2,0,8,0,0,1,2,0,1,0,2,0,0,0,0
7456033955,6,5,0,1,4,3,0,5,2,3,0,1,0,0,1,2,0,1,0,0
7461114948,1,1,1,0,4,0,0,1,1,1,0,8,0,3,1,1,0,4,0,0
7465350641,6,12,1,4,7,1,0,11,3,2,1,3,0,4,1,2,0,3,1,0
7466029414,20,18,3,1,9,2,0,5,2,3,0,9,0,3,0,7,0,8,0,0
7468052410,3,2,0,0,4,1,0,1,0,1,0,5,0,3,0,3,0,3,0,0
7482264204,7,6,2,0,5,4,0,5,1,0,0,4,0,1,0,5,0,3,1,0
7499105214,8,6,2,1,6,4,0,5,0,0,0,4,0,2,0,3,0,2,0,0
7500711611,1,1,0,0,3,0,0,2,0,3,0,10,0,7,1,0,0,6,0,0
7504998252,7,6,3,0,5,1,0,1,1,1,0,2,0,0,0,1,0,0,0,0
7505497748,0,0,0,1,5,0,0,6,0,2,0,4,1,4,2,0,0,2,0,0
7513833405,2,4,1,1,8,0,0,4,1,4,1,0,1,0,6,0,0,0,0,0
7514276688,18,17,7,3,22,5,0,12,2,4,1,11,0,5,1,4,0,7,1,0
7523745730,4,3,0,3,5,2,0,6,0,0,2,0,0,0,1,1,0,0,0,0
7540973810,2,2,0,1,1,0,0,2,0,3,0,9,0,5,0,1,0,4,0,0
7567292874,4,4,1,0,5,1,0,8,1,3,0,20,0,11,0,3,0,12,0,0
7570210237,5,1,0,4,3,3,0,10,1,1,1,0,1,0,0,1,0,1,0,0
7572884245,9,10,3,1,5,1,0,3,1,2,0,0,0,0,0,2,0,1,0,0
7581645082,4,5,2,1,3,2,0,6,0,1,1,3,0,2,1,2,0,3,0,0
7587170477,10,8,1,2,7,1,0,7,0,3,0,6,2,1,0,4,0,2,0,0
7593379195,2,2,0,1,2,0,0,3,0,3,0,8,2,5,0,3,0,6,0,0
7597928500,1,0,0,1,5,2,0,5,0,1,1,6,0,3,0,0,0,1,0,0
7623023067,6,9,5,0,4,1,0,3,0,3,0,1,0,0,0,1,0,0,0,0
7624281505,2,3,1,0,7,0,0,2,1,3,0,3,1,1,2,0,1,1,0,0
7685867128,6,5,2,2,8,2,0,7,0,5,1,4,0,2,4,2,0,4,0,0
7691896897,1,1,1,0,3,0,0,0,1,0,0,8,0,5,0,1,0,5,0,0
7695982943,2,2,0,5,3,0,0,10,0,0,3,1,0,1,0,0,0,1,1,0
7700869959,7,6,1,0,2,0,0,3,0,2,0,4,0,2,0,4,0,2,0,0
7729973041,3,5,1,1,2,0,0,1,1,2,0,4,0,3,0,1,0,3,0,0
7730747786,0,1,0,0,1,0,0,2,0,0,0,9,0,5,0,1,0,6,0,0
7735923016,1,0,0,0,5,2,0,5,0,2,0,4,0,2,0,2,0,3,0,0
7742962126,6,6,0,1,3,2,0,3,0,2,0,0,1,0,0,2,0,3,0,0
7747511140,8,11,2,0,4,0,0,2,1,4,0,1,1,0,0,5,0,1,0,0
7771535662,7,6,1,1,1,1,1,1,0,2,0,5,0,3,0,4,0,4,1,0
7773346349,4,5,1,0,4,0,0,3,0,3,0,5,0,1,0,3,0,1,0,0
7773664209,8,5,0,1,5,3,0,6,0,1,1,4,0,1,1,2,0,4,1,0
7781447951,5,5,1,0,4,1,0,2,1,1,0,3,0,1,0,3,0,1,0,0
7788368015,2,3,0,4,4,1,1,9,0,1,2,2,1,2,0,0,0,0,1,0
7848160498,8,10,6,1,9,1,0,5,1,3,1,1,0,0,1,2,1,1,0,0
7861794737,0,1,1,0,1,0,0,1,2,2,0,8,0,4,0,0,0,5,0,0
7861806690,3,5,5,1,10,1,0,1,1,2,0,2,0,0,2,0,0,1,0,0
7866682172,1,1,0,0,1,1,0,2,0,0,0,7,0,7,0,1,0,8,0,0
7872413722,1,1,0,0,3,0,0,1,0,0,0,8,0,5,1,1,0,5,0,0
7891137937,2,2,0,0,3,0,0,4,0,1,0,9,0,5,0,0,0,3,0,0
7891995967,7,7,4,2,7,2,0,4,1,1,1,1,0,0,0,2,0,0,1,0
7900716384,7,8,2,0,2,0,0,0,0,1,0,7,0,4,0,4,0,5,0,0
7906843242,5,2,0,1,4,2,0,4,0,1,1,3,0,0,0,0,0,2,1,0
7910190764,5,5,0,3,4,0,0,5,0,3,0,0,0,0,1,1,0,0,1,0
7916842433,14,13,4,0,7,2,0,2,1,2,0,3,0,2,0,5,0,2,0,0
7920164236,5,4,0,1,2,2,0,2,0,2,0,3,0,1,0,2,0,4,0,0
7929154735,11,9,3,0,5,1,0,3,1,3,0,12,0,5,0,4,0,5,0,0
7941132624,5,8,6,1,5,0,0,1,1,0,0,0,0,0,0,1,0,0,0,0
7949349806,4,3,1,1,3,2,0,4,1,3,1,6,0,4,1,1,0,4,0,0
7971416783,4,5,1,1,3,0,0,2,0,1,0,3,0,1,0,3,1,2,0,0
7981179947,10,7,1,1,5,1,0,2,1,1,0,1,0,1,0,3,0,3,1,0
8002327485,11,6,0,3,6,4,0,13,0,4,0,7,2,3,0,7,0,3,1,0
8009749975,8,8,2,1,2,0,0,2,0,2,0,1,0,0,0,3,1,0,0,0
8013068839,2,1,0,0,2,0,0,2,0,1,0,14,0,7,0,2,0,9,0,0
8027980215,2,6,2,1,7,0,0,4,1,2,0,1,1,0,1,0,0,0,0,0
8036289133,3,0,0,1,3,2,0,5,0,0,0,3,0,0,0,2,1,4,0,0
8046173857,4,4,1,0,5,0,0,1,1,2,0,7,0,4,1,0,0,5,0,0
8051169295,10,5,1,0,4,5,0,7,0,3,0,3,1,1,1,3,0,5,0,0
8063743568,11,5,0,1,6,4,0,10,0,1,1,2,1,1,2,2,0,2,0,0
8088908761,4,4,0,1,4,2,0,6,0,2,0,4,0,1,0,2,0,1,1,0
8089710293,2,6,5,1,5,0,0,3,2,2,1,1,0,0,1,0,0,0,0,0
8096562843,4,5,0,0,2,0,0,3,0,2,0,8,0,7,0,4,0,7,0,0
8099645213,3,4,2,1,7,4,0,10,0,1,0,4,0,3,2,0,1,4,0,1
8104348543,3,1,1,3,5,1,0,5,0,1,0,1,2,0,0,1,0,1,0,0
8123979786,7,7,2,1,6,0,0,2,0,2,0,8,1,4,1,3,0,6,0,0
8129705808,7,8,2,1,0,0,0,2,1,3,0,2,1,2,0,4,0,3,0,0
8130308394,6,5,1,2,5,2,0,7,0,0,2,0,0,0,0,2,0,0,1,0
8132080269,1,2,0,3,6,0,0,12,0,3,1,13,0,8,1,2,0,8,0,0
8146140574,0,1,2,1,8,1,0,4,1,2,0,6,1,3,0,0,0,4,0,0
8146733096,5,5,0,1,1,1,0,5,1,3,0,2,0,1,0,3,1,2,0,0
8148039072,3,4,2,2,6,1,0,3,0,2,0,0,0,0,2,0,0,0,0,0
8151196417,13,9,2,2,2,2,0,6,0,1,0,1,0,1,0,5,0,3,0,0
8151840560,8,7,3,1,6,3,0,2,1,2,0,1,0,0,0,1,0,1,0,0
8154318223,0,0,0,0,3,0,1,2,0,1,0,14,0,6,0,1,0,6,0,0
8158014894,2,5,2,0,3,0,0,0,1,0,0,5,0,4,0,1,0,3,0,0
8158815970,3,3,0,0,6,1,0,1,0,0,0,10,0,6,0,0,0,4,0,0
8159272331,4,4,2,4,6,3,0,12,1,0,1,0,1,1,0,1,0,0,1,0
8160151269,5,3,1,1,3,1,0,3,0,1,0,6,1,5,0,2,0,8,0,0
8162535476,5,4,1,1,5,2,0,4,0,0,0,1,0,1,0,1,0,2,1,0
8195660535,10,10,4,5,13,6,0,18,2,5,3,12,3,6,2,2,1,8,0,0
8202447088,3,5,1,0,5,0,0,1,3,2,0,4,0,3,0,3,0,2,0,0
8207275977,8,6,0,1,4,2,0,2,0,1,1,7,0,4,0,3,0,4,0,0
8211483029,2,2,0,7,8,3,0,20,0,0,1,5,1,4,1,0,0,1,2,0
8223441479,4,3,1,1,10,1,0,4,0,2,0,4,0,1,1,1,1,2,1,0
8226179817,5,4,2,0,3,0,0,2,0,0,0,6,0,4,0,3,0,5,0,0
8236167857,8,5,2,0,7,4,0,8,0,2,1,1,1,0,0,2,0,3,0,0
8244024173,13,8,1,5,13,2,0,16,0,2,3,5,0,3,2,4,0,3,2,0
8246285573,8,8,2,1,7,2,0,4,1,3,0,1,1,1,0,1,0,1,0,0
8249648934,2,1,0,1,4,1,0,6,0,1,1,4,0,3,0,0,0,3,0,0
8257188290,12,10,1,2,9,2,0,8,0,4,0,5,1,2,1,4,0,3,0,0
8290630380,0,5,4,1,7,0,0,5,1,0,0,1,1,1,0,0,0,1,0,0
8291068926,6,5,1,1,4,0,0,3,0,2,1,2,0,2,1,0,0,1,0,0
8292932656,9,7,0,1,8,2,0,3,0,3,0,5,1,5,1,2,0,3,0,0
8296596462,10,6,3,4,7,5,0,13,0,2,0,6,1,3,1,4,0,5,2,0
8305123364,1,2,0,0,1,0,0,1,1,2,0,11,0,7,0,1,0,6,0,0
8313805617,8,11,4,0,10,1,0,1,1,2,0,0,0,0,2,2,0,0,0,0
8323581045,2,1,1,2,3,1,0,5,0,2,0,4,3,2,0,0,0,2,0,0
8339015782,7,10,2,0,4,0,0,1,2,2,0,1,0,0,0,2,0,1,0,0
8339798023,5,3,1,0,4,4,0,6,0,1,0,1,0,0,0,1,0,1,0,0
8340198717,6,6,3,0,8,2,0,2,0,0,0,1,0,1,1,1,0,1,0,0
8358728626,3,4,2,4,4,3,0,12,1,0,0,2,0,1,0,0,0,0,1,0
8363648483,1,1,0,1,4,3,0,7,0,3,0,2,2,0,1,0,0,1,0,0
8381439557,6,13,5,3,10,4,0,13,1,2,0,9,0,7,0,2,2,7,1,0
8395818068,7,8,0,0,4,0,0,2,0,2,0,0,0,1,0,2,1,1,0,0
8402075520,4,8,3,0,15,2,0,9,3,5,0,10,1,9,4,2,0,7,0,0
8407118156,3,3,0,1,0,1,0,3,0,2,0,5,0,2,0,3,0,3,0,0
8409166857,1,1,2,0,3,2,0,4,0,0,0,8,0,5,0,0,0,6,0,0
8416116150,7,7,0,1,3,0,0,1,0,2,0,3,1,1,0,3,0,2,0,0
8421938458,4,5,3,0,4,0,0,0,1,1,0,3,0,2,0,0,0,2,0,0
8422952040,8,5,2,1,6,3,0,2,0,1,0,1,0,0,0,1,0,1,0,0
8426028482,7,7,1,0,6,0,0,1,0,0,0,2,0,1,0,3,0,2,0,0
8426910046,2,2,2,3,6,2,0,7,0,0,0,0,0,1,0,1,0,1,0,0
8430438008,9,13,5,0,9,0,0,1,0,2,0,0,0,0,1,2,0,0,0,0
8434327750,2,3,0,11,8,7,1,30,0,2,4,4,1,4,1,1,1,2,2,1
8438052029,6,7,4,0,3,0,0,0,1,0,0,4,0,3,0,3,0,3,0,0
8458009686,6,5,3,1,7,3,0,5,1,0,1,0,0,0,0,3,0,1,0,0
8464580176,4,9,4,1,4,0,0,3,1,2,1,2,0,1,0,0,0,1,0,0
8477667116,6,5,3,0,8,2,0,2,1,0,0,3,0,1,0,2,0,0,1,0
8483743047,6,6,0,2,4,0,0,2,0,1,0,2,0,0,0,3,0,0,1,0
8486778181,4,4,1,0,9,3,0,4,2,1,0,3,0,1,2,1,0,1,0,0
8498955175,12,9,0,1,5,2,0,1,0,2,0,5,0,1,0,5,0,2,0,0
8503001621,8,7,1,0,1,0,0,1,0,1,0,2,0,0,0,7,0,1,0,0
8516173792,2,3,1,1,2,0,0,3,1,1,0,8,0,6,0,1,0,7,0,0
8518497355,5,9,8,0,9,0,0,0,1,1,0,1,0,0,0,0,0,0,0,0
8519744548,1,2,2,0,3,0,0,3,1,0,0,4,0,4,1,3,0,7,0,0
8523446836,4,5,0,0,5,0,0,3,0,1,0,2,0,0,3,1,0,1,0,0
8528425182,1,0,0,2,2,5,0,8,0,1,0,3,1,1,0,0,0,1,0,0
8532749175,4,4,2,2,2,0,0,5,1,2,0,1,0,0,1,2,0,0,0,0
8532865635,3,4,2,2,5,1,0,5,1,0,2,0,0,0,1,0,0,0,0,0
8540194140,6,7,3,2,8,1,0,6,1,2,0,5,0,3,1,2,0,5,1,0
8541020823,6,6,1,2,5,4,0,9,0,2,0,3,0,2,1,3,0,5,1,0
8553199313,3,3,0,0,1,0,0,2,0,0,0,7,0,3,0,2,0,6,0,0
8559704158,7,6,3,0,3,1,0,3,1,0,1,4,0,1,0,3,0,3,0,0
8566716750,2,2,1,0,2,0,0,1,1,3,0,9,0,3,0,0,0,4,0,0
8571178745,4,2,1,3,5,4,0,10,0,1,1,5,0,4,0,0,0,4,0,0
8571277602,10,10,2,0,4,1,0,0,0,1,0,0,0,0,0,3,0,1,0,0
8577419167,7,5,0,0,6,2,0,6,0,1,1,1,0,0,1,2,0,0,0,0
8579995480,2,6,2,1,2,0,0,2,2,2,0,2,0,1,0,1,0,2,0,0
8589462173,2,3,2,0,4,1,0,3,0,3,0,9,0,5,1,1,0,4,0,0
8591640197,1,3,3,1,3,0,0,2,2,1,0,4,0,1,0,1,0,2,0,0
8594031927,5,4,2,0,6,1,0,4,1,2,0,2,1,1,0,0,0,1,1,0
8594768700,19,11,0,1,11,5,0,7,0,4,0,9,0,5,2,4,0,8,0,0
8614945433,7,9,5,0,8,1,0,3,2,1,0,7,0,3,0,2,0,4,0,0
8631857363,2,4,0,0,2,0,0,2,1,2,0,7,0,5,0,1,0,5,0,0
8646924638,4,6,4,1,5,0,0,4,1,1,0,2,0,3,0,1,0,3,1,0
8656465606,3,5,1,3,3,0,0,5,1,2,1,0,0,0,2,0,0,0,1,0
8657117685,5,6,3,2,15,2,0,10,0,2,0,8,1,5,2,1,0,3,1,0
8658093894,8,7,2,0,8,1,0,4,1,1,0,1,0,1,1,3,0,2,1,0
8658613117,14,10,2,2,8,4,0,9,0,2,0,6,0,3,1,6,0,5,1,0
8673112535,4,5,2,1,4,1,0,2,0,1,0,2,0,0,0,1,0,3,0,0
8679621572,2,2,1,0,1,0,0,2,0,1,0,9,0,5,0,1,0,3,0,0
8690148841,8,9,2,0,5,1,0,0,0,3,0,0,0,0,1,3,0,1,0,0
8701886603,3,4,3,1,7,3,0,3,0,0,0,5,0,2,0,1,0,1,0,0
8704008747,6,7,0,0,5,0,0,2,1,3,0,7,0,5,1,2,0,4,0,0
8706710363,4,5,0,1,4,0,0,5,1,2,0,2,0,2,1,3,0,2,0,0
8707444717,1,3,1,2,4,0,0,4,0,0,1,5,0,2,1,2,0,1,0,0
8711825956,6,4,2,2,6,2,0,5,0,2,0,2,0,1,1,2,0,2,1,0
8725181438,12,10,0,0,3,2,0,3,0,3,0,7,0,4,0,3,0,7,0,0
8735419788,4,4,0,0,2,0,0,1,0,1,0,6,0,4,0,3,0,3,0,0
8749328165,4,4,2,0,3,1,0,4,0,0,0,4,2,4,1,1,0,3,0,0
8762795047,7,3,0,2,6,2,0,5,0,0,1,3,0,1,0,1,0,1,1,0
8773072451,2,4,0,0,7,3,0,8,0,1,0,14,0,9,1,1,0,8,0,0
8773681277,1,2,0,0,2,0,0,1,0,1,0,9,0,4,0,1,0,6,0,0
8785703719,5,4,0,0,1,1,0,1,0,2,0,6,0,3,0,2,0,4,0,0
8880861151,2,5,3,2,7,1,0,5,2,1,0,4,1,3,1,3,0,4,1,0
8892141583,5,5,2,2,8,2,0,8,1,3,1,2,1,0,1,3,0,2,0,0
8895620221,8,13,4,0,13,1,0,3,3,6,0,9,1,3,0,1,0,3,0,0
8928453322,13,12,5,4,19,5,0,20,1,2,1,19,0,10,3,4,0,13,2,0
8930758620,17,18,8,8,17,5,0,14,2,6,1,1,0,0,6,5,0,1,0,0
8931805544,2,3,0,2,6,2,0,7,0,2,0,3,0,2,0,1,0,2,2,0
8936404099,6,8,3,1,7,0,0,2,0,2,0,0,0,0,2,1,0,0,0,0
9001461306,3,3,1,5,14,0,0,8,0,2,1,6,3,4,1,0,0,3,0,0
9039708348,4,3,1,1,6,1,0,2,1,1,0,1,0,0,1,1,0,1,0,0
9041357406,13,12,2,3,19,7,1,16,0,5,1,9,3,5,1,4,0,4,2,0
9045740872,9,4,2,1,6,5,0,6,0,1,1,3,1,2,0,0,0,2,0,0
9071916646,6,2,1,1,4,3,0,6,1,1,0,2,0,1,1,1,0,0,0,0
9129840002,7,7,5,1,11,3,0,8,1,1,0,12,0,5,0,2,0,8,0,0
9131016921,7,5,2,2,7,2,0,6,1,1,1,5,0,4,2,1,0,5,0,0
9143394526,0,0,1,3,2,1,0,7,0,0,1,3,0,2,2,0,0,2,0,0
9147830180,3,5,3,1,6,1,0,4,1,2,0,2,0,1,0,1,0,1,0,0
9151363180,6,4,0,1,3,0,0,3,0,3,0,4,0,0,0,1,0,1,0,0
9155481537,3,3,1,0,5,1,0,2,0,3,0,1,0,2,3,2,0,2,0,0
9159801428,7,14,6,0,6,1,0,5,2,3,0,0,1,0,2,3,0,1,0,0
9180218615,11,10,2,1,9,3,0,5,0,1,0,0,0,0,0,5,0,0,1,0
9180253641,2,2,0,2,2,1,0,7,0,0,0,3,0,1,0,2,0,3,0,0
9180440134,7,8,2,0,4,1,0,3,2,2,1,1,0,1,1,3,0,2,0,0
9197292654,4,2,1,0,8,1,0,3,1,1,0,8,0,3,0,3,0,2,1,0
9199922330,5,6,0,0,2,0,0,1,1,1,0,3,0,3,0,4,0,4,0,0
9202510605,4,4,3,1,5,1,0,4,1,1,0,0,1,0,2,2,0,0,1,0
9208100238,6,3,1,0,3,1,0,4,1,1,0,3,0,0,0,5,0,2,1,0
9218875846,1,2,0,0,1,0,0,1,0,0,0,10,0,5,0,1,0,5,0,0
9233000316,4,4,2,0,3,1,0,2,1,1,0,3,0,1,0,2,0,2,0,0
9246813397,4,8,5,0,4,0,0,0,2,2,0,1,0,1,0,1,0,2,0,0
9251141287,6,4,1,0,5,1,0,4,0,0,1,2,0,0,2,1,0,0,0,0
9294324340,5,7,5,1,8,0,0,3,1,1,0,2,1,1,0,1,0,2,0,0
9367206916,4,7,0,1,5,1,0,7,2,5,0,7,0,5,1,2,0,5,0,0
9377594048,3,2,1,4,3,2,0,9,0,1,2,5,0,3,0,2,0,4,1,0
9387596311,8,11,3,2,9,2,0,11,0,4,0,12,1,7,1,4,1,8,0,0
9416872008,6,5,0,0,6,2,0,5,0,3,0,4,0,2,1,3,0,2,0,0
9432776063,10,7,2,0,5,3,0,2,0,1,0,1,1,0,1,3,0,2,0,0
9455481094,4,2,1,2,3,3,0,7,0,1,1,1,1,0,0,1,0,1,1,0
9474356356,5,1,0,1,2,3,0,8,0,1,2,3,1,2,1,2,0,5,0,0
9530271039,7,6,1,1,5,1,0,4,0,1,1,0,1,0,0,3,0,0,1,0
9548345596,6,4,1,0,4,3,0,5,0,0,0,0,0,1,0,3,0,0,0,0
9600883539,3,3,0,0,2,1,0,0,0,0,0,7,0,4,0,2,0,6,0,0
9653602248,5,7,1,0,5,0,0,1,1,2,0,2,0,0,1,1,0,0,0,0
9684104283,3,3,0,0,4,2,0,6,0,2,0,9,0,3,0,1,0,5,1,0
9684854279,3,3,1,1,7,2,0,8,0,1,2,0,0,1,3,0,1,1,1,0
9712513013,8,8,0,0,3,1,0,2,0,3,0,12,0,8,0,1,0,10,0,0
9722452559,0,6,5,0,6,1,0,3,3,2,0,0,0,0,2,0,0,0,0,0
9722455478,10,9,2,1,5,2,0,4,0,3,0,3,2,1,0,5,0,3,0,0
9749605468,0,1,0,0,1,0,0,2,1,1,0,8,0,8,0,0,0,6,0,0
9774054902,4,5,1,0,5,2,0,4,1,2,0,1,0,0,0,3,0,0,1,0
9854143234,1,0,1,0,6,2,0,2,1,0,0,6,0,3,0,0,0,3,0,0
9897441050,2,4,0,0,2,0,0,4,0,1,0,10,0,5,0,1,0,4,0,0
9901695592,8,7,0,0,3,1,0,2,0,4,0,8,0,3,0,3,0,4,0,0
9929154683,3,3,1,2,1,0,0,6,0,2,1,1,0,0,3,2,1,0,0,0
9937823037,4,1,0,2,2,3,0,8,0,0,1,1,0,0,2,0,0,0,0,0
9956656559,3,4,0,0,8,2,0,4,1,5,0,2,0,2,5,0,0,0,0,0
9975528646,1,1,0,0,2,0,0,1,0,1,0,12,0,7,0,1,0,7,0,0
9979313516,2,5,4,2,4,1,0,5,1,2,1,0,1,0,0,0,0,0,0,0
9982043345,7,7,0,0,1,1,0,2,1,3,0,11,0,5,0,6,0,8,0,0
9987322276,4,3,0,0,2,0,0,3,0,2,1,12,0,5,0,1,0,6,0,0
10006566146,3,1,0,0,5,1,0,2,0,2,0,12,1,7,0,2,0,6,0,0
10010056891,4,7,5,1,8,1,0,3,2,3,1,7,1,4,1,1,0,4,0,0
10116606858,2,0,0,3,4,2,0,9,0,0,1,4,0,2,0,0,0,1,2,0
10140121962,7,8,0,0,5,0,0,1,0,0,0,2,0,1,0,4,0,0,0,0
10141550683,2,1,0,2,11,3,0,7,0,2,1,4,0,2,3,0,0,2,0,0
10153513814,5,5,1,1,6,1,0,7,1,1,0,2,1,3,0,4,0,3,1,0
10160320181,3,9,7,1,7,0,0,3,2,1,0,0,0,0,0,0,1,0,0,0
10236624678,6,7,0,0,1,0,0,0,1,2,0,4,0,1,0,3,0,1,0,0
10261431814,4,8,6,3,10,0,0,5,2,2,1,0,2,0,2,0,0,0,0,0
10272732204,2,2,0,2,4,0,0,7,0,1,0,5,0,4,1,2,0,4,1,0
10274292297,4,7,4,3,5,0,0,4,3,1,2,0,0,0,0,0,0,0,0,0
10396216277,0,2,1,4,5,1,0,10,0,0,2,8,0,7,1,0,0,6,1,0
10510268224,7,6,1,0,3,1,0,1,0,2,0,4,0,2,0,1,0,3,0,0
10567103618,6,6,2,1,4,1,0,2,0,1,0,4,1,2,1,3,0,3,0,0
10602995387,8,7,1,1,2,2,0,3,0,1,0,0,0,0,0,4,0,1,0,0
10674273239,10,8,1,1,7,4,0,7,0,3,0,6,0,1,0,6,0,2,1,0
10674742869,1,2,0,3,1,1,0,8,0,0,2,2,0,1,0,1,0,0,0,0
10704443562,5,5,0,0,7,2,0,1,1,0,0,2,0,2,1,1,0,3,1,0
10732574407,5,6,2,0,4,1,0,1,1,0,0,2,0,0,0,3,0,1,0,0
10800903835,6,6,1,0,1,2,0,4,0,2,0,3,0,1,0,1,0,3,0,0
10820848947,4,3,0,1,5,1,0,4,0,2,0,4,1,0,0,1,0,0,0,0
10834549080,4,7,3,0,3,0,0,1,1,2,0,2,0,0,0,2,0,0,0,0
10836933019,9,8,2,0,1,1,0,1,0,2,0,5,0,1,1,4,0,3,0,0
10857347380,1,1,0,0,4,2,0,3,0,1,0,9,0,7,1,0,0,7,0,0
10882399919,3,4,2,2,2,1,0,8,0,0,2,1,1,3,0,0,0,2,1,0
10895349641,9,7,0,1,6,2,0,4,0,1,0,3,1,1,0,4,0,2,1,0
10904070740,6,9,3,0,4,0,0,0,1,1,0,1,0,1,0,3,0,0,0,0
10938193798,4,5,0,0,6,0,0,3,0,3,0,9,0,3,1,2,0,1,0,0
10968338660,4,8,3,6,7,2,0,12,1,2,3,4,1,3,0,1,0,3,0,0
10990423915,6,6,0,0,2,1,0,2,0,1,0,4,0,3,0,4,0,4,0,0
11047010444,0,0,0,2,6,4,0,11,0,1,0,5,0,4,1,1,0,3,0,0
11054742515,5,4,0,0,4,1,0,2,0,2,0,6,0,1,0,2,0,1,0,0
11055255926,9,7,1,1,2,1,0,2,0,1,1,0,1,0,0,4,0,0,0,0
11059155340,5,3,0,1,1,2,0,9,0,0,1,0,0,1,0,1,1,1,0,0
11066209361,2,5,3,0,3,0,0,1,2,2,0,9,0,6,0,0,0,6,0,0
11066513248,3,4,0,3,13,3,0,9,0,4,2,4,2,3,4,2,1,2,0,0
11117311619,5,4,0,0,5,0,1,0,0,1,0,6,0,2,0,1,0,3,0,0
11166615927,4,5,2,1,5,2,0,5,0,1,1,1,0,0,0,2,0,1,0,0
11177915625,9,13,6,1,7,2,0,6,0,2,0,3,0,1,0,5,0,3,1,0
11184052037,10,7,0,1,7,4,0,5,0,2,0,4,2,1,0,4,0,4,0,0
11184604792,15,9,0,1,7,4,0,4,0,1,0,1,0,0,0,2,0,4,0,0
11218243914,5,4,2,1,7,4,0,5,0,1,0,4,0,2,0,1,0,5,0,0
11326724693,6,4,1,2,4,1,0,5,0,3,0,2,0,0,0,0,0,0,1,0
11351647951,1,5,2,0,5,0,0,1,3,2,0,8,0,5,1,1,0,8,0,0
11382354297,11,6,1,1,9,3,0,6,0,0,0,1,0,1,0,3,0,2,1,0
11586365243,6,5,0,1,1,2,0,5,0,3,0,3,0,0,0,4,0,3,0,0
11591052413,7,5,1,1,5,4,0,5,0,0,1,2,0,0,0,1,0,3,1,0
11603446929,7,6,0,1,3,1,0,2,0,2,0,3,0,1,0,6,0,2,0,0
11613130436,5,3,2,1,6,4,0,7,0,2,0,4,0,2,2,1,0,2,0,0
11618116654,1,7,9,0,8,1,0,4,1,1,0,2,0,0,0,0,0,1,0,0
11625533781,5,4,1,1,7,2,0,5,0,1,0,1,2,0,0,1,0,1,1,0
11630325244,7,5,0,0,3,1,0,4,1,0,1,1,0,0,1,4,1,0,0,0
11688245134,7,6,0,0,3,1,0,2,0,2,0,10,0,7,0,4,0,7,0,0
11696221304,9,8,0,0,4,1,0,1,1,3,0,2,0,2,0,2,0,3,0,0
11779489719,5,5,2,1,6,0,0,2,0,2,0,3,2,0,0,1,0,0,0,0
11789030449,4,6,3,1,6,1,0,3,2,1,0,3,1,0,0,1,0,0,0,0
11812617946,3,4,0,0,0,0,0,2,0,2,0,6,0,3,0,3,0,5,0,0
11835611722,6,5,2,0,5,3,1,8,0,0,0,11,0,6,0,2,1,5,0,0
11862236195,5,5,0,0,3,1,0,2,0,1,0,4,0,2,0,3,0,3,1,0
12011823748,13,5,2,0,7,6,0,6,0,4,1,6,0,2,1,2,0,5,0,0
12037628169,3,2,1,1,3,1,0,6,0,1,1,2,0,1,1,0,0,1,1,0
12297060527,6,5,4,1,6,1,0,9,1,0,1,2,0,1,0,2,0,0,0,0
12383436240,5,3,0,2,3,2,0,5,0,1,0,1,0,1,1,0,1,3,0,0
12504365077,4,4,2,0,3,0,0,0,0,1,0,6,0,4,0,1,0,3,0,0
12529976722,7,7,0,0,5,1,0,4,0,3,0,6,0,3,0,2,0,1,0,0
12668285189,1,3,1,0,4,1,0,2,1,1,0,7,0,3,0,0,0,5,0,0
12818016083,5,6,4,1,6,0,0,2,2,0,0,3,0,0,0,2,0,1,0,0
12827183086,4,4,0,0,9,2,0,5,0,1,0,6,0,3,1,2,0,2,1,0
12831755645,2,4,1,0,3,0,0,3,1,3,0,4,0,2,3,2,0,2,0,0
12885447516,3,1,1,0,2,1,0,4,1,0,0,4,0,2,0,1,0,3,0,0
13010432611,5,3,2,2,10,2,1,7,0,1,0,5,2,1,1,0,0,4,1,0
13137975049,4,1,0,3,2,3,0,9,0,0,1,0,0,0,0,1,2,0,0,0
13309773069,9,7,0,1,5,2,0,6,0,0,0,2,0,0,0,3,0,2,0,0
13339910848,2,7,5,0,6,0,0,1,2,2,0,1,0,0,1,0,0,0,0,0
13392385179,8,3,1,1,8,4,0,13,0,0,0,5,1,3,1,2,1,5,0,0
13485310737,9,12,4,1,19,3,0,13,0,6,1,13,0,9,6,5,1,13,1,0
13543964321,3,3,0,0,5,1,0,2,0,3,0,8,0,5,2,1,0,5,0,0
13776176430,9,7,2,0,3,1,0,5,1,1,1,3,0,2,1,3,0,2,0,0
13777593050,4,5,2,0,4,1,0,1,0,0,0,7,0,3,0,3,0,4,0,0
13845231910,1,2,0,0,2,0,0,2,0,2,0,11,0,5,0,1,0,5,0,0
14185168797,5,8,4,0,8,0,0,3,1,2,0,3,0,0,1,0,0,0,0,0
14281551616,2,2,0,4,2,0,0,10,0,0,2,0,0,1,1,1,0,0,1,0
14284524398,7,7,3,2,3,1,0,8,1,1,0,2,0,3,0,3,0,2,0,0
14352183051,5,4,1,4,6,4,0,13,0,0,3,1,0,1,2,0,0,0,1,0
14440995562,5,4,0,0,4,2,0,4,0,2,1,9,0,5,0,1,0,5,0,0
14476208728,7,12,4,0,5,0,0,1,2,2,0,0,0,0,0,4,0,0,0,0
14522318812,1,1,0,4,6,2,0,13,0,0,0,0,2,2,1,0,0,0,1,0
14898037809,7,9,2,0,8,0,0,1,3,3,0,1,0,0,1,1,0,0,0,0
15264373545,2,5,1,0,13,1,0,6,0,3,1,12,0,6,3,0,1,6,0,0
15394732842,6,8,2,0,4,0,0,0,1,1,0,2,0,0,0,3,0,0,0,0
15483934096,9,8,0,0,4,1,0,2,1,4,0,10,0,5,0,3,0,5,0,0
15651703819,5,10,5,0,6,0,0,3,2,2,0,1,0,0,0,2,0,0,0,0
15693537730,5,1,0,2,3,3,0,7,0,1,0,2,0,0,0,1,1,1,0,0
15850983017,2,6,2,1,8,1,0,4,1,1,0,3,0,1,2,0,0,1,0,0
16199859945,8,8,2,1,8,3,0,11,0,2,1,13,1,5,0,5,0,8,0,0
16253668278,5,6,2,1,4,1,1,3,0,4,0,8,0,2,0,2,0,3,0,0
16441406443,1,1,1,0,4,1,0,4,1,1,0,6,0,3,0,1,0,1,0,0
16613049720,4,3,1,0,2,1,0,3,0,0,1,7,0,2,0,2,0,4,0,0
16800436457,6,6,3,2,8,2,0,7,1,0,1,2,1,1,0,1,0,0,1,0
16804382292,3,6,2,0,6,1,0,3,0,2,0,9,0,5,0,1,0,6,0,0
17177454686,0,0,1,5,7,4,0,13,0,1,1,1,0,0,0,0,0,0,1,0
17573729279,6,4,0,1,1,0,0,4,0,2,0,2,0,0,0,2,0,3,0,0
17573737246,11,10,1,1,9,1,0,9,0,4,1,3,2,1,1,2,0,2,0,0
17632027014,7,5,0,1,6,2,0,6,0,0,1,2,0,2,0,2,0,1,0,0
17687638563,4,3,2,0,5,1,0,5,0,1,0,1,0,0,2,2,0,1,0,0
18045323488,4,5,2,1,3,2,0,6,0,1,0,3,0,1,0,2,0,1,0,0
18887395150,5,3,0,6,4,5,0,19,0,0,3,1,0,1,1,2,0,1,1,0
22026438960,2,2,0,3,3,1,0,7,0,0,1,1,0,0,0,1,0,0,1,0
24337372261,3,2,0,2,4,4,0,9,0,3,0,3,0,0,0,0,0,1,1,0
