1,2,3,4,5,6,7,8,9,10,11,12,13,14,15,16,17,18,19,20,21,22,23,24,25,26,27,28,29
10-5dim,0.0138341415854467,-0.0033034834828636135,-0.002739907443835677,-0.04144375047379381,-0.04512187401695708,-0.04602064264878803,-0.048629495161958164,-0.08551564372139364,-0.10321219842337799,-0.10900374717438727,-0.08859735399368773,-0.09584026243003968,-0.10060151138179697,-0.09435089748007994,-0.09757569197552493,-0.09126122605186242,-0.1153643658789006,-0.10008573764948495,-0.10026943652786158,-0.11942399323586311,-0.10615878522148602,-0.11641944493201535,-0.10617848531071987,-0.1061885938673559,-0.09428142731893281,-0.10895964772882928,-0.09719194364375343,-0.09656600041584765
100-10dim,0.36997208076820387,0.44094005378818135,0.0309178486522097,0.03384848151925527,0.024804725412702355,0.01929802560960235,0.005996065091467141,-0.006694854945260866,-0.02546599675797938,-0.06912400032550592,-0.017030453454966295,-0.06701266707801617,-0.08720476124896397,-0.06051930162900074,-0.07894973840787009,-0.06720507259214592,-0.07965468679434515,-0.06417222728303619,-0.07476250161655816,-0.07763022490153437,-0.06884232259603795,-0.09151973659332463,-0.10350619356270828,-0.08651601755026221,-0.08968659198722716,-0.07339699847374723,-0.08601160188974488,-0.09178952025942723
100-15dim,0.020448232645467045,0.0009880870456481533,-0.06009323436259542,-0.08702567803382721,-0.0902564096371785,-0.08932381056193395,-0.10220761673418562,-0.08677277466545169,-0.0955307994167325,-0.11041001567383597,-0.09761599228342047,-0.10096283968529542,-0.11260617298682978,-0.09093415086135734,-0.09136807390789875,-0.08934711222761559,-0.08149230543953934,-0.08455098302857933,-0.08197062916628094,-0.11823352336389958,-0.08367781731631709,-0.10759929250613658,-0.07316678491956263,-0.07967901611324181,-0.10923753893969038,-0.07086024743275629,-0.06805275037901894,-0.07438688727208331
100-20dim,0.016395412890500335,-0.0050637648419132935,-0.07632729793980961,-0.09456985340851101,-0.056786546989298796,-0.08959409473557747,-0.05775525987032213,-0.06088368055670658,-0.06436104927995172,-0.06477440761998889,-0.06436030583530865,-0.07310159221189727,-0.08686221594442203,-0.05181582238244037,-0.056504028174869186,-0.0862601650947828,-0.08342135378092459,-0.07360423430472654,-0.07389682212915934,-0.07611686653282128,-0.06215638777908987,-0.05920301649844754,-0.11843032432597807,-0.08022377779963169,-0.12006061525535063,-0.07813259860915044,-0.07784298407898013,-0.08191716536099414
100-25dim,0.015781662235016335,-0.015186572173221663,-0.048361101385610554,-0.08377621077534719,-0.10600951133768349,-0.06257659316502245,-0.08270051939017369,-0.07925626846003608,-0.09244059847310308,-0.13040642918499512,-0.0845648109642099,-0.10154586796518253,-0.08394782521942072,-0.09204623130590485,-0.11240878765462468,-0.10265594255491892,-0.08073056704903378,-0.07273016441011378,-0.0942825605590725,-0.08669436609954956,-0.07744890131220968,-0.09247751026292629,-0.08403802088697947,-0.10239114299545604,-0.10401529111006605,-0.07166683038791304,-0.08545157639165034,-0.10743349114725342
100-30dim,0.02735381237428276,-0.020495246531735345,-0.04775248798866781,-0.05745622625423062,-0.09136090232591333,-0.09123265381166101,-0.09054798905684174,-0.07069750428431529,-0.08411011635959754,-0.08605780487448145,-0.08715049569393181,-0.10277877060809582,-0.0894015867092135,-0.08524189396702246,-0.12114713517703667,-0.10552095939850735,-0.11952182045680534,-0.08146131338096854,-0.10036493163906393,-0.12509160510357256,-0.10300362850711484,-0.07228982261681041,-0.0750098000842185,-0.1155251334426962,-0.0681351119251336,-0.08518571896810376,-0.08449466911995908,-0.09747131447906023
100-35dim,0.01945502993160536,-0.013368205550971965,-0.06728335351762757,-0.05058163843377312,-0.058285847729507734,-0.05727332969832793,-0.07024725812240955,-0.049668183543854286,-0.05357340478112684,-0.054022794215963156,-0.0706325522821579,-0.07884940547911559,-0.0892199720112192,-0.06700183734420978,-0.07703988791020815,-0.10689678229116911,-0.09401206062153518,-0.07811771036827227,-0.11622703428074567,-0.060361852710810036,-0.11456062603240284,-0.06973293471998766,-0.07764305397860581,-0.10976502953710902,-0.09278776217683528,-0.08664952864497803,-0.10175931313003087,-0.10741705239577694
100-40dim,0.010540454686802973,-0.026718729680329453,-0.029956761057866408,-0.06438539914048695,-0.07365604554187455,-0.06326898601121253,-0.08503942396110574,-0.07793130463321511,-0.05671047946048246,-0.08608268654104251,-0.0931882555755322,-0.07726642215013653,-0.08562482605549215,-0.05224296369259754,-0.05973836877882521,-0.08082988679603938,-0.09222966616077634,-0.07605727947088303,-0.08581549827715154,-0.08246754353747829,-0.06655561038585586,-0.08032762987453695,-0.10019391547315754,-0.11091195821159439,-0.07382399788434982,-0.07980592003302574,-0.0811647374866442,-0.08682423983988712
100-45dim,0.019121283574320858,-0.023844854895970477,-0.047596745305124276,-0.057037145015044935,-0.055862035349674204,-0.08363749930358483,-0.06739625771775969,-0.06746698742533798,-0.07487326469787454,-0.10779621275833316,-0.061104621443865706,-0.06966594242780201,-0.10562142773139353,-0.09736460754492386,-0.09496828973944531,-0.07061278883818413,-0.10359827214535754,-0.11991027479762938,-0.0677479695292641,-0.08615045216358796,-0.07232271535710066,-0.10216354099347481,-0.08798241997089616,-0.12887395727668824,-0.09357697191260711,-0.0775791667770145,-0.09321493582994993,-0.12608797883500864
100-50dim,0.013610894946624976,-0.007789587597002749,-0.052316911539649645,-0.07972445973130725,-0.07606204549920884,-0.09425694535486619,-0.08583071447374306,-0.07126055133547063,-0.05801754467438844,-0.07238840024535452,-0.1779412410896629,-0.12252990629780354,-0.08026312374987793,-0.08021865661875033,-0.06179688121235731,-0.08323277504983273,-0.08985820317909808,-0.061554002415805865,-0.09364402395290847,-0.04732895102308415,-0.09886999342458548,-0.06196267372217132,-0.09179298998315609,-0.14170660514760267,-0.10606739917924234,-0.09476859011564585,-0.07515238431415151,-0.04925937860188278
100-5dim,0.010377946100397457,-0.02025250605911182,-0.029655890583076588,-0.03906237287281947,-0.06101214534723223,-0.08144930125657573,-0.07656928237028021,-0.0780546484819066,-0.07653828172354811,-0.08635087009144454,-0.08527915464664333,-0.09527212932866658,-0.07552724393835183,-0.10691279911661289,-0.11721420437351295,-0.09334287501968917,-0.12205860026542245,-0.11512336678447221,-0.10445597339739444,-0.11237468973991402,-0.12102923291191339,-0.11577707375332727,-0.1131712501791647,-0.11781526120740954,-0.11547545142643739,-0.11527038649227304,-0.10747985276142659,-0.1116913039941291
20-10dim,0.18645762468138677,0.12236395282761835,-0.03955422007851941,-0.07349916760279532,-0.06394083870849163,-0.0829787232952095,-0.06789887442373427,-0.08485492027041765,-0.0943372030454213,-0.08741979467809158,-0.0801735654819267,-0.0846411301354515,-0.08461016937328737,-0.08474321717150335,-0.0774482880722324,-0.09320587845793883,-0.11416112301213266,-0.09300401778731256,-0.09887130916374554,-0.09777161964288161,-0.0980994687683087,-0.12291228544728733,-0.08847071555121586,-0.08975086529316166,-0.07677540127024993,-0.08551423704620058,-0.12463394014629751,-0.11387403221269027
20-15dim,0.16834854513505726,0.05878810467820357,0.03227909839276949,-0.07972030710667814,-0.09015296129187225,-0.07321217301452053,-0.06862753583312488,-0.08054491022334952,-0.11339882575619686,-0.10928506989640542,-0.09482889875327198,-0.1117108327750578,-0.12185745400345305,-0.12056919400344468,-0.09862731130060917,-0.11382303292126474,-0.11680930832181485,-0.09518033482776757,-0.11380176440314586,-0.10263574765487227,-0.08800254958120678,-0.0910287424933904,-0.10346103216994038,-0.10018711181235081,-0.100731407575069,-0.11190498545590734,-0.11626134330897855,-0.12065637988038508
20-5dim,0.06727768559748273,-0.029957733457618572,-0.04783782790729961,-0.0360806926453579,-0.04850820575617234,-0.05000548483431322,-0.056208120349739106,-0.061430995514148774,-0.060430373611562525,-0.058120474400670044,-0.05603607079891545,-0.12263387954063709,-0.07011206003691506,-0.07827983707372332,-0.07207741145111583,-0.08460467414174684,-0.12446450372674053,-0.17073729545237343,-0.15328606413096568,-0.08180878857731401,-0.1185239581045126,-0.0881230143354829,-0.1565319860251388,-0.1184329662675975,-0.11544112841763152,-0.11835552642616576,-0.11806023752086736,-0.11661066997382491
30-10dim,0.17657043207277667,0.042603325343864594,0.019292998669933704,0.009794570463661731,-0.08656630291282917,-0.07262147229527498,-0.07355543227627849,-0.08444810874372301,-0.06814691194459514,-0.07797146269064474,-0.07719212495609803,-0.07880714191052414,-0.07913682967035048,-0.09402744530946752,-0.08910898485135349,-0.08375395425626363,-0.09469086237990187,-0.0862314612590551,-0.08196496124794549,-0.09360713899945237,-0.09322303002012888,-0.11556515661407181,-0.097005575801412,-0.08382889082916457,-0.09022865279478016,-0.11306497005087146,-0.08901428072978085,-0.08660613600216434
30-15dim,0.11538323441559427,0.038800825150931195,0.006032765351565299,-0.08222500832141777,-0.04340622187579579,-0.07784449973908834,-0.07417467950682646,-0.07962367533053297,-0.0816843200649959,-0.07785187599109139,-0.04943425198232116,-0.06053782719088954,-0.07128997176136757,-0.08353647386096884,-0.07603158891673784,-0.07858624638618095,-0.07222119149873875,-0.06685345650727458,-0.07768091495369078,-0.07958256609279403,-0.09998580771034198,-0.09965316831517256,-0.09750283537899042,-0.07816364347508295,-0.09022422579613684,-0.12649692216431038,-0.06816347646982632,-0.12447416949538045
30-20dim,0.11659913221050773,0.02595582491919689,-0.02700505377989187,-0.043180625943476846,-0.0749398881184342,-0.10948768111434314,-0.0798649236077194,-0.10941082196834753,-0.11831265404448993,-0.09756820214693858,-0.11536603942501986,-0.10651212919867901,-0.11004444732223576,-0.10468108923133097,-0.11686283201129019,-0.11035015598943151,-0.1707244143320222,-0.10319915917500405,-0.11883681699944923,-0.1024581310155117,-0.15799815273604653,-0.10673149897926634,-0.0993085630071857,-0.1277164091466683,-0.09711363593877634,-0.15905702162513297,-0.14890469824878652,-0.13479949309444228
30-25dim,0.09336122176960913,0.015450699838048419,-0.01829107357884629,-0.0849274867327758,-0.09966906374813383,-0.09124373602612672,-0.09775613016896655,-0.11305808159715657,-0.11956148543592887,-0.09239059432881146,-0.08239978394808758,-0.09878998574755109,-0.09620510802851259,-0.09160448468601322,-0.08916799962594213,-0.11864756567279872,-0.117956113336848,-0.10051405902867334,-0.10464595924242012,-0.10822196984279882,-0.13608912811512858,-0.09482971874055374,-0.11014778789187096,-0.10750535495279692,-0.09318744266399635,-0.10267004172567487,-0.10890051179764297,-0.1424762699570896
30-5dim,0.5777363307696258,0.034409172440756315,-0.01468285952222389,-0.012229277845877722,-0.029304711593884737,-0.05056907912854329,-0.04451270441700258,-0.04675621465158371,-0.0539312677270838,-0.05926695649780374,-0.07890776819894481,-0.07167327590595811,-0.07614464436551768,-0.08923724354771023,-0.0876787164560143,-0.09000908954773289,-0.07972320740710867,-0.08994881963963954,-0.07123443049799244,-0.10577751089646033,-0.08807444502809315,-0.08173275243146892,-0.09085224764422734,-0.10183956240596169,-0.094250648280781,-0.10384678803805303,-0.0994303645829078,-0.10678981614972267
40-10dim,0.13348375066360668,0.05230844805702476,0.05108188002662264,0.028639695316339715,-0.039826837717842,-0.07894940132008729,-0.04826738237887871,-0.06899858992639353,-0.08188352140598047,-0.07654494010485383,-0.08720825586866858,-0.07366634582963276,-0.08295672816980591,-0.0844276419641803,-0.07271568872315105,-0.08558972984893384,-0.08383398940999275,-0.08152402750713605,-0.07019323283879435,-0.07454543145006258,-0.0925328902662977,-0.09765026062381733,-0.08733633069998682,-0.10017451131986521,-0.09406083331060867,-0.10424761303361622,-0.07987923192722757,-0.10092521510779393
40-15dim,0.18245338203818584,0.10169703947947056,0.002447004131278517,-0.057488890218606314,-0.0490886893889464,-0.049951459615638696,-0.052046687161585885,-0.06826449977075044,-0.07488851602885555,-0.07301401307667217,-0.07055431573454674,-0.08586890201221181,-0.08753023615981209,-0.07705033535634312,-0.07056099606263652,-0.08163813398850472,-0.09520005969081527,-0.08429556672984043,-0.08329813861459273,-0.0965827266387483,-0.114710761437175,-0.07682483040654468,-0.08095728613108008,-0.07974850170701445,-0.09576848969948057,-0.07311530835815394,-0.09637251733640897,-0.10329343587661745
40-20dim,0.02709506305830143,-0.01793230650409831,-0.07825009925643976,-0.1014493705076595,-0.0528159971204841,-0.09104383782716663,-0.08373221850750714,-0.07333870845390245,-0.10397270235096583,-0.11709131237338377,-0.13014503373678843,-0.11558219038163238,-0.09705212974170488,-0.08128184898981036,-0.12362148542956722,-0.11667637471808512,-0.09784525683151006,-0.12187807111021741,-0.09717662255590072,-0.12089504628023727,-0.12834575832751444,-0.09810795261542085,-0.11056421048305416,-0.1074571475169123,-0.11190030638838198,-0.11175786669450244,-0.13139199123591055,-0.13878269262413342
40-25dim,0.06889638763856389,0.03617647236372498,0.010021408936338842,-0.00971935080056223,-0.024814936487998367,-0.10139242565196696,-0.10368022271125595,-0.10149029500779452,-0.10698260169763363,-0.1090416674213205,-0.11324163245106988,-0.11882173278183225,-0.11248586865340895,-0.11278842695599473,-0.11734514822254902,-0.13719215146094307,-0.11182776236634032,-0.11264989984103779,-0.10039192031742394,-0.12448639739540612,-0.1364651001501739,-0.13485864524702446,-0.10542875105301398,-0.12433274358929436,-0.12002149149201392,-0.12174385146577146,-0.11614822576220095,-0.09590028329619535
40-30dim,0.6936030970262187,0.0771411626255908,-0.008675710296234158,0.015461331807073155,0.0063134898748404816,-0.004950898578750573,-0.08148975765658066,-0.07479337299969797,-0.07157225513319156,-0.06517774369544573,-0.06881618441310865,-0.07455847441870582,-0.059893760852462403,-0.07042341113576482,-0.08957514275801304,-0.09308207289976565,-0.09774936518538148,-0.07669212037796662,-0.1025709053380354,-0.1265565240768539,-0.10441499055464773,-0.11259932543941067,-0.09130883154939233,-0.12355029698004767,-0.1230947582559392,-0.10755718735001991,-0.13079175479989397,-0.11516811926166001
40-35dim,0.09150442083986358,-0.013094489502492085,0.007651477886543826,-0.07335382431670964,-0.07046696997240702,-0.07092446025876349,-0.07292699297690203,-0.09432884296401381,-0.08604140221323392,-0.09124657289190734,-0.08766284734291685,-0.06554164008031514,-0.09152945808591756,-0.07676299060975021,-0.09463732520511799,-0.07768252282717773,-0.10628883181253633,-0.10865703378425864,-0.09119391482417605,-0.0897421483368331,-0.09361762420414657,-0.08896755718624458,-0.11532426145888493,-0.11260400845917456,-0.11144922168843148,-0.08821147688367405,-0.10215234643305379,-0.09797505099614358
40-5dim,0.1150520118689205,0.11739466203492907,0.061420177779666706,-0.011821975045672088,-0.09713093583193717,-0.09074798429524501,-0.0802974417185253,-0.09358615911047824,-0.09899745376800968,-0.09795578541921271,-0.08373616380629613,-0.09919543981992399,-0.1200778779990844,-0.11398114302699233,-0.12669204633269487,-0.10803168430194703,-0.10666283854149548,-0.11003096700763533,-0.09395727760979072,-0.10578150608740887,-0.1318330230073368,-0.11326735987803468,-0.11774232468864988,-0.11286276961326609,-0.1583813270712572,-0.15166209039290754,-0.10803790897398566,-0.14443220875350155
50-10dim,0.037171255690425585,-0.009083014293928864,-0.040338422730151764,-0.0390711144660079,-0.039294825558078506,-0.07047703396003713,-0.07429834455438235,-0.09512498681199566,-0.09612919060273539,-0.09522039553525445,-0.08987760427645926,-0.11390309917146305,-0.09078515242068368,-0.08533862015038736,-0.08488374313071297,-0.09920441867544912,-0.09636073950000096,-0.09750488586819447,-0.08457570544856599,-0.12024380146544181,-0.12238519921464056,-0.13723883780516077,-0.13041797009831232,-0.13356574909319607,-0.13111774120326505,-0.13237458218796427,-0.13507825676493646,-0.12807019366694775
50-15dim,0.07599280512973368,0.0586124445233348,-0.03408076359231825,-0.0379911465080575,-0.035041581003040084,-0.08887471992921621,-0.0958339762476398,-0.10233764424207317,-0.10210570824730264,-0.11556966703576307,-0.09112724980354121,-0.10942632732044504,-0.10388337598689854,-0.11190243852072158,-0.10055349494408997,-0.10657524340835317,-0.0979699850333156,-0.09974889151164319,-0.09033860423888779,-0.08114051296673036,-0.11181357086307216,-0.1029634937221452,-0.09799896698286595,-0.09344477717598466,-0.10957199167460732,-0.1036225825858765,-0.10563678099067274,-0.10285420462475144
50-20dim,0.5498257747564183,0.49364405345443796,0.01682334434847746,0.006116925338855453,-0.017126236032518092,-0.022913774114371187,-0.033883580548228584,-0.03263528605390307,-0.08377477796904259,-0.06796172926789736,-0.03295610585343226,-0.04848769721471583,-0.08783446005705157,-0.08885103088784796,-0.08662854445690966,-0.10624516962386114,-0.08359072793771405,-0.09401884115193847,-0.11561882434059796,-0.10324500374142702,-0.09058184200752234,-0.08825443462820655,-0.10833049383452732,-0.08031314853215288,-0.08653193269372887,-0.08823053592160195,-0.10038054400826127,-0.08157006041066753
50-25dim,0.536386934144935,0.038540560052346455,0.023105095063637417,0.0256360906708435,0.034025852372268406,-0.020293897742433464,-0.07565019922780644,0.0008741548209057235,-0.06895853015927295,-0.07878617728009595,-0.09760788053209041,-0.09049968058779119,-0.1014996598166873,-0.08852053932252321,-0.09026105107495587,-0.10399229393354603,-0.08460603706835572,-0.06987424701372269,-0.11364987435692374,-0.09021206306518026,-0.08315929508404445,-0.0905123265246649,-0.09813632981168015,-0.09932729978485468,-0.08891911646867996,-0.09101012068909776,-0.09070565877364102,-0.08605239595037102
50-30dim,0.6770642776387028,0.5269026460388111,0.02499692683997005,0.013309084113195417,0.01471305639943648,-0.01065231827612434,-0.06880969856072136,-0.0678325892235934,-0.08134224826395749,-0.07156375241075791,-0.09377534923388665,-0.09877723381023275,-0.09918139391252931,-0.11075518322997616,-0.09795488869029174,-0.09700309001664686,-0.1057518246926822,-0.07923135308765822,-0.12114614975245741,-0.09161897155133265,-0.10037872660608443,-0.09884078236254992,-0.09084861130125699,-0.07919486154024348,-0.08400402147603026,-0.09370655759200718,-0.10851007495853274,-0.09300746727658803
50-35dim,0.012597794750935644,-0.019909982160118373,-0.06568039847353067,-0.06819237913990633,-0.07136533752503514,-0.07551639950167303,-0.081998304318157,-0.06566105583952121,-0.07380533116390861,-0.09678578632759927,-0.08898588871693086,-0.12642686105845233,-0.10900369016425977,-0.06875682170144465,-0.10813742222867528,-0.13043110931665558,-0.09703675201368779,-0.09786241085247786,-0.10066009237074115,-0.12269208149138842,-0.07473303206679015,-0.10907265428730392,-0.10091529565725527,-0.09417822239623334,-0.10876532852780328,-0.10136367301381013,-0.08513244713409814,-0.10585379813551123
50-40dim,0.4631794628433397,0.03575661841359692,0.015169763498687603,0.029829540923925455,0.011196567397319595,-0.04996182859467753,-0.06324303834164521,-0.08435033175650922,-0.0799011965024795,-0.06296748441750834,-0.07196782860548025,-0.07646577947859388,-0.07344492625981058,-0.08893457699769748,-0.12406320062926365,-0.09476305542013448,-0.07377706471298215,-0.10766404979553756,-0.08456878205706173,-0.1057908325663935,-0.07222019196846355,-0.08025777376652607,-0.11737916388145984,-0.060058996266570956,-0.10471936264393145,-0.11760531778617647,-0.10420258002776238,-0.10468745472774645
50-45dim,0.10591050150857148,0.011780975584280557,-0.00967638144183653,-0.06064954138070634,-0.06443600873950876,-0.08107397603621624,-0.07422805586884514,-0.06431264019523218,-0.0850624753832683,-0.10436368234537018,-0.08342033722149497,-0.09102628331137731,-0.09474062898893365,-0.07691059755420984,-0.07992656975882746,-0.08782067680632405,-0.08402117619879448,-0.07262579862863411,-0.08167356177043558,-0.08927409837516825,-0.08199058771282221,-0.07029070903364568,-0.06817398798925078,-0.07745033281191413,-0.09134268242746028,-0.07814159677057549,-0.06021716493390438,-0.07012446517839153
50-5dim,0.17492623990424808,0.02290821557915605,0.02508119821555318,-0.035544888484558064,-0.07260728328303488,-0.06969969648768072,-0.07887031311461705,-0.07539199979821738,-0.0616182807866782,-0.0874065084619195,-0.07809740274990895,-0.0874257739548598,-0.07532372268397011,-0.08890934625878041,-0.08592092791494886,-0.09782250825476455,-0.08655584213889742,-0.09395678789125832,-0.07989411579829114,-0.08630038716930936,-0.07756376173240924,-0.10711995096060635,-0.0737010587871656,-0.17622907607148525,-0.10610877039249342,-0.08368204639887394,-0.08830701965882613,-0.15237556126757573
60-10dim,0.06629124980711029,0.050963275123433044,-0.002947124225940408,-0.007942977927472297,-0.012177319876549127,-0.021504937935654198,-0.04852927969291741,-0.0797228857265152,-0.08022647569371028,-0.07977593186904004,-0.08179099935684156,-0.07355624869670618,-0.078955779924038,-0.08384508007578927,-0.07443335077768604,-0.08707385471186621,-0.07509229755107683,-0.09575214251374423,-0.0706845959714984,-0.09142767895042922,-0.08449947242446264,-0.09925593138893615,-0.09373656891057855,-0.11465539929752751,-0.07617029269770159,-0.05910028300509641,-0.10066692152811231,-0.08694491429821956
60-15dim,0.010570126331337328,-0.01069039649615108,-0.06844575077870657,-0.04761184327935843,-0.06279751026678151,-0.06248314850591527,-0.06289216439428637,-0.10565648124927572,-0.0753575657657398,-0.08005926756896756,-0.07204776856365067,-0.11343006452386763,-0.07654668950596771,-0.08009847388558088,-0.13079506808141012,-0.13789453264727058,-0.10189507622418273,-0.10671795965316638,-0.09855611824556983,-0.11710668943056,-0.12750194790908084,-0.11543357684698777,-0.11294050733322632,-0.12555140522898334,-0.12296294751000118,-0.11920382313828541,-0.14703257088425978,-0.10540997408506048
60-20dim,0.009742626868167691,0.003989650056884701,-0.043331680317021434,-0.0908643517006995,-0.08637182517947217,-0.0907858844779809,-0.10987047784391787,-0.09578797737639146,-0.09088232937307203,-0.10570218275613028,-0.09808029611295083,-0.08160593075270799,-0.10994402745838444,-0.10920134447929558,-0.10202771189439581,-0.09940784928841785,-0.09144430400564904,-0.09040482633957991,-0.11160082117409804,-0.10029402917015062,-0.08378348497139208,-0.09590825757410291,-0.09868527377586915,-0.10873854533389542,-0.07621674806253696,-0.08946595872988433,-0.10709423979597132,-0.10181379539260821
60-25dim,0.039322352709863305,-0.009624336639465146,-0.013295046928828085,-0.07814680006374346,-0.09410071223706917,-0.09108032117441879,-0.09093765855421136,-0.07735458919712347,-0.09758858025077001,-0.08807260720346917,-0.08779591460678983,-0.05989117051023444,-0.07460698572547188,-0.0937580527556036,-0.13095547397676402,-0.11370483208684816,-0.07974031918654106,-0.08719100543366583,-0.12256623767142745,-0.12158701754803497,-0.13134762436347894,-0.07363620896333871,-0.09891612231086046,-0.11824598777561943,-0.07381138989968483,-0.15124733339193916,-0.11039013422415872,-0.10938058257582263
60-30dim,0.028784590871783138,-0.007379316144229629,-0.07483563031163205,-0.07595522196897254,-0.09894803632248779,-0.11077086624565001,-0.07899311295390832,-0.07864958039934382,-0.08874891893195928,-0.11097769048071715,-0.09297795097745266,-0.09003819520548433,-0.08323606596553677,-0.100300188445195,-0.09567573352210151,-0.10194271619245177,-0.11050202975449315,-0.11575171918196717,-0.09417224235031083,-0.091416014955943,-0.09009683885020654,-0.13234708240336887,-0.13034634157942457,-0.07166064512378341,-0.068743567035453,-0.07660387991590407,-0.10865342295900728,-0.08796204313275668
60-35dim,0.5955717293063041,0.029355310797788428,0.009184551782689605,0.012934212457741989,0.01165423391847823,-0.0736850769963258,-0.013274766222031005,-0.09619792323427405,-0.09897991315738658,-0.11073634877689084,-0.08792933194686317,-0.10762827112883734,-0.07462190842854545,-0.10584531524558374,-0.11380765713801524,-0.10507231465098274,-0.10924186605692904,-0.10726459560721474,-0.09569892436857913,-0.11144142671873074,-0.12035026533749714,-0.08962138518206893,-0.12254131034160158,-0.09573752927063042,-0.10427955061878943,-0.09645349651552569,-0.12648390304491602,-0.08229388126614696
60-40dim,0.028800894552853343,0.0022813453280591356,-0.04352871004811283,-0.0807657708511609,-0.08660254072178784,-0.07987012070036735,-0.08375355184548791,-0.0811558335132422,-0.09718221192605178,-0.04974246555464096,-0.055296295616745615,-0.054155107582886414,-0.06459861425147649,-0.0930887779530643,-0.08897758943712053,-0.10251215035302613,-0.06896091240661849,-0.08653340506273535,-0.10733521438570569,-0.10324216234185428,-0.08405036185469905,-0.09916736128573264,-0.08592853166319472,-0.09259452034896984,-0.09829982018375631,-0.08532505729772322,-0.07191020317770497,-0.08227088942628609
60-45dim,0.024366596927677044,-0.01276024155217586,-0.020851529328568968,-0.04220669114696835,-0.07910948662144313,-0.07562620024881218,-0.0965983080092303,-0.08719186708151956,-0.0760026913607707,-0.10194101162276521,-0.07729457435691507,-0.10629849367298763,-0.1121170351609318,-0.08106436264949177,-0.09443883755912406,-0.10675661111121122,-0.12124250608454151,-0.14064092103360196,-0.06888951021653456,-0.09227341991503847,-0.1424430401059597,-0.09943122790642807,-0.10892469199898742,-0.10186799277131876,-0.0899112874360811,-0.09706057128852498,-0.13616959915451582,-0.09450410145749338
60-50dim,0.06588717760902121,0.025247283565507875,-0.0004703921266289357,-0.024033633373963182,-0.07801017472093548,-0.08057807680525773,-0.0998101132444843,-0.11021677296695036,-0.0857486302429963,-0.09626887517544953,-0.10947695346618351,-0.0982901428328115,-0.10618652444054388,-0.09707163324662658,-0.09427090235140324,-0.0880110930251181,-0.08701852617503059,-0.1103165742050256,-0.10228870173549852,-0.10402282481635095,-0.08434798283052018,-0.0843904571238805,-0.09051164002945657,-0.08410276138311708,-0.08495829976623716,-0.08350948944498479,-0.10189180904609996,-0.08815611686542676
60-5dim,0.3123776821106681,0.05964706905686409,0.011336129633559977,-0.004440370598671004,-0.013788268299657928,-0.04370652501719734,-0.06669605931605242,-0.07440291011090298,-0.07848748825131405,-0.08695522669945796,-0.0775815669587229,-0.08971080689838723,-0.08084949634480143,-0.09302345113753058,-0.08469141279121742,-0.09258081516171732,-0.08117102214941148,-0.07454274272795977,-0.07144310899749672,-0.09199584683597394,-0.09407484326290694,-0.09107775916140597,-0.08117730886534984,-0.11869544382303934,-0.09275749964336695,-0.09994357520673168,-0.09722751254695254,-0.10335111949977283
70-10dim,0.14832486998587394,0.10517546030645218,-0.023637863404593687,-0.02060786932431566,-0.01463961179309642,-0.01356706671676322,-0.038228558714387254,-0.04482230733264115,-0.06573107592944176,-0.07605539363482415,-0.06610284908604208,-0.060717787128482616,-0.061308266316553936,-0.06283060070380413,-0.07516246459324567,-0.06889526469973777,-0.0726558680656313,-0.05811261811956449,-0.09630341256823514,-0.05600339705163494,-0.06843077221143246,-0.06052191267248082,-0.11229141600867089,-0.06272188034315196,-0.07412913892313851,-0.08124483614763352,-0.07322220029384806,-0.08651847925265863
70-15dim,0.007599562320472419,-0.03692098139380791,-0.061726094881480426,-0.10247551366965307,-0.10532529733858231,-0.09597464599678605,-0.09748842472010494,-0.08895361596818889,-0.09177253622345892,-0.11569067107754975,-0.09894722298925059,-0.09522963266388261,-0.1220271080150911,-0.10790781775402764,-0.13660611500205108,-0.10384559031155226,-0.11768605531766568,-0.10742373284006256,-0.11429842830927185,-0.10886260684836979,-0.09864004271734318,-0.14947332704860827,-0.12231609563421364,-0.10152758097371427,-0.10815597755405613,-0.11729307513479845,-0.1133925188389307,-0.13312946082325255
70-20dim,0.011945446214468877,-0.0008709169157374751,-0.07596689933911874,-0.0818047336250184,-0.09378700512201653,-0.09556855858419289,-0.06951828000363573,-0.11287892203972867,-0.08132294194778805,-0.08696049615917392,-0.08767933187004565,-0.1136110074967455,-0.11670534852618562,-0.13502793901490798,-0.09029868078296965,-0.09602947734832565,-0.11026197139751166,-0.11806638255820179,-0.11606720345429516,-0.10299988075857791,-0.11086912951728706,-0.07989914873275424,-0.10358965922108067,-0.12152589101280083,-0.1197526502295831,-0.13452416204551873,-0.09762396576813569,-0.10241953583462284
70-25dim,0.01509008673572679,-0.01913513100540399,-0.05257748316832916,-0.06676425727326941,-0.0981150595140328,-0.10118079876113796,-0.1040544871504442,-0.10988880638007717,-0.12171774130433541,-0.10716474607030137,-0.07847281662127228,-0.12251152258845185,-0.11247561249266612,-0.09113219900049922,-0.11161311544366569,-0.10115073938086463,-0.09867690673668993,-0.11888046889660574,-0.09128398636683623,-0.10766185659800004,-0.12795228219960378,-0.11279906342530373,-0.13422892360781077,-0.08777401816495121,-0.08614423765348378,-0.10287103703764892,-0.08582871461990733,-0.09536940063398407
70-30dim,0.015891164751331538,-0.00847742212685155,-0.06401488837755445,-0.07250747762018923,-0.09150064646097834,-0.0825700170964977,-0.08953846379757595,-0.08421825194758308,-0.07131490381337062,-0.07370893410250019,-0.07184557416083291,-0.07095052324204237,-0.1104104128554227,-0.08414131536271338,-0.06737166775538668,-0.09536765821944335,-0.09312412809986902,-0.10651918832252585,-0.10809464478902805,-0.06950288405505205,-0.0944682285365685,-0.10988106419941021,-0.1211595251531909,-0.11389754105073248,-0.05661730567030951,-0.06967926050413578,-0.09406625077660427,-0.085254979881455
70-35dim,0.009909672589834972,0.0038444463991877966,-0.0340756601008689,-0.03538206239763917,-0.06874336963818894,-0.0879435071875978,-0.076335363814893,-0.07572589183410648,-0.07487735533289198,-0.0973218093500144,-0.08094057137456974,-0.09049143724407349,-0.09220777695147486,-0.0802403251579355,-0.08148198305455316,-0.08495133350021608,-0.08226984932569358,-0.09177437600257662,-0.07394980828785257,-0.08458712548766315,-0.09709287989232149,-0.09992387867790914,-0.07744064915520395,-0.09714764091752616,-0.07835632357773847,-0.08158382965550073,-0.09143046026607489,-0.08328210323021963
70-40dim,0.030774826436216086,-0.028153223020523796,-0.02874313840356254,-0.05956238148987143,-0.07420627848988637,-0.05944882864255249,-0.08945435726138563,-0.1022016214875509,-0.0991065576452263,-0.06532810726044062,-0.09878425827357214,-0.09706394521201694,-0.10339656058326348,-0.07609877086830481,-0.08791145217192796,-0.08687807154202809,-0.06430915930579882,-0.05448069537680239,-0.10459628876763394,-0.08929545681992568,-0.07236247566598396,-0.07530125700105746,-0.07523433165349044,-0.07577959416015675,-0.07392124655238824,-0.08473492976365145,-0.09950899905876544,-0.08829036042126585
70-45dim,0.02916379165193438,-0.012046126271739337,-0.03704963255006447,-0.06593541734100732,-0.060655519610356874,-0.055500809536210255,-0.08543862537062519,-0.08064531669404587,-0.07957641409738112,-0.09857450330166097,-0.0809178013509295,-0.06702730886274856,-0.08083991755114815,-0.0502321059065251,-0.09392124418269544,-0.07973785330591372,-0.09523836664814761,-0.11388891785826703,-0.09406092005658458,-0.07677154971245337,-0.08771007360010231,-0.07770368655089809,-0.09996854032440904,-0.09678925555253726,-0.11720734935098412,-0.0961063549976276,-0.08404174385164867,-0.10714139607487064
70-50dim,0.0336500341732024,-0.00466592671458101,-0.03414642254868816,-0.09993037851651004,-0.08805662805322069,-0.08114874033170259,-0.11485807218792601,-0.12068826559713358,-0.0669029061490609,-0.10428022220787661,-0.12793820080215831,-0.13228441869724533,-0.09309292953796577,-0.11281706734292431,-0.1123449798146801,-0.1158091400962365,-0.12141828348757984,-0.12031371771110845,-0.12161974338803992,-0.09893412800974531,-0.09523993765962929,-0.10006676608674192,-0.10394445796333125,-0.09187205118628723,-0.0940600347645175,-0.09237807202021552,-0.09310806747855035,-0.0897241601605544
70-5dim,0.10824591069053462,0.07199570612781228,-0.004962133853486762,-0.00832373605861458,-0.04515548542991695,-0.04419343283862873,-0.05054474904848261,-0.07121589626955978,-0.08040011035686356,-0.0674400781288584,-0.0910621691758863,-0.08553217330121204,-0.08850066967272312,-0.08900828445021869,-0.08693205539299576,-0.08059851793663624,-0.0894570983570438,-0.0822908374831936,-0.09130814281259772,-0.07600904141389235,-0.08906695504227427,-0.07581169108336319,-0.08332133064652797,-0.08497476785649688,-0.07930163505826697,-0.10120143398960348,-0.07788558529455247,-0.08213386389605484
80-10dim,0.029667106903561963,-0.02430039633335346,-0.029569450454848913,-0.0705881794280033,-0.03511160086475844,-0.04598166169613463,-0.08278082465712892,-0.08614366719456777,-0.10948510794248997,-0.09335806758476939,-0.10664726803643869,-0.10196796896604841,-0.11901439988743193,-0.09520855125051915,-0.11411410749519062,-0.12084091778965508,-0.12170374442588057,-0.12044109831458291,-0.1118885473146621,-0.10801772599840022,-0.1081898567629242,-0.1296429863466069,-0.11602341925035306,-0.08772034064805037,-0.11577387442745972,-0.10291146881935996,-0.11052018377936751,-0.10939137200725549
80-15dim,0.6507459105666902,0.5016868075122876,0.05313772700474184,0.03822901998486296,-0.006839235851623314,0.0017654690334517151,-0.019253815200934686,-0.03354806472836706,-0.03410968377309436,-0.06789584986061199,-0.040911222535412434,-0.05072691133790075,-0.08332490982086488,-0.0704193758570033,-0.05106559198621374,-0.06736855447276628,-0.07078186954133023,-0.1025686880666472,-0.06900832002456733,-0.08846039913475959,-0.09834109360260553,-0.06488558156975352,-0.1023082705977734,-0.07908886792807511,-0.08898998398038667,-0.10744175072604567,-0.09231938841565619,-0.1116418997081434
80-20dim,0.012452826102478904,-0.007333025611930493,-0.0477983546082638,-0.08812165888275073,-0.07140303230982518,-0.08436189012341495,-0.0864223013098293,-0.09233506644428548,-0.0976232306733287,-0.09959556971342255,-0.1001427779928836,-0.11859734576319622,-0.09137795348564963,-0.10705872089580655,-0.08627194855970806,-0.10344188026747539,-0.10795163333220963,-0.10260816888090707,-0.09578993418921508,-0.10975927889639601,-0.08992864478902036,-0.09725936280476005,-0.15762825499155916,-0.11153657609636605,-0.1291346588264153,-0.13651160182037997,-0.16554196263236318,-0.13631439545985846
80-25dim,0.037531260001713904,-0.011445336719796737,-0.0287201564772066,-0.03557551588837773,-0.027375201956763972,-0.0443031124213697,-0.035000162109068325,-0.04129931095607982,-0.11716589738277829,-0.08795417265027355,-0.12130059815860518,-0.09858735724533944,-0.12715989233432412,-0.09203488120744781,-0.1341260333592853,-0.10037892882877497,-0.11799401776979923,-0.11519692981015515,-0.1304790416676328,-0.08287669614889945,-0.10302964127138178,-0.1388550628933244,-0.11361930722666336,-0.12065038683604278,-0.10504338769641364,-0.16009962174710438,-0.08970739235423693,-0.12800226367834758
80-30dim,0.009346746398360478,-0.016989207677930135,-0.04464879851644905,-0.07644428649011369,-0.06896469347795979,-0.0680868293000622,-0.07515228856451611,-0.08002575219689807,-0.09222142816533721,-0.08561660970590043,-0.09067352189604563,-0.08496475819439556,-0.08097610326579949,-0.08937059647426593,-0.08405125688291232,-0.10174009045189539,-0.09114777639171875,-0.08086947179021155,-0.06758355309659995,-0.07319901421374632,-0.07510720573469343,-0.08386529727877542,-0.08703652073536115,-0.1359027453940444,-0.0820435839781019,-0.08750083198154877,-0.10121511394192162,-0.08747162726280129
80-35dim,0.02728826949719639,-0.01881690136610337,-0.05514571888240135,-0.06752515953525513,-0.06646270345673837,-0.06333826372663355,-0.06423793697606148,-0.10800993002468758,-0.058324795564350926,-0.1083599692173988,-0.09041707641483708,-0.0941440159674936,-0.09444464538400901,-0.10122742884720122,-0.09672192542935826,-0.1309277908052171,-0.08995546587235147,-0.07342999514824793,-0.09381644198959341,-0.07593713823797935,-0.11214737065845624,-0.09008129191007969,-0.08243937948251649,-0.08800606891129874,-0.09622353908315923,-0.11815633694426157,-0.12081515599436815,-0.08493985740600375
80-40dim,0.013716695298633104,-0.02045682127573418,-0.051995801778977946,-0.08600647322828338,-0.05903437468362893,-0.1104737250021861,-0.07839028933960342,-0.10951222064032914,-0.08906892016730796,-0.08284827252944363,-0.10663920381925299,-0.09333148215559242,-0.08592298662381619,-0.09544680171555786,-0.1050418744813747,-0.09673019243998213,-0.11735690247290234,-0.08687621176237825,-0.09392170922796636,-0.09772652671755128,-0.08639351978520862,-0.06472612465526618,-0.0816559785789098,-0.07695962733582021,-0.0979158281949535,-0.09649014711026847,-0.0961991097472342,-0.09580944566042758
80-45dim,0.022282852737245562,-0.00039027149517451243,-0.035532574763002416,-0.06325797958028384,-0.0777915161989057,-0.09737282668177938,-0.06266068889148052,-0.06544632096695209,-0.06834315081341175,-0.06215533542953219,-0.07116469782968085,-0.07247783170866408,-0.059004038188270505,-0.06673295098943,-0.06413330585101042,-0.09094067588576278,-0.06899855013697867,-0.07507959973670233,-0.05174041310846828,-0.055505313617225084,-0.0632285416750618,-0.09310701913920942,-0.07567762137261422,-0.06672240052548142,-0.06055573451876796,-0.14545649472266606,-0.09458376490300745,-0.05308866095774102
80-50dim,0.0209801109482718,-0.014634418867136293,-0.06158927786130801,-0.06883387867088013,-0.12317954810267638,-0.09448683681696651,-0.07936170817511831,-0.07366566868786104,-0.07968150313995906,-0.09358215995842735,-0.08780722304904187,-0.09650549336325709,-0.0518493993213721,-0.09522953857691457,-0.08263047750095201,-0.056169187003667534,-0.09583328540767198,-0.10761604987444297,-0.09406013971317408,-0.12118917975005283,-0.07372003302494642,-0.08523875469973156,-0.08981312932612093,-0.08601921305813512,-0.1046209101444677,-0.09908124290323275,-0.08090878001495713,-0.0964909134747727
80-5dim,0.12130570664097227,0.04017658990452042,-3.320204484227049e-05,-0.05423875759941935,-0.05486211992995251,-0.07393652909366938,-0.08867200056492709,-0.09050684397202376,-0.0850039583078877,-0.09577933978898619,-0.09373109900145153,-0.08427635603135777,-0.1130470309023949,-0.11904852584885708,-0.0907915263609832,-0.10454323245273787,-0.10995752399020586,-0.12203280361975444,-0.08258493236418898,-0.13512336048905565,-0.1269834931253794,-0.12927151150110744,-0.09961508131018766,-0.12870546601689534,-0.12399229443680147,-0.11283737630712086,-0.1205606797494522,-0.12067232329782653
90-10dim,0.022599013235495072,0.04632376715703604,-0.05667198969029341,-0.07306801427991948,-0.0595999787448031,-0.08188348258341772,-0.0870187856295405,-0.09391168243192487,-0.0926499586562898,-0.08722040594691148,-0.08799270791074026,-0.11436410489042598,-0.10192585639171345,-0.09630431519820339,-0.08863171416093034,-0.08875294702675171,-0.08931738557946085,-0.09754909411863924,-0.10690679476577855,-0.14081124141106466,-0.08475305250162114,-0.10686993799698587,-0.12750347850068444,-0.11831184182103385,-0.09712635102135024,-0.08025016294066094,-0.09817689715127582,-0.08464877389382344
90-15dim,0.012510482218802568,0.005379390919487257,-0.05534167169782172,-0.07646186191340441,-0.08075231886572203,-0.10540247663631024,-0.0609575848145238,-0.07866929821030966,-0.05383963845713939,-0.09552157860141629,-0.0891788479143173,-0.1085141473381138,-0.07580735173871589,-0.07406757247048898,-0.11236938386998206,-0.07192105063682402,-0.09964025368397839,-0.09128113452597529,-0.08838924266906291,-0.09206028093216871,-0.08478639483801448,-0.09118658562384306,-0.1025757473294515,-0.13557003555992395,-0.12635076038090443,-0.10166195585135009,-0.12754337007018166,-0.10996584250577143
90-20dim,0.6151030383223094,0.5855553382002008,0.028036526334995884,-0.007101042283664482,-0.008972969164924117,-0.000297434144296232,0.0041165094846717,-0.004358025615824982,-0.01806051338779673,-0.013875382272009447,-0.012650710990462444,-0.018721707114120408,-0.059028362728746564,-0.09146207668304747,-0.06394822539699878,-0.08478921770593044,-0.09171342736087623,-0.06962805213582991,-0.09524268594345113,-0.07953919001059484,-0.08958958834596344,-0.05829235964797859,-0.07214243166777232,-0.07257844803585965,-0.06473615144744624,-0.055184512152146724,-0.06780637322154759,-0.08272334427855871
90-25dim,0.035769434709496055,-0.02541100096287299,-0.04499734963347583,-0.057223472495393536,-0.07875616109240632,-0.06360110597990207,-0.06837183183585628,-0.057357886557631535,-0.08085128255017644,-0.056223696868376034,-0.07707918956566981,-0.09257956245482163,-0.10236564293911798,-0.07925097370337189,-0.08945661591813578,-0.05286221782167673,-0.05699204895477076,-0.10129767665268212,-0.07812489349845624,-0.09541204633612847,-0.11875860235714167,-0.0713224942601625,-0.06591232455846813,-0.08319280656735893,-0.09671614450098322,-0.059680594545821766,-0.15457588311435047,-0.07024770384127095
90-30dim,0.018776860779955957,-0.0002986595055393322,-0.07490022692473276,-0.07532784762485363,-0.08015937829970843,-0.09380284379322527,-0.08724613876643926,-0.07749915952861684,-0.09765287917653152,-0.09262162934982854,-0.08740764679929998,-0.13443000748069317,-0.09540953435479667,-0.10563345519870504,-0.09507630957719436,-0.10331112596183761,-0.10438382408456955,-0.09863529825473882,-0.0668658342865108,-0.08726393247178586,-0.07099877157681304,-0.11492929034912681,-0.09017548614453602,-0.09089314925422047,-0.08300694674114512,-0.10707845187924198,-0.11936435546902116,-0.08368893669594196
90-35dim,0.01907275026685988,-0.008689943906361398,-0.03938229259469499,-0.04703495431058952,-0.08730491069087032,-0.10205568278608293,-0.09447309006512422,-0.10158696324503441,-0.10260295434913105,-0.08771251770283144,-0.08607469539268384,-0.08410699340706536,-0.08934115916654628,-0.09578162790645064,-0.1021258852917802,-0.1297045192439772,-0.08693028865434269,-0.09429655139560772,-0.10124025259330759,-0.12064899988581167,-0.09058456643920866,-0.07037578924935631,-0.11747264846713922,-0.0957950641331623,-0.0867582919070066,-0.16167211906095616,-0.11081630510164873,-0.08456460651903049
90-40dim,0.01406593425536949,-0.009418715510829737,-0.05493459042003159,-0.05213377756308887,-0.06890816913877418,-0.08630245876991853,-0.07678825332179505,-0.05910029815197404,-0.08422362484096783,-0.08105305445729817,-0.07908341401981761,-0.0707278016074556,-0.07726483787542249,-0.08869868231887727,-0.08624621103724102,-0.07598934698619006,-0.0816433917276916,-0.08589906147105356,-0.0845086984124761,-0.0812039308384763,-0.08052981595498789,-0.07983516747289969,-0.07367651769910642,-0.09320223104235362,-0.08379971633658356,-0.07682147510996226,-0.060351515309283135,-0.06279046161884402
90-45dim,0.0390009756728186,-0.015618848890372678,-0.06092153204480347,-0.06280985030274071,-0.07681386172738545,-0.07844492131165642,-0.0846527858460404,-0.12207023450669517,-0.06487311790124295,-0.0851655768213015,-0.07832209083076569,-0.07094309895552343,-0.075080072270693,-0.06486392923667443,-0.062024830954995565,-0.06809688167044727,-0.13102545978188881,-0.07055851329257073,-0.14461437951405684,-0.06740143139175357,-0.11546648445802188,-0.0839584636455367,-0.08834970116422595,-0.10066219761967247,-0.09274476266368997,-0.06785703560994705,-0.11736937677094532,-0.09022821760515284
90-50dim,0.05001780293191548,-0.024112365776798362,-0.022296144602039516,-0.07234617208057392,-0.07912130556592412,-0.07981787235357009,-0.07743577947487691,-0.07942105217485604,-0.05691481876564024,-0.1192857612763134,-0.06989099792817446,-0.07090843069004035,-0.0703565904377892,-0.07489014855774585,-0.0806228348341811,-0.11347303535093362,-0.07932157107628256,-0.10405791068708273,-0.06030899212087243,-0.09342757600623752,-0.06356758456507068,-0.06147979446855423,-0.1239208904287036,-0.09747985767910859,-0.0916732203702932,-0.1239006470244641,-0.10424986122046,-0.08629789034829388
90-5dim,0.009894084412573457,-0.014913385961105457,-0.06911923838086671,-0.09796660349411739,-0.0801304305999282,-0.07929554734067541,-0.09560912468006016,-0.08694633191703723,-0.12898322488637876,-0.07266529765574362,-0.07874508020730436,-0.08218396902296947,-0.09642898695457618,-0.10072375611829429,-0.08480869231904674,-0.08634036653690555,-0.08564568085441392,-0.08738056583251072,-0.09691102410715904,-0.12069062675233674,-0.12004976041938308,-0.10535752992544958,-0.1095732635599389,-0.1175537067715401,-0.10771619025929026,-0.0882858029769951,-0.12425487270483575,-0.10506850726441833
