Movie,A_avg,A_std,B_avg,B_std,C_avg,C_std,D_avg,D_std,A_avg_norm,A_std_norm,B_avg_norm,B_std_norm,C_avg_norm,C_std_norm,D_avg_norm,D_std_norm
47metersdown,34.80487804878049,23.842183882819985,11914482.596505234,30591489.6252802,0.2451873762435159,0.2496956241860898,3839.2971593633524,3297.384678714118,0.07110133330848487,0.06664871114080445,0.03151691116171551,0.040031981066804605,0.4521566144299956,0.4718479054749911,0.37958423123583895,0.8359153296422939
adogsjourneymovie,34.63247863247863,29.109753495301806,2695759.4157513804,4626122.574262091,0.33529122549422025,0.3484996000428302,3266.0220913929693,2096.407257286327,0.06952166846822597,0.09783139046468914,0.0065779395082053785,0.005443262774646222,0.7185530081579037,0.8681711114713029,0.29183321098081283,0.36348365349626416
aftermathmovie,35.69230769230769,26.611910622543594,742848.7792286681,1455065.0246480522,0.20402419779112746,0.2597210213431093,3211.875122987606,2616.73586569727,0.07923269150072434,0.08304479265341264,0.0012948236090580896,0.0012190661339320152,0.33045568394495434,0.5120618493796101,0.2835449528883943,0.5681666993490899
aftermovie,58.276595744680854,54.90405640467416,5679151.22885397,14193762.10662248,0.21242184133975378,0.23119890416151834,3176.9102668982273,2106.8836930783136,0.28616846044873445,0.2505271373040252,0.014648766931856844,0.018188408562706846,0.35528372376533973,0.3976537314350378,0.27819289422347493,0.36760479685244846
alitamovie,35.78431372549019,29.192272497163277,2569163.918159883,6429859.991392611,0.26672879555742146,0.2690275402601083,2843.7807615784172,2350.9973078498624,0.0800757262326727,0.09831988207704029,0.006235466753140161,0.007846038952297315,0.5158448638080908,0.5493922238090589,0.22720087380933104,0.4636324174712288
angelhasfallen,36.42156862745098,27.8171326366979,1209756.4450619791,4667335.491197369,0.25070263657957015,0.28292585750320864,3686.1155810346154,2869.0750183839014,0.08591477826952834,0.09017940203615477,0.002557926623945595,0.005498162902615588,0.4684627486985485,0.6051412521247408,0.35613677898536655,0.6674300216514251
angrybirdsmovie,34.65,30.910529489695467,369915511.078566,751228830.3413738,0.34156295665012765,0.34148056657907155,7726.730432469832,2614.3218269550307,0.06968221360706969,0.10849152872546677,1.0,1.0,0.7370956850386212,0.8400163148527369,0.9746323241106067,0.5672170825212217
annabellemovie,52.36363636363637,45.78825983035401,4562518.128207735,33908580.36551343,0.09225343125204852,0.1320632262965794,1384.3650013951321,1816.8625764431472,0.2319890772670621,0.19656392803096065,0.011627992720681284,0.04445070994277309,0.0,0.0,0.0038085982900962767,0.2535184203685314
annamovie,37.91011235955056,33.61267833617541,10070550.647303257,30749152.77130637,0.32312398481337606,0.289832324645573,4566.2559678362495,2762.0351083522387,0.09955403672657762,0.12448756620839421,0.026528610101959713,0.040242005678905776,0.6825799718675474,0.6328445219196606,0.4908595695349929,0.6253234481151306
apollo11movie,65.6829268292683,58.86505403510322,6470591.37401755,16186620.130694835,0.18732789344498338,0.2364072011887274,4122.71844038454,2754.6565366347445,0.3540313399213333,0.27397524107842264,0.016789812167588767,0.02084311414246884,0.2810922516012289,0.41854528926665246,0.4229674306127925,0.6224209197729114
arcticmovie,72.625,94.80177863385717,419908.79301523365,1445080.8470512065,0.2592962563654242,0.31775367317583825,2704.2718219421777,2309.4024877605807,0.4176403076402764,0.4867115581188972,0.00042118948380570306,0.0012057661137321223,0.49387020175474977,0.7448428324056673,0.20584628772708866,0.44727015268326137
artofracingmovie,32.21212121212121,25.5755062460723,10200353.302957105,23324681.093846396,0.32618515829154343,0.3450494323652046,3953.5001117867687,2092.6239713535906,0.04734436880090018,0.07690954097210675,0.02687975902859848,0.030351794659928395,0.6916304794978074,0.8543317745077372,0.39706523843674646,0.36199541226653525
avengers,63.70909090909091,71.98678482945773,1692430.0381357437,7383778.495521684,0.26165315823237045,0.26716557785874545,3102.36333319997,3243.2185308534768,0.33594543643958996,0.3516525673666495,0.0038636804490192484,0.009116763080639799,0.5008384962609931,0.5419235070701427,0.2667820203613591,0.8146078482795271
beachbummovie,33.64485981308411,20.565487983716434,10716507.199904121,13329822.277450798,0.1903243230614347,0.19969096235431438,4613.309763031953,2397.1340624527847,0.06047229487960601,0.047251500476227476,0.028276085521152714,0.017037545903462323,0.2899513408690039,0.2712688526576681,0.49806207800952385,0.48178135509495507
bernadettefilm,35.05555555555556,24.79838455511185,8233539.458952443,12388000.619370837,0.19536306055002442,0.26847037362053605,4764.443258361573,1989.941345784166,0.07339824621103783,0.07230917718622837,0.02155903144608824,0.015782936101537574,0.3048486122626722,0.5471573130480829,0.5211960308898321,0.3216028752851436
blindedbythelightmovie,34.0990099009901,15.943902245739093,9413197.331716841,46368938.631773196,0.2191467860304835,0.2509072521252532,5079.046293541132,2795.069152927562,0.0646335904422862,0.019892882244832683,0.024750303564024384,0.06104927452474872,0.37516634840932545,0.47670799602458813,0.5693522108019865,0.6383181379154175
booksmart,65.2,92.35521100620149,3016540.562397561,4491566.6872811895,0.2565247810850828,0.2650473582635202,3997.886217255942,2530.2616039469494,0.34960636825392855,0.4722284967851449,0.007445733427854822,0.005264019567331291,0.48567620087544533,0.5334268896647754,0.40385940454945857,0.534150089466761
breakthroughmovie,42.7787610619469,35.337496571655414,6197980.573121195,14656886.736792957,0.2622463789320482,0.3026160989243322,4437.297455397384,2775.1066935143795,0.14416458901105625,0.13469805375496904,0.016052331184301563,0.018805341392335324,0.50259238198722,0.6841228876226477,0.4711199337661728,0.6304654522676267
brianbanksmovie,31.264705882352942,30.076349405154645,10297295.81186772,21458279.44443366,0.343253438491157,0.3194153474397913,3766.2704032469064,2255.590559479473,0.03866337255589666,0.10355339368630742,0.027142012969229797,0.027865542848247358,0.7420936764658213,0.7515081519527906,0.36840605044067454,0.4261020116167374
brightburnmovie,59.59090909090909,49.553453621722674,547921.0542838399,1512878.1197928318,0.20799752517776227,0.26497961386561336,1972.8330469323766,2132.414158934231,0.2982112772207156,0.21885292261972197,0.0007674949420002336,0.0012960795209421604,0.34220301877806164,0.5331551528572844,0.09388520246930013,0.3776477839743552
brittanyrunsmov,34.22222222222222,27.66979009589009,51888940.61200694,109725592.12063682,0.2584583053521585,0.2799800854232817,6379.452654939942,2142.8459976655954,0.06576256277822659,0.08930717147466599,0.1396579037662364,0.1454472895866722,0.49139275900495655,0.5933251503461661,0.7684049715698194,0.3817513840664239
captainmarvelofficial,48.206896551724135,41.974030814092686,3340471.784634978,9325367.523878831,0.37948369103467433,0.3437300103811567,4021.385875857688,3714.5073956106758,0.1939016180874721,0.17398465731755566,0.008322049096594234,0.011703172731966397,0.8492101726167216,0.8490392997237459,0.4074564893228271,0.9999999999999998
captivestatemovie,35.32142857142857,37.45693104985337,3835082.5252727615,23233192.851232953,0.3950260915789848,0.3629997148443964,2171.786206070062,1778.2432599630183,0.07583439283007756,0.14724456961401497,0.009660095917008539,0.030229922281056056,0.8951620324907503,0.9263340744051396,0.12433889507292548,0.2383266373334843
childsplaymovie,35.59756097560975,47.79117679464499,2892515.3601559675,9192933.381695665,0.14594305509682073,0.21463531299336872,2210.516950523068,2112.184983200727,0.0783645443787199,0.20842068968853047,0.007110213970075526,0.01152675592155749,0.158735972900108,0.3312137375213169,0.13026739699264187,0.3696901794196666
clarathefilm,31.23404255319149,19.089055309101443,2292385.0013869717,9968953.23548131,0.15708921477510843,0.2007756503116478,2809.3135824014093,2409.8594093569527,0.038382409986529115,0.038511392604329175,0.005486709964987593,0.012560499525450089,0.19169013375897997,0.2756197606553308,0.22192499438062455,0.48678715858485627
coldpursuitmovie,31.719298245614034,25.51487655904552,4305345.976014256,14980630.855724294,0.23924162999860407,0.2834764117256981,4821.201146646728,3618.890329352419,0.04282872060809892,0.07655062856521919,0.010932277176579122,0.019236604085693627,0.4345777277249598,0.6073496391115984,0.5298839416028802,0.9623868608396895
detectivepikachumovie,42.525,25.536236508146615,16774868.948038563,45304333.94078183,0.24451283464467152,0.23328735082210672,3135.3913330775663,2091.7736584237355,0.1418394220471356,0.07667707405947818,0.04466548228912028,0.05963110424905578,0.45016229952729253,0.4060309234346471,0.27183760510273447,0.3616609224122443
disneyaladdin,35.130434782608695,23.953858448975872,4188247.896799073,15653981.171850856,0.2694227867751646,0.27248374413317167,3360.9247452016075,2538.865616896817,0.07408435109920344,0.06730979631693984,0.010615497333973076,0.020133580598703262,0.5238097793040382,0.5632557732024097,0.3063599280175421,0.5375346728793746
doramovie,27.045112781954888,12.583474460519973,18383378.747403108,29038629.999438148,0.27799599255384577,0.26982503248751966,4355.485431347978,2796.700214433077,0.0,0.0,0.049016907047647995,0.03796340163790679,0.5491568773594531,0.5525911302658506,0.4585969949876195,0.6389597529093376
dumbo,38.38636363636363,40.762179389662684,3710185.240015073,27549769.776527073,0.20114688057519495,0.24277075973456178,2408.2721428041473,2089.7625144004974,0.10391784150763775,0.16681080350333158,0.009322217254685244,0.03598007643686165,0.32194875625751534,0.4440708402635788,0.16053771721576052,0.36086979334943486
escaperoom,31.362903225806452,36.671456483258716,4507806.451639445,15833537.046075482,0.25595710770877933,0.29523196492131565,3392.4745756787743,2417.4877648854367,0.03956313715016149,0.14259475891779747,0.011479983834385489,0.02037276872722287,0.4839978470479433,0.6545035971416133,0.31118924987004515,0.4897879450478317
everybodyknowsmovie,47.60606060606061,50.25507023655599,3942240.8744719727,7892329.785771757,0.3620539886592287,0.3097819840862327,3215.8458560232216,2229.2666368354753,0.18839626639610355,0.22300631545895747,0.009949986282595753,0.009794209206512444,0.7976784134834327,0.7128667368102921,0.2841527516476692,0.4157469002919489
fastandfuriousmovie,28.905555555555555,14.510416650049187,2176174.326390884,4196945.9622721765,0.2995014447649952,0.2729445899124773,4576.546637565609,2952.8680836181766,0.01704690247689114,0.01140701021385146,0.005172330774644477,0.004871552430612397,0.612738788256487,0.5651043210481876,0.4924347588608706,0.7003919221432591
fightingwmyfam,34.82644628099174,44.68839361327187,2514152.173222004,6069934.491496033,0.12164468176321924,0.19049772055569505,2815.8736848535355,2122.8725998833975,0.07129895914052944,0.19005299831013114,0.006086646106211515,0.007366578689031025,0.08689665545302117,0.23439285620575456,0.22292914703842218,0.3738943955633785
fivefeetapartfilm,33.14545454545455,16.820353668120692,2204397.981383185,3967030.0271321307,0.23655405544997982,0.30707049354178095,3608.2696880790313,1898.4547754212315,0.0558963342456488,0.02508125290866363,0.0052486828808972095,0.004565279174555137,0.42663178342199964,0.7019903867819901,0.3442209345484182,0.2856145602591799
glassmovie,53.79220779220779,42.56311971720023,605793.2064765017,2814505.800930378,0.2063938519827614,0.2778313254914652,1821.5857976824016,1400.6544102910752,0.2450788202947384,0.177471914574742,0.0009240537120990656,0.003029990429872548,0.3374616813166878,0.5847060293268997,0.07073383731497737,0.08979350926477087
gloriabellmovie,53.93846153846154,57.7570180678909,1350105.3906046203,2549134.6852400894,0.12025107339826585,0.16479990813088302,3987.228528211201,2403.062443830597,0.24641891706344596,0.26741594850390393,0.00293760592506566,0.0026764869825516573,0.08277638483439687,0.1313136094549916,0.40222803570143273,0.48411341821386306
godzillamovie,58.983050847457626,62.52253601171659,577276.7452951847,2070968.4615028289,0.2583543473905411,0.2708420009047998,1980.610558997347,1923.932091373713,0.29264158147789154,0.29562660897669857,0.0008469094912438375,0.0020395170996620267,0.49108540225710956,0.5566704011660204,0.09507570360370879,0.2956366396624908
goodboysmovie,30.884955752212388,19.86982067535106,57537036.36173855,89798958.3318889,0.21378266759726958,0.26340444315341116,6729.208043821272,2876.467711450728,0.03518379042311012,0.04313332602600947,0.15493742751774026,0.11890282667668296,0.35930707249580046,0.5268368169680826,0.8219419103428409,0.6703381049463151
gretafilm,35.455357142857146,36.46987220218735,968982.492918372,3217693.435916844,0.20992306332925456,0.24309223949280073,2118.4287917433835,1827.5020566310839,0.07706155623892227,0.14140143097800348,0.001906572347471703,0.0035670806045666748,0.34789596557011043,0.4453603621410478,0.11617149375559124,0.2577037009315362
happydeathdaymovie,29.089430894308943,23.297652671488645,3201094.5660811113,5868958.043430249,0.2803724422529402,0.27623128492866356,3343.0080827394627,2205.036173256628,0.018731719130277297,0.06342522414510218,0.007944998562099747,0.0070988560055100375,0.5561829659780764,0.5782879353172705,0.30361743057005264,0.4062152985165041
hellboymovie,38.00990099009901,29.24512146825804,2931540.55822462,9993443.63644294,0.29055624758486415,0.2930446780487329,2798.4970785746286,2848.592976454933,0.10046838199825167,0.09863273461425981,0.007215786975070254,0.012593123427051765,0.5862918796084269,0.6457299365853564,0.22026931580776635,0.6593729464502176
hersmellmovie,41.4375,45.865249304348055,4542532.873534492,21692732.09317288,0.31166327895665846,0.3350085679033424,3074.270886949539,2040.7701715007556,0.13187485516731698,0.1970196862373985,0.0115739275654519,0.028177859504667332,0.6486958399997624,0.8140557880406585,0.2624819191400338,0.34159754537750436
highlifemovie,43.48101265822785,56.82570749129232,2402062.2189402133,6428363.447653331,0.15218429100145545,0.21677997766615695,2961.7651500834395,2197.159366268555,0.1505991940663214,0.26190282552737953,0.005783414504864284,0.007844045391809296,0.1771884890936582,0.3398164316086366,0.2452607041489542,0.4031167780433798
hotelmumbaifilm,136.1818181818182,181.50961315980342,342777.73258402006,843995.3967524798,0.3714514269089128,0.3112257678938946,2375.7161949766432,1719.9659454248367,1.0,0.9999999999999999,0.00021253050880631333,0.0004050543321868421,0.8254623947540995,0.718658052619767,0.15555438932161866,0.21540193542207714
httydragon,46.857142857142854,49.79700288771042,58575097.73329759,188005659.73885706,0.307532699796539,0.2715897309620545,4912.735240341681,3694.808428750296,0.1815340677785641,0.22029467265238742,0.15774564538178917,0.24972492993035314,0.6364835826831876,0.559669701254315,0.543895034285296,0.9922509651171207
hustlemovie,34.554545454545455,29.54490768724678,17110799.91339562,24164775.386289004,0.2050781510630436,0.2504248470057958,5940.344853782424,2413.9790485853773,0.06880758077749313,0.10040739317981434,0.045574260289968214,0.03147089244749493,0.3335717478326911,0.47477296920127876,0.701190889349338,0.4884077120033275
isntitromantic,35.55769230769231,32.89225619734042,11973160.380033704,19926955.981397495,0.2883271841017938,0.2947648089248707,4428.619108816101,2390.511815836414,0.07799923494619329,0.12022284942517658,0.03167564936780053,0.025825651951536407,0.5797015454748842,0.652629737708265,0.4697915421978278,0.479176344365357
johnwickmovie,36.37864077669903,25.180943829274838,11571453.110453965,37574943.95356789,0.22429097471489012,0.21199232064046897,2449.4406761484966,1706.7611983756835,0.08552143809497689,0.07457383129546605,0.030588929871767374,0.04933470858044574,0.39037539137006366,0.32061214792290094,0.1668393706544137,0.21020754902462152
lalloronamovie,76.8,87.20922479238585,280621.75245722855,867369.9049845363,0.14563050298450514,0.19218412581574362,1359.483530646628,1878.397411562748,0.45589508163866044,0.4417655604187585,4.438290353768069e-05,0.0004361917422172017,0.1578118974442277,0.24115737689913808,0.0,0.2777245417978263
lastblackmansf,51.74193548387097,50.50484980987884,6515634.087961284,8962655.590893146,0.16891978846595326,0.22398065809295387,5847.3837118702395,3295.685624985822,0.2262925439377155,0.2244849473346763,0.016911664070961365,0.011220000634048597,0.2266677977897838,0.3686998518086585,0.6869613588802267,0.8352469683672197
latenightmovie,31.173076923076923,16.135509281188295,3885646.3739972836,5580870.223163465,0.1409207209894447,0.20818602033337433,4209.932509754513,2203.85379328584,0.03782379288432511,0.02102714741495118,0.009796883882685377,0.0067150914148138684,0.14388719889735707,0.30534428923996937,0.4363172586367161,0.40575018256888135
lionking,50.11538461538461,40.91767243086736,1059579.9377273866,2227675.500602573,0.29105052314747826,0.28637416976177604,3464.2349593100294,3053.3669815251264,0.21138875091476442,0.1677312829649588,0.0021516612891474313,0.0022482680724162044,0.5877532292453538,0.6189731466182717,0.3221735874583318,0.7399254403775681
littlethemovie,34.24031007751938,23.39176797948752,77362449.43684706,203675598.0642849,0.22069090585755516,0.2601577249987069,7892.456780465309,2562.3130412114147,0.06592829854265977,0.06398236295573001,0.20857017090366642,0.2705990073631413,0.3797316134544528,0.5138135581682086,1.0,0.5467582484209392
littlewoodsfilm,48.333333333333336,37.071252713899185,1280761.738340941,9446250.18023946,0.14791874222978968,0.19247396780561826,2027.941248346813,1519.044648211692,0.1950601355738297,0.1449614514481475,0.002750013853555672,0.011864201695625957,0.16457718758443451,0.24231999313662655,0.10232059617246062,0.1363649914110962
longshotmovie,34.51724137931034,25.33890383506014,13058510.156473821,36747141.09480154,0.22680793210656305,0.25329736468429337,4373.778449981023,2631.2273448968745,0.06846577024639425,0.07550891456322781,0.034611794295689585,0.04823198433136989,0.3978168977860976,0.4862952324073051,0.4613971011465653,0.5738672509880751
mamovie2019,28.528,17.38991707858321,4367685.6831335,12697851.57873228,0.27509426433841416,0.27264538088827606,3714.020561957436,2829.4113435395925,0.013587428836265486,0.028452924189663165,0.011100921809708005,0.016195691581745112,0.5405777773698546,0.5639041316964313,0.36040818495256455,0.6518274165945117
meninblack,34.78947368421053,32.2597662851984,2622666.148700187,6080045.653790475,0.38973621432553285,0.31530160159618803,3609.4076410178454,3467.3688565084603,0.07096018588687705,0.11647866917567737,0.0063802037828439954,0.007380047866783127,0.8795222542204357,0.7350070655617451,0.34439512061887945,0.9027824568678946
midsommarmovie,46.851851851851855,55.62398255107459,9101364.605339698,12669849.893880326,0.29868752091731715,0.33250364168019697,4909.885155094739,2638.032143905098,0.181485587248832,0.25478891793752456,0.02390671737846757,0.016158390264681233,0.6103323829853062,0.8040080102773357,0.5434587727030186,0.5765440728366242
missbalamovie,30.928571428571427,25.733425416634084,11730010.0706725,49424293.66110142,0.2997288080183439,0.2878309899505383,3971.553783722742,3368.9383240577267,0.03558343301997277,0.07784438250567727,0.031017866445610068,0.06511934271151135,0.6134109987254295,0.6248167540517171,0.39982870787793456,0.8640625770433745
missinglinkfilm,53.89705882352941,50.783027417656214,11870227.00663369,30683699.021627937,0.21151786403793282,0.28385818487411507,4059.5766050023317,2798.4884980648376,0.24603955143406922,0.22613168838919465,0.03139718862751251,0.04015481410158879,0.3526110710960076,0.6088810102617159,0.4133023312824131,0.6396632147883903
onceinhollywood,39.82795698924731,34.543917397415136,6746562.064858701,24539909.744127043,0.21602551224272748,0.26256199269835917,3870.4630951378113,2566.3803169311636,0.1171269020853953,0.13000026583208885,0.017536382500718595,0.031970612578524654,0.36593815130331614,0.5234575737509537,0.3843547904563782,0.5483582034670089
onthebasisofsex,36.527272727272724,38.52335987681172,954099.949065571,3382030.1241801702,0.20213344536921235,0.20722561987688265,2925.628374283603,1713.4518628624276,0.08688332592207529,0.153557558445523,0.0018663113121851682,0.003785995107267054,0.32486558284695316,0.30149192414376114,0.23972926013135634,0.21283947347349702
overcomermovie,31.672897196261683,16.74312563687662,18966286.959502816,34420499.85851046,0.2958994389590837,0.3478052294281436,5718.816981777427,2091.551529759077,0.042403556139533144,0.024624082503664615,0.05059382080165922,0.045132642884323566,0.6020892836586098,0.8653858471560163,0.6672816931022624,0.3615735430698083
petsematarymovie,43.825,37.556216196523316,264215.5546654126,872916.9843224037,0.18470100081840016,0.21598360296436162,1541.739221233729,1172.3886468742646,0.1537510882023211,0.14783231256152113,0.0,0.00044358106061908513,0.273325716339399,0.3366220077784913,0.027897816754746313,0.0
pomsmovie,29.625954198473284,22.54574175798502,54644829.876467496,73041721.67596425,0.22136064715038314,0.2856230387168327,7103.340419580523,3251.332812839584,0.023647785656186998,0.05897410178302562,0.14711327940763563,0.09658034855003228,0.38171173601995617,0.6159602044641328,0.8792102262309605,0.8177997849229828
rocketmanmovie,34.18691588785047,23.48398971067827,7036656.006281514,16994407.08440852,0.26177418601763197,0.2570705488287262,3814.643861896502,2372.107749328244,0.06543905718730378,0.06452829227075996,0.018321159789302602,0.02191917500951474,0.5011963207690764,0.5014302553046055,0.3758105593525912,0.47193668787121495
scarystoriesmovie,37.851485148514854,38.64906493780426,594917.1017396043,1271634.7676267708,0.17505842317650852,0.2419361604503545,2359.933654005949,2225.9760189421017,0.09901684613775688,0.15430170060114476,0.0008946311052568987,0.0009747169023613204,0.24481696858441665,0.4407230897184099,0.15313856112713883,0.414452461196604
secretlifeofpets,56.25,34.05418476487141,50986115.949727416,43871103.84544953,0.39914882161655874,0.3813647417310803,6323.077492219476,1876.191492248477,0.2675991281855361,0.12710117255786482,0.13721553531463945,0.05772188448266898,0.9073510834964136,1.0,0.7597756445291751,0.276856793461771
serenityfilm,31.414285714285715,21.714046051308987,7114549.302088592,11410314.596311806,0.3512883508912155,0.3334550239069287,4820.154825530269,3510.240778229745,0.04003394564938276,0.054050673632237256,0.018531880803269785,0.014480551029787025,0.7658492840796491,0.8078242013866181,0.5297237815843941,0.9196470985147864
shaftmovie,33.922222222222224,20.357487171815123,2889889.983340079,6116998.320909867,0.25219127412274533,0.26534170988960515,4042.2886043229523,2089.333680422503,0.0630137167424146,0.04602018829740838,0.007103111663529657,0.007429272874487627,0.4728639776845203,0.5346075949868907,0.41065606288083056,0.3607011017892127
shazammovie,38.023622047244096,46.08490359799702,13209435.577955162,35925967.43100311,0.2512032092455732,0.2917241394305147,3279.879402728454,2811.348898408603,0.10059410557671974,0.19831998407964055,0.03502008563217046,0.04713809089746406,0.4699427160265917,0.6404329827504922,0.29395434492788186,0.6447221446083122
spidermanmovie,41.650485436893206,38.66201787255734,6196187.433458824,15178786.403259927,0.25113204911942033,0.27142640893401004,4178.557569855797,3354.2100731645733,0.13382640241361557,0.1543783786975768,0.016047480289190185,0.01950056902014926,0.4697323276675816,0.55901458278157,0.4315147072257506,0.8582688858948102
stubermovie,34.48837209302326,29.48777601921212,9743397.420957683,39431366.6482111,0.21726156103172758,0.23285683345854985,4443.794607795232,2349.983933678558,0.06820124616917098,0.10006918816030363,0.025643578099347884,0.051807667329306015,0.36959258940556855,0.4043040291443877,0.4721144506805086,0.46323378378355856
taosdfilm,37.59803921568628,33.14385158843355,2506131.1781670684,5323323.809679827,0.1292354423930392,0.22288077474426352,3585.3702892695146,1873.395881163049,0.09669456664526185,0.12171223048266352,0.006064947291268725,0.006372011329497222,0.10933910684940268,0.36428799194983097,0.34071573133789657,0.2757570765084156
teenspiritmov,40.25581395348837,56.19136448727804,4976642.453295856,15774370.850685952,0.1936019245536776,0.24493775950867647,3567.667966003129,2941.3117235635505,0.12104727848555732,0.2581476754428593,0.012748303484102766,0.020293952862200582,0.29964172840373954,0.45276312506713445,0.33800604271841894,0.6958459661133254
thebestofenemies,38.277227722772274,32.18791323852966,6836317.65449861,33176857.92392427,0.20862805932904185,0.23790289389575822,4118.360316460309,2179.831501033186,0.10291784876283663,0.11605331731940455,0.017779194011801492,0.04347597535302326,0.34406722353091085,0.424544822420007,0.42230033406156253,0.39630046970059213
thedeaddontdie,34.74226804123711,39.26470526302307,4776885.596489499,15594682.859289788,0.13969620650020778,0.20816381221672206,2035.6450526284855,1782.4613749741134,0.07052764907169226,0.15794613555928197,0.012207910797197003,0.020054588739110243,0.14026686251092085,0.3052552078855558,0.10349981488147439,0.23998592843197913
thefarewell,51.542857142857144,49.78372818338071,2585784.0251271296,5381441.735664036,0.1166948728602518,0.2006670225127443,3010.310484209488,1499.876902123745,0.22446842490934257,0.22021608976147475,0.006280428334956589,0.00644943078463693,0.07226230572924941,0.275184032060925,0.25269152198176814,0.12882492425354325
thehummingbirdprojectfilm,32.612612612612615,27.299860135988343,3652352.514325041,15738470.062458841,0.2884458020045337,0.2799974954023706,4841.195779813153,3306.000073733646,0.0510139994629589,0.08711727971042998,0.009165765143221474,0.020246129072611394,0.5800522450485899,0.5933949853772873,0.5329445133214281,0.8393043904498627
theintrudermovie,38.673469387755105,36.07723447199109,4695925.133600566,13960663.263770772,0.26010754544353165,0.2607699427883487,2444.2243152846613,2287.387350641954,0.10654853986287535,0.1390771149590645,0.011988892322571642,0.017877895324292615,0.4962688172021024,0.5162692904912745,0.16604090406586922,0.4386099997578445
thekitchenmovie,42.58139534883721,38.857959920919576,1186106.0593065913,2587737.9436532822,0.201860322406047,0.2551269123424707,2094.576804265575,1691.8817116122984,0.1423561624841003,0.15553830604731067,0.002493946364599098,0.0027279107589916274,0.32405808157995314,0.4936339268993488,0.11252047812063967,0.20435436582034322
thelegomovie,41.58426966292135,37.4939123114895,132253380.58071284,165501689.68941,0.27541408877558343,0.2668429545271232,6375.685150089712,2900.174071575688,0.13321967918764635,0.14746348932603165,0.3570639860438779,0.21974717229010543,0.5415233538063382,0.5406293980830394,0.7678282808799662,0.6796635387549217
themustangfilm,31.691056910569106,35.5395417206273,4023309.779028476,8025956.637954949,0.3041701774731855,0.3022893722070374,5135.526069730201,2513.11456320463,0.04256995033515129,0.1358941099161269,0.010169298119286616,0.009972214837526664,0.6265421225988508,0.6828123191059445,0.5779975509907951,0.5274049125347855
theprodigymovie,42.30508474576271,57.27668624933431,353543.67614575895,539925.6037639154,0.137742520377357,0.2177367428030199,2527.2391954542104,1998.1325023706243,0.13982437813105306,0.26457250566992274,0.00024165510188120163,0.0,0.13449069487844162,0.34365421468506696,0.17874796362284093,0.3248250522941954
thesunisalsoastar,34.94949494949495,24.73592804219321,3711920.266971614,6021948.261560018,0.2610930240207124,0.28483495017853855,3623.481107038055,2101.027959224136,0.07242643195595275,0.07193945043227809,0.009326910940268253,0.0073026557648567456,0.4991824323388609,0.6127990181515641,0.34654934129024073,0.3653013112827486
theupsidefilm,30.66176470588235,23.489428344356035,2037401.977007077,5057216.2108361,0.21371888611181752,0.2211047516129697,3289.5916651341286,1772.9623841357293,0.03313873101333323,0.06456048760606828,0.004796916563834998,0.00601752680579597,0.3591184994453445,0.35716399541816746,0.29544099764086273,0.236249285191727
tolkienmovie,48.957142857142856,61.31008672880734,1651663.5783967366,4058227.600773881,0.2351617142244525,0.2817714831453322,3026.7465882923843,2555.6169365698397,0.20077599002924837,0.2884492159915454,0.0037533968919679214,0.004686764350459831,0.42251525916245175,0.6005108175448926,0.2552073908602075,0.5441241839639175
toystory,37.252631578947366,26.654502304015967,53515538.79496051,96247575.0398332,0.20819029330190567,0.29015777751446875,3352.3279779168693,3053.4280294092423,0.0935296586019653,0.08329692463133107,0.1440582621652195,0.1274930917881652,0.34277294707218603,0.6341499807666657,0.3050440237644554,0.7399494549457886
triplefrontier,39.8375,42.17061884475968,1076285.6834267336,2432400.0457206145,0.21747375853050827,0.2836787373967064,2436.816071669869,2492.40521134009,0.11721434297631941,0.17514840871908954,0.002196854545336809,0.002520983632518427,0.3702199615867056,0.6081612092725566,0.16490692672790933,0.5192584198208499
uglydolls,51.26315789473684,61.94947752375558,155904149.0629322,240019578.12994862,0.30867001966641844,0.3338495152130095,6106.066811130933,1960.2540696482754,0.22190559101129223,0.2922342477212202,0.4210452807629983,0.31901317711614585,0.6398461239549591,0.8094065877006091,0.7265578931638889,0.30992471266955096
underthesilverlake,30.866666666666667,18.62055529153412,8764439.387598388,27857998.219988253,0.2006809928306094,0.26236221315286307,3840.9173536394946,2807.000314460976,0.03501621082210685,0.03573799103856362,0.0229952496741172,0.036390670547838844,0.32057133657931386,0.5226562166266382,0.37983223382427556,0.6430115305979367
usmovie,43.01020408163265,52.851832725150885,2260180.038828769,6481498.568345228,0.1754880340086414,0.2202059196253922,3454.5625697255214,3247.7416281504666,0.14628525976832138,0.2383784923676925,0.005399587417472753,0.007914827203497947,0.24608713381418618,0.3535585941994427,0.32069303806456595,0.8163871110693706
whatmenwant,32.08695652173913,19.626320046389925,20036619.321368393,52760564.31260152,0.24150032759410664,0.2609700849010599,6006.485656169421,2582.2588842160026,0.04619750725763214,0.04169186391223555,0.05348933983493791,0.06956362133404705,0.4412556765469862,0.5170721019477647,0.7113150395421822,0.5546043976279746
wonderparkmovie,27.282442748091604,13.193379561810135,157110862.30155188,444546162.95122814,0.4304856722738043,0.33103099909158284,5563.594289198451,2771.415032365901,0.0021746117886477234,0.0036104838835859104,0.42430974447036723,0.5914650323793701,1.0,0.798100935921821,0.6435218081856536,0.6290132537224904
xmenmovies,41.54929577464789,33.954729070699855,4791049.479459798,14875020.344944658,0.31954898418828703,0.27962685240542606,2953.689531997457,2301.564007557485,0.13289921974052157,0.1265124200123005,0.012246227673512085,0.019095919295878398,0.6720103093945395,0.5919082595693892,0.24402457202699787,0.4441867089192783
yesterdaymovie,31.888111888111887,23.459265363605663,13279499.773015983,29280970.52910466,0.17974317373174717,0.2526257722391313,4522.660901006954,3381.515610414149,0.04437552964800298,0.0643819303917578,0.035209626953705726,0.03828622581731999,0.2586676604672679,0.48360133604654054,0.48418648743864345,0.8690101375625963
