filename,Action,Adventure,Animation,Biography,Comedy,Crime,Documentary,Drama,Family,Fantasy,History,Horror,Music,Mystery,Romance,Sci-Fi,Sport,Thriller,War,Western
21bridgesmovie.jpg,0.97854817,0.89982134,6.124377e-05,0.0011831224,0.33061826,0.5939314,1.3381243e-05,0.007815897,2.3841858e-06,0.008117557,0.00012367964,0.028617024,0.00093224645,0.00045102835,0.00049486756,0.003873676,0.018725723,0.006022185,0.00015738606,1.7881393e-06
47metersdown.jpg,0.00072681904,0.035825223,0.00030618906,0.0007226467,0.00028783083,0.0042955577,0.00065398216,0.9903326,5.8233738e-05,0.0066737235,0.0047299266,0.91960156,1.1146069e-05,0.69023514,0.00031998754,0.0049144626,3.0994415e-05,0.54689354,0.00012996793,6.15716e-05
abeautifuldaymovie.jpg,0.010257602,0.0064501464,0.00086808205,0.064261526,0.0015777051,0.0037247837,1.052022e-05,0.2730186,4.887581e-06,0.0038219988,0.0005362034,0.019210905,0.0009662807,0.0001360774,0.8916695,0.00041857362,0.004072994,8.362532e-05,4.976988e-06,3.516674e-06
abominablemovie.jpg,1.257658e-05,0.99540555,0.9991305,9.536743e-07,0.99936473,6.3955784e-05,8.738041e-05,0.00017741323,4.9471855e-06,1.847744e-05,8.34465e-07,0.0067781806,0.009871274,0.08986479,0.00021204352,4.3421984e-05,6.529689e-05,1.66893e-06,1.7881393e-07,0.0004979968
adastramovie.jpg,0.20862761,0.5795402,0.0011949837,0.007971674,0.008881152,0.11315307,0.00080788136,0.6180568,0.00056004524,0.7219012,0.004984379,0.17882162,0.03006205,0.28516144,0.016220987,0.029766768,0.00033512712,0.008586407,0.00014042854,0.00014433265
adogsjourneymovie.jpg,0.0010244846,0.051965952,0.00071817636,0.022137493,0.019955516,0.0011571348,0.0010220706,0.9933637,1.0818243e-05,0.013618916,0.0018649101,0.008548856,0.00034821033,0.0054673553,0.11869919,0.00033906102,0.0031785667,0.007836133,0.0008909106,7.075071e-05
aftermathmovie.jpg,0.00791949,0.008290142,0.0033925176,0.11268076,0.03263846,0.07472062,0.003924519,0.8790319,0.010287911,0.011577368,0.2719506,0.008253008,0.021101892,0.006943941,0.86808765,0.005028546,0.0032780468,0.0055243075,0.0014259517,0.0006877482
aftermovie.jpg,0.77006435,0.37810764,1.8835068e-05,0.006268412,0.024831891,0.0043163,0.001060605,0.010112315,0.0004389286,0.21149293,0.011192381,0.01710096,0.00039350986,0.0017056763,0.3202594,0.041689396,0.00087434053,0.08515784,0.00015518069,0.00015825033
ahiddenlifefilm.jpg,0.056099027,0.21685421,0.001019001,0.28671813,0.032106787,0.0017995536,0.015461624,0.9001383,0.0068442523,0.063845605,0.06507933,0.010778427,0.0019297898,0.0061496794,0.039489865,0.0025756657,0.0005481541,0.11792874,0.51738024,0.00017419457
alitamovie.jpg,0.99988234,0.99999946,5.7965517e-05,0.00015956163,0.0009006262,4.4703484e-07,0.0,4.61936e-06,9.608269e-05,0.00071811676,1.630187e-05,1.1861324e-05,1.5795231e-06,1.66893e-06,5.9604645e-08,0.595925,2.9802322e-08,8.672476e-06,0.0,0.0
angelhasfallen.jpg,0.38832426,0.014734983,0.0038436055,0.011395872,0.0001476109,0.03134814,0.0035737753,0.3455285,0.00039964914,0.0032585561,0.047462463,0.03592205,0.0014040172,0.018711716,0.11455482,0.012796611,0.00040063262,0.6176099,0.00022187829,1.3411045e-05
angrybirdsmovie.jpg,7.4207783e-06,1.0,0.99993205,0.0,0.9999863,0.0,0.0,2.0861626e-07,0.0,2.0861626e-07,0.0,2.5957823e-05,1.1920929e-06,1.2040138e-05,0.0,0.0,2.861023e-06,0.0,0.0,6.556511e-06
annabellemovie.jpg,0.00014859438,3.2156706e-05,0.00017023087,1.3887882e-05,4.5269728e-05,3.784895e-06,1.975894e-05,7.748604e-07,0.00012153387,0.0005043447,9.804964e-06,0.999997,2.1457672e-06,0.9992888,0.00019043684,0.00089246035,5.9604645e-08,0.9999029,0.0,2.9802322e-08
annamovie.jpg,0.009641975,0.26217228,0.0142633915,0.11728367,0.550219,0.00049963593,0.0018787384,0.075501174,0.066527605,0.30237013,0.0007237494,0.35459673,0.019936949,0.041733056,0.023444265,0.0027986467,0.0017206371,0.009459645,0.0024451911,0.0015045404
apollo11movie.jpg,0.005953431,0.00035989285,0.00023567677,0.00041094422,0.0021998286,0.00062954426,0.98473203,0.00061812997,8.6426735e-05,3.2186508e-05,0.2591617,0.5937205,0.00034716725,0.0938077,0.0003567338,0.0011129677,9.986758e-05,0.40254027,3.5315752e-05,2.1785498e-05
arcticdogsmovie.jpg,0.53246695,0.99999535,0.21562761,2.6136637e-05,0.9328561,1.3113022e-06,1.1920929e-07,2.7745962e-05,0.00064250827,0.023034811,1.1026859e-06,8.0406666e-05,3.8564205e-05,0.00010806322,1.937151e-06,0.001177907,0.00021228194,4.2527914e-05,3.8444996e-06,1.7285347e-06
arcticmovie.jpg,0.2771617,0.8364279,0.002153039,0.0027924776,0.0022220016,0.022728115,0.0031760037,0.39690462,0.002600789,0.036626726,0.047761053,0.00032648444,0.02467084,0.027874708,0.011302143,0.010540992,3.3676624e-05,0.050666153,5.2660704e-05,0.00014349818
artofracingmovie.jpg,0.0028737187,0.14501813,0.00026521087,0.010243893,0.89634883,0.010322124,0.002833575,0.9460565,6.535649e-05,0.0037959218,0.001300633,0.008102089,0.0034493208,0.0033789575,0.041037858,0.00058707595,0.00066435337,0.005229324,0.0010216534,2.0831823e-05
avengers.jpg,0.9999876,0.99706006,1.9669533e-06,2.5510788e-05,0.000103354454,0.0012997687,7.390976e-06,4.634261e-05,2.0563602e-06,0.0037680864,0.0035316348,5.736947e-05,3.093481e-05,8.752942e-05,0.00013679266,0.97987425,8.6426735e-07,0.0022706687,0.0,0.0
beachbummovie.jpg,0.99417067,0.9376418,9.816885e-05,0.000336349,0.0015937388,8.812547e-05,4.4226646e-05,0.00020420551,0.0058065355,0.8634178,0.0008930266,0.0004491806,0.00089010596,0.00067955256,0.0009237528,0.053184718,9.387732e-06,0.05962673,8.225441e-06,6.854534e-07
bernadettefilm.jpg,0.0010850132,0.012167275,0.004087746,0.29000494,0.86476177,0.005823314,0.0026874542,0.56952006,0.00030866265,0.0007561147,0.053699523,0.0004324615,0.011621028,0.53598046,0.0014325976,0.002701044,0.00014615059,0.002903521,0.0006829202,0.00019428134
blackandbluemovie.jpg,0.09280151,0.0015283227,5.4061413e-05,0.5691507,0.0028695464,0.07770023,0.0031177402,0.970603,1.1384487e-05,0.00015759468,0.13153985,0.29500878,0.0018284917,0.00277102,0.0044302344,0.013835281,0.000695765,0.14027968,0.0022069216,0.00032246113
blackchristmas.jpg,0.08110994,0.019295633,0.0015591085,0.03795752,0.010517359,0.0006797612,0.018165916,0.006751448,0.0008790493,0.0023545027,0.0120945275,0.44195008,0.00072079897,0.15227479,0.032398075,0.12905827,7.6293945e-05,0.51586056,1.385808e-05,0.0003168583
blindedbythelightmovie.jpg,0.4363245,0.98298573,0.0010116696,0.00039878488,0.024960876,0.0014345944,1.4901161e-07,0.024661362,0.00012594461,0.83791155,2.6494265e-05,0.03436467,0.000382334,0.00085285306,0.00035706162,0.022702813,0.005525321,0.0015630722,6.6161156e-06,6.109476e-06
bombshellmovie.jpg,0.024606258,0.011759639,2.6226044e-06,0.06748018,0.31067657,0.000605464,5.0753355e-05,0.28935853,1.0371208e-05,0.00086292624,0.003788054,0.00014358759,0.00076395273,8.499622e-05,0.034726262,0.01398623,4.2915344e-06,0.010712415,1.603365e-05,3.2782555e-06
booksmart.jpg,0.0037862957,0.0008647144,3.0845404e-05,0.0017749071,0.835663,0.02617684,4.529953e-06,0.41046616,8.058548e-05,0.053699642,0.0005557239,0.028642416,0.022040099,0.0051285326,0.2228714,0.00056168437,0.002574563,0.0016544163,1.4007092e-06,1.1920929e-07
breakthroughmovie.jpg,1.66893e-05,0.00041517615,8.225441e-05,0.8444799,0.07035908,0.002866596,0.0030277073,0.9792912,1.7881393e-07,0.00022041798,0.00052034855,0.0065761805,0.00059473515,0.00082165,0.009944141,1.4871359e-05,2.115965e-06,0.000151366,2.387166e-05,0.00011694431
brianbanksmovie.jpg,0.006387353,0.022328377,0.001155287,0.1504674,0.014568895,0.0055684447,0.095418155,0.6059426,0.013356835,0.06451923,0.0034357607,0.45289505,0.0011750758,0.014703244,0.009395748,0.049747616,0.0058053434,0.0032838285,0.0011224151,0.0007523298
brightburnmovie.jpg,0.07201591,0.363921,0.0017169416,0.004679531,0.00039979815,0.0024527013,0.006066799,0.18419641,0.007183343,0.092437565,0.0039307475,0.33721346,0.0005285442,0.018061817,0.007243842,0.14471811,0.007950425,0.0022572875,0.0067513883,0.0005246401
brittanyrunsmov.jpg,0.029043555,0.013938338,0.0049438775,0.0037367642,0.5833364,0.009864479,9.2446804e-05,0.1172733,9.328127e-06,0.012748361,0.00029435754,0.015265554,0.0027968287,0.00026589632,0.9698547,0.0004260838,0.0012775064,0.0074612796,2.8133392e-05,3.5762787e-07
captainmarvelofficial.jpg,0.9999999,0.9999989,1.4901161e-07,1.1920929e-07,2.938509e-05,1.7881393e-07,0.0,0.0,0.0,0.0003646314,1.4901161e-07,2.0444393e-05,0.0,1.7881393e-07,5.9604645e-07,0.98899066,0.0,1.1920929e-07,0.0,0.0
captivestatemovie.jpg,0.0029764175,0.018475235,0.0008724928,0.029037446,0.00532192,0.0043049455,0.006823063,0.78336906,5.799532e-05,0.0008852184,0.025185615,0.048942387,0.00019875169,0.021297932,0.017815113,0.020673722,0.0006465018,0.15379596,0.00039315224,7.417798e-05
catsmovie.jpg,0.06570524,0.94195676,0.23636588,0.002229035,0.6146868,0.000587672,0.00012505054,0.009323537,0.004057497,0.059387386,0.00039103627,0.021782964,0.008616686,0.000541687,0.0025237799,0.024379194,0.00015425682,0.00013303757,2.5629997e-06,0.0003309548
charliesangels.jpg,0.9968252,0.9990994,0.030973703,0.00075000525,0.99437857,5.9604645e-05,0.0014293492,3.963709e-06,0.0021096468,0.00015306473,0.00022986531,4.759431e-05,1.3530254e-05,3.0398369e-06,0.0009768307,0.05468878,0.0003502369,0.00033435225,0.00025445223,1.0371208e-05
childsplaymovie.jpg,0.1478349,0.16765481,0.001316458,0.019462675,0.011596948,0.004966557,0.009095818,0.027677834,4.5001507e-06,0.00105533,0.005098194,0.052024066,0.00056809187,0.00079345703,0.0013141036,0.0012814701,5.930662e-06,0.00052157044,1.9967556e-06,2.8520823e-05
clarathefilm.jpg,0.1178613,0.022966802,0.0002835691,0.0011965334,0.0005078614,0.004586786,0.00043693185,0.63250995,0.00030264258,0.008150965,0.0015939772,0.16055223,0.00080242753,0.03922859,0.0021229386,0.20490798,0.0001463592,0.060436934,2.6524067e-06,6.854534e-07
coldpursuitmovie.jpg,0.83732545,0.74195284,0.0032110214,0.014244437,0.0035299957,0.10073003,0.00019621849,0.35922587,0.00012591481,0.0943723,0.0056267977,0.133502,0.00081565976,0.007362455,9.0152025e-05,0.0010802448,2.7477741e-05,0.010723442,0.0013958216,7.122755e-06
countdown.jpg,0.1678077,0.18378258,0.0025429428,0.006918609,0.0008381605,0.020813763,0.0077924132,0.16962194,0.0007748306,0.18479356,0.004789233,0.9001851,0.0006059408,0.13039014,0.02008468,0.37261498,0.0022810996,0.25528413,0.00010380149,0.00050213933
currentwarmovie.jpg,0.4689895,0.15630421,0.00017821789,0.010507703,0.00056004524,0.034557283,0.0059366524,0.33948886,1.4126301e-05,0.0071924627,0.0381324,0.019966692,0.009877175,0.019554108,0.012658626,0.12752712,1.5377998e-05,0.023129463,2.2232533e-05,4.208088e-05
darkwatersmovie.jpg,0.07460046,0.015928835,8.574128e-05,0.0446257,0.024285764,0.058780313,0.0066872537,0.9525981,0.00022631884,0.0005866885,0.15872791,0.007855028,0.004257053,0.0060195327,0.017122746,0.0995546,0.0006854832,0.0556055,0.009003788,0.00013148785
detectivepikachumovie.jpg,0.83161664,0.16123661,0.00074383616,0.013597935,0.962378,0.0067638457,6.425381e-05,0.009910136,6.943941e-06,0.0033504963,0.00010058284,0.027244478,7.978082e-05,0.00023829937,0.004018098,0.0137209,0.00013455749,0.00426504,5.5640936e-05,2.2053719e-06
disneyaladdin.jpg,0.9918492,0.98955566,2.989173e-05,8.1926584e-05,0.0018005669,0.0016310811,5.9604645e-08,0.00059366226,2.771616e-05,0.9987864,4.172325e-07,2.95043e-05,0.0003785193,9.536743e-06,0.0006559491,0.00033181906,2.2053719e-06,0.0020905435,2.3841858e-07,4.7683716e-07
disneyfrozen.jpg,1.4215708e-05,0.99995816,0.99968004,0.0,0.9999786,2.9802322e-08,3.2782555e-07,2.3841858e-07,1.7881393e-06,7.1525574e-07,0.0,0.00017404556,1.0937452e-05,0.00021544099,7.778406e-06,2.1100044e-05,7.5906515e-05,1.4901161e-07,0.0,1.3113022e-06
disneymaleficent.jpg,0.00026473403,0.9849342,2.9444695e-05,2.9802322e-08,5.3942204e-06,5.841255e-06,8.940697e-08,0.00012218952,0.99955016,0.99921334,0.0,0.001268059,5.364418e-07,0.01504153,5.2571297e-05,0.00034350157,1.6391277e-06,0.0029619336,1.1026859e-06,0.0005610287
doctorsleepmovie.jpg,0.049073398,0.14690071,0.006156355,0.0067741573,0.16271213,0.02437687,0.003336519,0.14205271,0.000210464,0.0035374165,0.004582703,0.7080747,0.0116327405,0.11210176,0.0015732646,0.00752452,0.06755948,0.007193923,0.030114412,0.003496468
dolemiteismyname.jpg,0.01094991,0.14701921,0.00032949448,0.59847945,0.37660825,0.0062505603,0.00081267953,0.9977626,0.0002901554,0.003947854,0.01233533,5.2809715e-05,0.00035569072,4.7028065e-05,0.0013960898,0.0002411604,0.00024273992,0.00093460083,0.02093497,0.00011843443
dontletgomovie.jpg,0.008735687,0.22749078,0.00054466724,0.0013864636,0.04007891,0.024259001,0.00011870265,0.5993419,0.00013366342,0.625042,0.00020954013,0.8563893,0.003695637,0.10417873,0.006943077,0.023443282,0.0029306114,0.014783263,5.3942204e-06,0.00017791986
doramovie.jpg,0.012742519,0.9262837,0.084341615,9.402633e-05,0.16009164,0.00050625205,0.0005815029,0.122424245,0.38889876,0.094071686,3.132224e-05,0.2992638,0.00020164251,0.24827251,0.0004788339,0.001767993,0.0020546913,0.01613924,0.00622645,5.0723553e-05
downtonabbey_official.jpg,0.0028942823,0.0026761591,1.0371208e-05,0.16300517,0.00024089217,0.0006430149,0.00018069148,0.9049525,7.0631504e-05,0.17321336,0.00036260486,0.08335629,0.00038596988,0.0012956858,0.3222031,0.00021290779,0.0037876666,0.02441448,0.012613237,2.6375055e-05
dumbo.jpg,0.05217108,0.9208472,0.009859532,1.9133091e-05,0.044852138,2.9295683e-05,0.00012463331,0.0015872419,0.88618636,0.15700766,4.4852495e-05,0.29568976,4.386902e-05,0.062595725,0.0006324351,0.08430976,4.8279762e-05,0.001938343,0.00021243095,7.212162e-06
escaperoom.jpg,0.98209834,0.9831095,0.0033727288,0.004782021,0.016512752,0.004449606,0.00058189034,0.004535854,4.1782856e-05,0.006045103,0.0025514066,0.07086006,0.00019279122,0.0043963194,0.00028321147,0.02940324,3.20971e-05,0.010984987,9.536743e-06,3.6746264e-05
everybodyknowsmovie.jpg,0.03645441,0.08621541,3.629923e-05,0.032593668,2.1904707e-05,0.1316312,0.00015693903,0.99991393,1.4275312e-05,0.000677526,0.050816447,0.00033938885,2.9683113e-05,0.23733604,0.00023922324,0.03255278,0.00037392974,0.011980057,0.0022505224,0.00073340535
fastandfuriousmovie.jpg,0.93776155,0.37819245,3.5732985e-05,0.10913473,0.060284525,0.15806967,3.08156e-05,0.06267169,1.6391277e-06,2.169609e-05,0.014858931,0.03432119,0.00052174926,0.00045004487,2.1636486e-05,0.117595464,8.776784e-05,0.012878686,6.2584877e-07,7.0631504e-06
fightingwmyfam.jpg,0.823529,0.5084958,0.005450994,0.049213946,0.73323053,0.0066632926,5.0365925e-06,0.60339403,9.247661e-05,0.038701296,0.00037923455,0.013234854,0.0047262013,0.00026240945,0.010376632,0.013889939,0.0003017485,0.009815067,1.9341707e-05,2.503395e-06
fivefeetapartfilm.jpg,0.037912995,0.04526341,0.00047251582,0.0009700358,0.2643963,0.013050705,0.00025442243,0.67346305,1.6272068e-05,0.1088762,0.0023952425,0.0025146902,0.0058241785,0.000116199255,0.7672512,8.195639e-05,0.026871204,0.0005950928,0.00010025501,3.8444996e-06
fordvferrari.jpg,0.88198996,0.364959,0.0005393326,0.8139785,0.039355278,0.010666549,1.0371208e-05,0.7592278,0.000104129314,0.75464183,0.0009044111,0.0059001744,0.0033344924,8.818507e-05,0.0066773593,0.024386585,0.00080648065,0.015138119,0.0010127127,2.5361776e-05
freaksthefilm.jpg,0.078366905,0.055583894,0.00096204877,0.005402148,0.000962466,0.48540607,0.00017908216,0.99551636,0.0003129542,0.04123187,0.016872287,0.2037457,0.00032252073,0.027403861,0.0020396113,0.23066097,0.00024598837,0.7280208,4.1127205e-06,1.0192394e-05
geminimanmovie.jpg,0.7534696,0.031733572,6.571412e-05,0.12295574,0.07430577,0.74671113,1.3947487e-05,0.99625254,1.0728836e-06,0.00033310056,0.01554811,0.00025311112,5.480647e-05,0.00071036816,0.00019559264,0.06313485,0.0004325509,0.073150635,3.6656857e-06,5.155802e-06
glassmovie.jpg,0.9989866,0.9683653,3.5762787e-06,0.0013985038,0.0014668703,0.026177078,7.748604e-07,0.15819612,1.0728836e-06,0.02104789,0.00012347102,0.0015692711,5.6922436e-06,0.0009843111,9.536743e-06,0.35560018,3.2544136e-05,0.034454763,3.874302e-07,8.940697e-08
gloriabellmovie.jpg,0.0034864843,0.0016106367,0.00049588084,0.00562945,0.037399262,0.453855,0.04654157,0.6983913,3.6895275e-05,0.03305775,0.05373168,0.17870319,0.53591,0.04334888,0.45475754,0.00062704086,0.0004899204,0.0016218424,3.2007694e-05,0.0002643168
godzillamovie.jpg,0.9989356,0.9999967,9.5278025e-05,2.9027462e-05,0.00041913986,4.4107437e-06,0.0,9.23872e-07,0.0006351769,0.9999185,8.940697e-08,8.672476e-06,9.599328e-05,4.2676926e-05,2.0742416e-05,5.543232e-06,0.0,0.00044488907,8.940697e-08,0.0
goldfinchmovie.jpg,0.091980875,0.076070786,8.8483095e-05,0.009355605,3.4570694e-05,0.002945751,0.036775857,0.47848105,0.0029694438,0.28390568,0.07753122,0.14154625,0.001380384,0.13925573,0.0010398626,0.0010333359,3.2275915e-05,0.37336117,0.0012401044,4.3332577e-05
goodboysmovie.jpg,0.00086295605,0.8972614,0.00814867,0.00077196956,0.9268705,3.2782555e-07,0.0010202825,0.00063097477,0.0028746724,0.00093096495,1.7285347e-06,0.3468353,0.0002772808,0.008448273,0.0039755106,6.467104e-06,2.5510788e-05,0.0010506809,0.0015569031,2.5957823e-05
goodliarmovie.jpg,0.001208365,0.006031096,0.00085631013,0.5762432,0.012254983,0.018214405,0.0022300184,0.9978007,7.325411e-05,0.0020225644,0.042158306,0.010353327,0.0020433068,0.0013028681,0.02226752,0.0050180256,0.0083735585,0.0070774257,0.020078719,0.0003864467
gretafilm.jpg,0.005320221,0.0047792494,0.05290389,0.005291134,0.4792444,0.0021079183,6.8724155e-05,0.8155429,0.0040470064,0.051000446,0.0017169416,0.49217737,0.0057390034,0.9457331,0.0011976957,0.001987338,0.00062286854,0.9167064,0.003548175,6.225705e-05
halathemovie.jpg,0.053111166,0.89578545,0.04948902,0.0041609406,0.4447884,0.0017289817,2.8401613e-05,0.09194285,0.01220721,0.03225264,0.00010883808,0.004894525,0.0009584427,0.002412945,0.028130352,0.006024629,0.001886338,0.0067414343,0.0038236976,7.6800585e-05
happydeathdaymovie.jpg,0.002352029,0.2834733,0.003837645,0.0054198503,0.60415125,6.8843365e-06,3.296137e-05,0.00088110566,0.02217704,0.018703997,3.412366e-05,0.99979067,0.0008174181,0.95060456,5.9336424e-05,0.0015724301,9.7453594e-05,0.13693276,5.3465366e-05,0.00017553568
harrietfilm.jpg,0.14041364,0.10635221,0.0010839403,0.49036804,0.007213086,0.09766573,0.283414,0.9375479,0.00046238303,0.0030107498,0.48112905,0.014769733,0.03209412,0.041301608,0.1554569,0.1694077,0.0032174885,0.07376492,0.01661402,0.03918928
hellboymovie.jpg,0.9966918,0.96734476,0.00030514598,0.0007184148,0.0012426674,0.015834391,0.00021067262,0.0024484992,1.3321638e-05,0.60941845,0.0002643168,0.04022476,1.975894e-05,0.008993864,2.360344e-05,0.021957636,2.2351742e-06,0.025982082,1.937151e-05,3.3974648e-06
hersmellmovie.jpg,0.028759211,0.0077831447,0.00011703372,0.0044562817,0.045523435,0.007360518,0.0005354881,0.5969702,2.0444393e-05,0.0021890998,0.000929147,0.83675325,0.14012274,0.020719826,0.0048464537,0.0013034344,0.00014594197,0.008858323,0.00035467744,0.0001347661
highlifemovie.jpg,0.27418214,0.018062472,0.00047162175,0.03250715,0.007761985,0.03737405,0.0034256577,0.5173814,7.531047e-05,0.00064089894,0.020642191,0.27278358,0.0036363602,0.049677283,0.0007622838,0.11488694,0.0005123913,0.07505751,0.0035128593,0.00060492754
highstrungmovie.jpg,0.023197055,0.09828803,0.0156537,0.0002629161,0.9749634,0.23087198,2.771616e-06,0.08025569,5.733967e-05,0.0055917203,1.552701e-05,0.0026145577,0.00039303303,0.0015618205,0.08626777,0.0012634099,8.699298e-05,0.001663357,3.874302e-07,1.1920929e-07
honeyboymovie.jpg,0.00039991736,0.0026199222,0.000116467476,0.11040148,0.005790055,0.0006799698,0.0014728606,0.98959947,0.00063851476,0.002480358,0.027124286,0.06588629,0.0010472834,0.026115954,0.00017288327,0.000467211,8.198619e-05,0.015613526,0.007085532,5.0753355e-05
hotelmumbaifilm.jpg,0.87766993,0.9220432,0.020203114,0.004879713,0.010596871,0.005347699,0.00044688582,0.025958776,0.0023802817,0.92736584,0.00072845817,0.062423617,0.0009045601,0.023277253,0.0039263368,0.002634585,0.0010650754,0.055972844,0.0010713637,6.496906e-05
httydragon.jpg,0.99552083,0.99783206,0.9160507,5.045533e-05,0.21517956,0.0052141845,3.412366e-05,0.0041238368,8.940697e-07,6.9350004e-05,0.00035369396,0.014527112,0.0006764829,3.2663345e-05,0.00023493171,0.0012093186,0.0001399219,0.0006775558,2.9802322e-08,5.662441e-07
hustlemovie.jpg,0.0064077973,0.00072848797,0.00019487739,0.005328536,0.09459296,0.364155,3.4868717e-06,0.9535491,3.877282e-05,0.0020976663,0.0018905103,0.0018387437,0.0011375546,0.00033554435,0.72427964,0.00029218197,0.0044989586,0.0011323094,2.0742416e-05,2.682209e-07
hustlersmovie.jpg,0.04232049,0.109667,0.062450737,0.0007737875,0.83466995,0.6569485,3.2037497e-05,0.5051763,4.1127205e-05,0.058962762,0.0011215508,0.008995563,0.049948454,0.008128583,0.07742444,0.0022633374,0.0011479855,0.0021397471,1.5467405e-05,0.0003440678
isntitromantic.jpg,8.073449e-05,0.20500952,0.5181437,0.00013542175,0.9958422,0.00042665005,5.0842762e-05,0.0009575486,0.000246495,0.032195836,1.642108e-05,0.22825724,0.039551705,0.118627995,0.057171166,3.2514334e-05,0.00012558699,0.00030609965,1.3560057e-05,3.8146973e-05
itmovieofficial.jpg,0.00059583783,0.0018748939,2.3633242e-05,0.0066470206,6.0617924e-05,0.0027675927,6.303191e-05,0.95691335,1.1354685e-05,0.9683131,4.529953e-06,0.99943256,4.2259693e-05,0.23618841,0.00023129582,0.0044805408,4.4733286e-05,0.58573467,3.6656857e-06,1.3113022e-06
jayandsilentbob.jpg,0.14355227,0.14288262,0.0025435686,0.010313302,0.91412467,0.017858028,0.0013560951,0.030433446,0.012376815,0.03529173,0.002154529,0.0020915568,0.0002962649,0.0061528087,0.00027680397,0.0011395216,0.0011517406,0.0033399165,0.00048738718,0.00019043684
johnwickmovie.jpg,0.98634875,0.38207507,0.0046277344,0.02477765,0.008165568,0.120141804,0.0004325807,0.022554427,0.0011092126,0.009577572,0.02293539,0.00036489964,0.00037032366,0.0010225773,0.010960013,0.016198754,9.0032816e-05,0.19356969,5.7160854e-05,1.6093254e-06
jojorabbitmovie.jpg,0.11974847,0.12839615,0.0008893907,0.11962268,0.7617069,0.056919664,0.00083756447,0.9907713,0.0001590848,0.0006724596,0.27704453,0.007519394,0.0012702942,0.00016948581,4.1782856e-05,0.022703528,0.0018264055,0.019569844,0.32199323,0.0013631284
jokermovie.jpg,0.013965517,0.005458355,2.8371811e-05,0.00022795796,0.0033925474,0.27339995,1.9997358e-05,0.90462077,0.00028142333,0.17615944,0.00016209483,0.20379022,0.00035977364,0.016971737,0.0054544806,0.0006034374,5.0902367e-05,0.5913315,6.9737434e-06,4.3213367e-06
judythefilm.jpg,0.049179167,0.016353935,9.4652176e-05,0.9099763,0.015979022,0.009167343,0.0010841191,0.8683611,0.00012677908,0.08303693,0.11693743,0.0037389398,0.013751,0.0015715659,0.034420878,0.0012542307,0.00036674738,0.009142131,0.00047501922,0.00012999773
jumanjimovie.jpg,0.9999832,0.99999833,0.00010341406,1.4901161e-07,0.99992156,2.8699636e-05,0.0,0.0,0.0,5.6028366e-06,0.0,8.761883e-06,7.480383e-06,0.0,1.4901161e-07,4.1007996e-05,3.5762787e-07,1.7881393e-07,0.0,0.0
justmercyfilm.jpg,0.01621899,0.12198976,0.0018651783,0.034644395,0.013452828,0.056956023,0.0012461841,0.97575474,3.3676624e-05,0.00064629316,0.02295646,0.0020063818,0.0007302165,0.023011267,0.00048220158,0.00048828125,0.0070310533,0.022852838,0.020611048,8.2582235e-05
knivesout.jpg,0.004983276,0.02050957,0.00046512485,0.21322575,0.6750945,0.2644527,0.0005637109,0.9737241,0.0017703772,0.23602763,0.017910242,0.0045270026,0.016485542,0.013664246,0.008420825,0.00069501996,0.0005518198,0.022746503,0.0023914874,0.00011694431
lalloronamovie.jpg,0.087483525,0.06658113,0.00035345554,0.02243799,0.00074374676,0.0019667447,0.0006712973,0.82508713,0.00015738606,0.085629076,0.005134523,0.793401,0.0020370185,0.063690126,0.0005219877,0.004899591,0.00030872226,0.21884373,8.550286e-05,5.1230192e-05
lastblackmansf.jpg,0.015822083,0.02669993,0.00073990226,0.012250602,0.009272873,0.012693524,4.4435263e-05,0.84752035,0.0006990731,0.0037170947,0.011673033,0.009570479,0.0024194121,0.002771914,0.13637897,0.0043890476,0.002098292,0.006914526,0.00021013618,2.1517277e-05
lastchristmasthemovie.jpg,0.01215747,0.13982439,0.028110474,0.0146252215,0.9212836,0.004003763,0.0024888217,0.14723033,0.0020608306,0.00652647,0.0090352595,0.0021544397,0.005924076,0.0038956404,0.6755716,0.0021584928,0.0002629757,0.014186114,0.004907638,6.258488e-05
latenightmovie.jpg,0.0006837845,0.0039711595,0.0058315992,0.020945072,0.48997718,0.0060570836,0.0010221004,0.15491626,0.0013067126,0.03936276,0.0040026605,0.0024144351,0.030927747,0.0032003522,0.97648704,8.431077e-05,0.00011649728,0.00095015764,0.0005489886,0.00021111965
lighthousemovie.jpg,0.015667647,0.024404526,0.00018197298,0.08115944,0.0009626746,0.0022863746,0.002125293,0.9326563,0.00041025877,0.0043498278,0.03367713,0.14541057,0.0016773343,0.0069346726,0.0059726834,0.0047279596,0.0013057888,0.0047964454,0.00019031763,1.4275312e-05
lionking.jpg,0.15557593,0.97924364,0.10362661,0.00025987625,0.0077750683,0.00024464726,0.00010064244,0.37691185,0.0016841292,0.64290106,6.943941e-06,0.23641914,0.0015103221,0.0398418,0.0022740364,0.0012213588,0.004690349,0.0075689554,0.0026051402,0.00014689565
littlethemovie.jpg,0.009916633,0.014321834,0.021416366,0.020089,0.84834343,0.24656394,0.00039091706,0.67075413,0.001734227,0.06879032,0.0012264252,0.00043055415,0.0015704632,0.0040228367,0.7310866,0.00037652254,0.0008907318,0.013595343,0.00047630072,2.4437904e-05
littlewomenmovie.jpg,0.008089542,0.0077944994,0.0001731515,0.001527518,0.0050727427,0.10094988,1.7613173e-05,0.75323373,0.00017777085,0.01099211,0.001417458,0.41946706,0.0003694892,0.10430369,0.044267982,0.0109992325,0.005793035,0.010350704,0.00025868416,7.2717667e-06
littlewoodsfilm.jpg,0.021530151,0.06704715,0.0027172863,0.2904272,0.010140121,0.733286,0.014836073,0.98485625,5.8233738e-05,0.010709196,0.011682332,0.018278629,0.064469635,0.015664458,0.006865144,0.011235118,0.00014767051,0.00048351288,0.0020263493,0.34725916
longshotmovie.jpg,0.11851528,0.17541417,0.0016588569,0.00035777688,0.8846402,0.2781573,4.1484833e-05,0.05960974,0.00014409423,0.5365588,8.144975e-05,0.15466738,0.0069203377,0.010704309,0.24870935,0.0005592406,0.018293798,0.010463327,0.000117361546,2.2619963e-05
lordsofchaosmovie.jpg,0.094640106,0.16956395,1.2218952e-06,0.4260131,0.0004015863,0.007145226,0.00044977665,0.8862294,2.115965e-06,0.0010699928,0.00013250113,0.4550388,5.2779913e-05,0.0011305213,0.0004993677,0.021755517,0.0012400746,0.00663355,3.8027763e-05,0.002334416
lucyintheskyfilm.jpg,0.0022520125,0.07070255,0.0011750758,0.008897603,0.013931632,0.04557991,0.0017355382,0.8639527,0.001964718,0.00050121546,0.0023294091,0.073410064,0.0003118813,0.042440087,0.06043759,0.07215819,0.00995627,0.0050433874,0.0045749843,0.00051245093
mamovie2019.jpg,0.0144100785,0.03960097,0.0018610358,0.0050956607,0.03263727,0.043144047,0.018742234,0.61161226,0.00023150444,0.18168777,0.0019396544,0.99376196,0.0032883883,0.5660244,0.0032695532,0.029897302,0.00037661195,0.6299176,0.0001963973,0.00038945675
marriagestory.jpg,0.0075089037,0.014839351,7.069111e-05,0.05727777,0.085279346,0.00059455633,0.0004066527,0.73938864,0.004497081,0.041639507,0.0028311908,0.04743287,0.00097095966,0.044144064,0.11300686,0.0035180748,0.0021626651,0.33341593,0.0014841855,9.4771385e-06
meettheaddams.jpg,0.0017836094,0.71929705,0.9946332,2.6613474e-05,0.99943393,9.387732e-06,0.004368365,4.3213367e-06,0.37959713,0.0005816519,0.000101715326,0.063709766,0.0002489686,0.028568506,3.1143427e-05,0.00011456013,0.00013419986,0.0073527396,3.5464764e-06,2.3245811e-06
meninblack.jpg,0.8747602,0.9062208,0.025564075,0.025046736,0.94808364,0.0058900714,3.4064054e-05,0.05054316,0.00034177303,0.046519905,6.368756e-05,0.00019538403,0.00077441335,0.00020819902,0.00874716,0.011527002,0.0012620687,0.005002916,0.00014269352,6.943941e-06
midsommarmovie.jpg,0.00023394823,0.48327392,0.012105346,0.00311324,0.7396561,0.00018930435,0.00037929416,0.11963692,0.023378849,0.060320675,0.00016790628,0.07997486,0.011550188,0.087307245,0.020557344,4.6372414e-05,6.663799e-05,0.023025542,0.00028133392,9.1671944e-05
midwaymovie.jpg,0.040299147,0.001499027,2.5242567e-05,0.044589788,0.0003014803,0.03709802,0.010700792,0.9803488,8.046627e-07,0.238599,0.350214,0.26595223,0.05028543,0.0024361312,0.0006314516,4.172325e-05,1.5795231e-06,0.014143586,3.963709e-06,2.9057264e-05
missbalamovie.jpg,0.017557561,0.019729704,0.0022644103,0.0075209737,0.7837468,0.08616105,0.0003952086,0.48535118,0.00014320016,0.105850846,0.0003554225,0.01886946,0.0026629567,0.030919045,0.10956165,0.0015641451,0.00014579296,0.022389323,0.0003607273,0.0001411438
missinglinkfilm.jpg,0.7830603,0.99603146,0.024775296,8.776784e-05,0.7400223,5.13494e-05,4.133582e-05,0.0076924264,8.6188316e-05,0.0051549077,0.00013327599,0.17599076,0.00023201108,0.0002527833,0.00023493171,0.11542767,0.00027385354,0.0041436553,7.212162e-06,3.963709e-06
motherlessbklyn.jpg,0.00038579106,0.014787108,3.501773e-05,0.0004658103,0.013879478,0.035918772,6.893277e-05,0.61506975,0.00030952692,0.011351287,1.001358e-05,0.016462982,1.257658e-05,0.13276973,0.0017023385,0.0001989007,4.7951937e-05,0.0026753247,0.00024455786,4.7683716e-06
onceinhollywood.jpg,0.052489072,0.014182866,0.0041368604,0.68380296,0.8743733,0.06321737,0.005704969,0.7256216,0.003979981,0.008098543,0.035318047,0.48346782,0.042428136,0.0057623982,0.00086295605,0.005640894,0.002010405,0.020944446,0.0050439537,0.00061392784
onthebasisofsex.jpg,0.011877567,0.5365854,0.0071282387,0.114543915,0.060319364,0.009217888,2.82228e-05,0.96109253,0.00011879206,0.0037980676,0.00015744567,6.181002e-05,0.000120192766,0.00017479062,0.016098946,0.0023544729,2.503395e-05,0.000107795,0.0016507506,0.0004118979
overcomermovie.jpg,0.06333992,0.11480752,0.00022539496,0.0003246069,0.0030415058,0.00043013692,2.7120113e-06,0.79981124,7.82609e-05,0.3484035,0.0001513958,0.0069838166,0.0040558577,0.0010454059,0.11959875,0.00049963593,0.53737783,0.00048983097,2.0086765e-05,2.3841858e-07
peanutbutterfalcon.jpg,0.7990916,0.93974054,0.01879707,0.0011592209,0.0016613603,0.0031992495,7.212162e-06,0.1537635,0.00178051,0.66789484,0.00033825636,0.03186825,0.00079759955,0.018410087,0.00063177943,0.0016091168,7.393956e-05,0.092631966,8.454919e-05,5.632639e-06
petsematarymovie.jpg,7.6025724e-05,0.00185287,3.0040741e-05,2.3841858e-07,5.5640936e-05,3.516674e-06,1.335144e-05,0.0018278062,2.682209e-07,0.00014832616,2.8312206e-06,0.9999989,7.8082085e-06,0.99885726,2.0861626e-07,0.00024196506,5.364418e-07,0.99501556,0.0,3.5762787e-07
piercingmovie.jpg,0.77262866,0.0056269765,3.7550926e-06,0.099184364,0.0022948086,0.20428255,9.384751e-05,0.9819874,1.1920929e-07,0.007722348,0.022244364,0.06422889,0.0017496645,0.00045514107,1.41859055e-05,0.009293109,0.0022852719,0.0010799766,0.0006520748,2.4914742e-05
playingwithfire.jpg,0.13545248,0.32342833,0.0050568283,0.0002451837,0.34095243,0.00029972196,0.0012510419,0.028654397,0.0012497902,0.005867809,0.0027337074,0.07573566,0.004776299,0.0012365282,0.019736528,0.0018422604,0.0011817813,0.0017015934,3.4868717e-05,3.9041042e-06
playmobilthemovie.jpg,0.27370983,0.99595916,0.5004871,0.0010161102,0.5811231,1.8149614e-05,4.3213367e-06,0.00026726723,0.00036785007,0.117177606,1.9669533e-06,0.065197736,0.00092840195,0.00010624528,0.013703883,0.000102341175,0.003935218,3.132224e-05,8.234382e-05,0.00023844838
pomsmovie.jpg,0.0016314089,0.21568531,0.004007399,0.057624966,0.039408863,5.3942204e-05,0.0008057356,0.21537068,0.0006484091,0.00081178546,0.002399683,0.00833419,0.005583316,0.0034413338,0.24253371,0.00023788214,0.0070703328,0.00026884675,0.00082078576,5.465746e-05
queenandslim.jpg,0.027324378,0.0007157326,0.00033137202,0.16391909,0.0030241907,0.11585134,0.000508219,0.99800515,3.33786e-05,0.0028561056,0.015384316,0.05085388,0.003039509,0.0023083687,0.0020861626,0.002537638,0.008524865,0.028245062,0.0005299449,2.2858381e-05
rambomovie.jpg,0.38363373,0.10434386,0.0018860698,0.0067198575,0.057428956,0.020642817,0.00047668815,0.014457226,0.0010501444,0.011638105,0.0037901998,0.03649935,1.7136335e-05,0.013738424,0.0018950701,0.043206304,3.901124e-05,0.83166426,3.2693148e-05,1.4603138e-06
readyornotfilm.jpg,0.003168881,0.00860253,0.0021234453,0.03167829,0.0045212805,0.13878304,0.0021944344,0.9741161,7.671118e-05,0.009999871,0.0030725002,0.045294583,0.0007685423,0.043795735,0.0081138015,0.0011322796,4.914403e-05,0.1190052,0.00011062622,0.00016859174
richardjewellfilm.jpg,0.007721275,0.11818102,0.0002066493,0.02972442,0.029147655,0.0026711822,0.0013272166,0.8065492,0.01944223,0.033941686,0.00520584,0.30773735,0.015411884,0.06388229,0.0032062232,0.011623293,7.456541e-05,0.06928423,0.000369668,0.0008714795
rocketmanmovie.jpg,0.73401034,0.8797349,0.005952269,0.10271314,0.07071951,0.2945113,0.00018563867,0.3542827,0.0014062226,0.44033185,0.010308653,0.0018092692,0.06719279,0.007282287,0.0029231608,0.003042072,0.0003401041,0.0012055933,0.0009815693,0.00015035272
scarystoriesmovie.jpg,0.0010668039,0.0013414621,4.0352345e-05,0.0012111664,0.00037765503,0.00049605966,0.011596501,0.0964905,0.00066265464,0.046714723,0.002475381,0.9996332,0.00029557943,0.85729355,0.0031799078,0.007996768,3.8295984e-05,0.85608053,4.3213367e-06,1.0073185e-05
secretlifeofpets.jpg,4.4703484e-05,0.9531782,0.77318174,2.2470951e-05,0.9922985,4.3213367e-06,2.95043e-06,0.003945112,0.006111622,0.07578707,0.0,0.0015570521,8.788705e-05,0.0024861991,0.004146844,0.00016707182,3.0726194e-05,1.8566847e-05,5.581975e-05,0.002168566
serenityfilm.jpg,0.018498093,0.22432247,0.00030714273,0.0030592382,0.012635201,0.023507714,0.0007927418,0.89186096,0.0004491508,0.11706513,0.000962466,0.040243328,0.0020015836,0.08936727,0.10991448,0.05992779,0.0013189316,0.005367875,0.0005067289,0.0002464652
shaftmovie.jpg,0.5792876,0.22273898,0.002413869,0.019023716,0.109237015,0.352323,0.0009505749,0.08500269,0.00055652857,0.20145345,0.0051440895,0.064820826,0.026068687,0.00758937,0.024348944,0.006766945,0.0018920004,0.014885306,0.0019288659,0.00034052134
shazammovie.jpg,0.9954097,0.9910936,0.0014175773,0.013205111,0.017900318,0.0077519715,6.785989e-05,0.027954996,0.00028693676,0.06399816,0.0066666305,0.0021080673,0.0025784373,0.00028556585,0.0005672574,0.12197581,0.00076302886,0.0004620254,0.00024792552,6.976724e-05
spidermanmovie.jpg,0.8924949,0.8514365,0.00079390407,0.07416448,0.013234317,0.007568687,0.00063610077,0.032301486,0.00011691451,0.0011300743,0.0014210343,0.011908948,0.0002681613,0.0020660162,0.0045545697,0.42473745,0.00052660704,0.00834316,1.5169382e-05,3.33786e-05
spiesindisguise.jpg,0.8404645,0.99958754,0.7789109,3.33786e-06,0.051882505,0.00013870001,2.9802322e-07,0.0003503263,9.23872e-07,0.00028181076,8.380413e-05,7.742643e-05,0.00021731853,1.40964985e-05,2.3692846e-05,0.00043174624,1.3411045e-06,5.5134296e-06,2.9802322e-08,1.4901161e-06
starwars.jpg,1.0,1.0,0.0,0.0,3.5762787e-07,2.9802322e-08,0.0,0.0,0.0,0.9999942,0.0,1.4901161e-07,8.940697e-07,0.0,0.0,8.195639e-06,0.0,8.940697e-08,0.0,0.0
stormboymovie.jpg,0.0037108958,0.99376243,0.0014869571,0.0025241077,0.022982508,0.00024318695,2.771616e-06,0.9553673,0.12688008,0.021763265,3.5464764e-05,1.6182661e-05,9.608269e-05,0.0018519163,0.0007510483,0.00015670061,0.0002220869,0.0007278621,0.014733046,8.353591e-05
stubermovie.jpg,0.09464648,0.009222776,4.3928623e-05,0.021908611,0.9905447,0.74848235,9.870529e-05,0.2013683,0.00023248792,0.0033391118,0.009188205,0.0007431507,0.131764,0.0061979294,0.006948352,0.0017024279,0.0026305914,0.021712035,8.198619e-05,6.3478947e-06
taosdfilm.jpg,0.23179865,0.37741986,0.0012778342,0.0011609495,0.47605988,0.03814742,0.00026974082,0.9390764,5.8948994e-05,0.017384678,0.002637744,0.09002864,0.002087444,0.0018828809,0.0024407804,0.020278245,0.9171494,0.0014027655,0.00066414475,1.4215708e-05
teenspiritmov.jpg,0.23181754,0.010904312,6.711483e-05,0.0030484796,0.76625216,0.16168678,0.00032931566,0.25115675,3.772974e-05,0.63468736,0.00041034818,0.034170747,0.6939042,0.00044077635,0.77133113,5.4627657e-05,0.0001668036,0.008295208,1.4126301e-05,5.364418e-07
terminator.jpg,0.9625294,0.95362365,0.0013634264,0.0024059117,0.0003298521,0.0001462996,3.2305717e-05,0.0073865354,0.00029093027,0.8961612,0.0006682873,0.13006923,3.552437e-05,0.009039432,0.0001553297,0.0052919686,1.5377998e-05,0.012288094,6.28829e-06,8.016825e-06
theaeronautsmov.jpg,0.56958604,0.26474324,0.0014565587,0.96282387,9.685755e-05,0.003772676,0.0018035471,0.7013886,5.8978796e-05,0.001476407,0.054974943,0.106927395,0.0034320056,0.0072589517,0.0005800724,0.02122444,0.0016114116,0.025216132,0.008519769,0.0015330613
thebestofenemies.jpg,0.00490731,0.0003630817,7.688999e-06,0.9758564,0.00087714195,0.003521055,0.00020974874,0.98840547,7.6293945e-06,0.0024570227,0.3887952,0.16540313,0.0016211271,0.006197363,0.46329644,0.0072805285,0.013909578,0.010596067,0.010934591,0.00031766295
thedeaddontdie.jpg,0.15156636,0.40989888,6.607175e-05,5.096197e-06,0.15227374,0.00012555718,8.562207e-05,0.00031137466,3.7550926e-06,0.96252626,1.7881393e-07,0.9996928,0.0003130734,0.0051964223,0.0018202066,0.00702101,2.3961067e-05,0.023063391,0.0,1.0728836e-06
thefarewell.jpg,0.054719806,0.85276437,0.12679458,0.0074068904,0.4127824,0.00056040287,8.165836e-06,0.008470088,0.0014545321,0.014250338,0.0002912879,0.0014238656,0.0014592707,7.900596e-05,0.17067721,0.0002580583,0.0052737296,7.843971e-05,0.00019344687,1.3142824e-05
thehighwaymen.jpg,0.047329366,0.035265505,0.0006579757,0.37425512,0.005820662,0.065855,0.0006003678,0.9983797,5.3077936e-05,0.012811482,0.041600883,0.008202404,0.0012089908,0.00016963482,0.00030744076,0.0006374121,0.001018554,0.009773821,0.0077425838,0.00016590953
thehummingbirdprojectfilm.jpg,0.8281468,0.052733332,0.0013093948,0.00033655763,0.21262923,0.041648924,0.035243064,0.013701975,0.00021663308,0.2426292,0.0046024323,0.018417835,0.09345558,0.0011186302,0.124271244,0.00015485287,0.0015611947,0.04621628,0.0074916184,2.6524067e-05
theintrudermovie.jpg,0.003632784,0.042847365,5.477667e-05,0.0001989603,0.06853002,0.00037947297,0.00011399388,0.23228425,8.46386e-06,0.090562254,6.1273575e-05,0.9970157,0.018565446,0.9562061,0.0005158782,0.005314946,0.0054778755,0.013593614,0.00081020594,0.00084427
theirishmanfilm.jpg,0.2310862,0.22898647,0.0026450753,0.08653435,0.013091832,0.6963249,0.0036581159,0.8558375,0.0009583235,0.049149513,0.010213375,0.0031379163,0.0052092075,0.020919412,0.016261816,0.0022548735,0.0026991665,0.22064716,0.0010932386,4.529953e-05
thekitchenmovie.jpg,0.6826246,0.0037042797,1.6242266e-05,0.0013819337,0.0035373569,0.11857042,0.0003324747,0.9988705,4.887581e-06,0.00017678738,0.0037122965,0.039432943,0.0009652674,0.027521282,0.0016373098,0.017393619,0.003380239,0.030867875,0.001069665,4.7802925e-05
thelegomovie.jpg,0.9999767,0.99999976,0.051134646,1.4692545e-05,0.00010043383,1.7881393e-07,0.0,4.7683716e-07,6.556511e-06,0.004745066,1.9073486e-06,2.7120113e-06,1.1593103e-05,3.0994415e-06,9.23872e-07,0.008029163,8.940697e-08,7.748604e-07,2.9802322e-08,8.940697e-08
themustangfilm.jpg,0.059891403,0.43580708,0.002399534,0.08373198,0.020581245,0.00021633506,0.00012639165,0.51654035,0.008633792,0.11070007,0.00069367886,0.0009152889,0.0016686618,0.0022004247,0.003037244,0.0019428134,0.00014936924,0.004148811,0.0012587607,0.00016120076
thenightingalefilm.jpg,0.115086764,0.29770714,0.0005245805,0.044871032,0.0015895963,0.23256701,2.3961067e-05,0.99286336,0.00020495057,0.1307914,0.018492728,0.014143676,0.0018828809,0.05568096,0.02043897,0.032357335,0.012983322,0.048769683,0.00034072995,5.7309866e-05
theprodigymovie.jpg,0.0010077655,0.0040138066,0.0004812479,0.23005548,0.010458559,8.7708235e-05,0.008844852,0.29273278,0.001498878,0.004915625,0.02174291,0.75062215,0.001984179,0.48046422,0.44712684,0.01112321,0.0037249327,0.78470385,0.005182326,0.0006929934
thesunisalsoastar.jpg,0.0006571412,0.05888897,0.002609104,8.1032515e-05,0.024873406,0.044773072,0.040869504,0.8788236,0.00010710955,0.00089994073,0.0053666234,0.1065608,0.0011942983,0.029747397,0.6218101,9.673834e-05,0.0013045669,0.014747053,0.0004298091,0.0044519007
theupsidefilm.jpg,0.0035029352,0.0030503273,0.00015971065,0.00026404858,0.9624573,0.0029256344,9.5665455e-06,0.99576056,4.1514635e-05,1.937151e-05,5.9336424e-05,0.0018949807,2.7865171e-05,0.00014606118,0.0020819902,7.635355e-05,0.00062695146,0.022697031,1.5109777e-05,8.940697e-08
tolkienmovie.jpg,0.006336361,0.0084426105,0.00010317564,0.9251791,0.014271706,6.791949e-05,0.018988848,0.7782706,0.00016117096,4.324317e-05,0.10463929,0.009753197,0.0011194646,0.0042907894,0.28460503,0.00039857626,0.004244536,0.0080651045,0.6651138,0.0005880296
toystory.jpg,0.014611632,0.9129772,0.20308936,0.00012645125,0.8514564,2.0295382e-05,6.41942e-05,0.0003028214,0.00013619661,0.20290178,2.0861626e-07,0.42980146,0.0033999383,4.890561e-05,0.032203138,9.0032816e-05,0.00044623017,9.179115e-06,4.3094158e-05,0.00016060472
triplefrontier.jpg,0.61115545,0.027342021,6.851554e-05,0.008121729,0.019248515,0.053721905,0.019740254,0.16673213,9.179115e-06,0.0026779473,0.03410995,0.6810342,0.052154183,0.002690792,0.0015673041,0.00017225742,0.00058838725,0.08061129,0.0010449588,0.00010699034
uglydolls.jpg,2.2053719e-05,0.9893749,0.9491917,5.6624413e-06,0.9981037,1.9311905e-05,2.861023e-06,0.0016235113,4.172325e-07,0.00040361285,1.1920929e-07,0.022287697,0.00025880337,0.020020038,1.5169382e-05,5.9455633e-05,0.0007889867,2.3543835e-06,4.172325e-07,0.00010532141
uncutgems.jpg,0.044765472,0.0067269206,0.001024127,0.017807841,0.11796728,0.82519555,0.08534509,0.9835669,7.69496e-05,0.017803311,0.27972826,0.022068918,0.027054667,0.0022009313,0.004595816,0.000372231,0.00015819073,0.0038505495,0.00069484115,0.0021522045
underthesilverlake.jpg,0.026910543,0.35321477,0.077786684,2.1904707e-05,0.99571806,0.105268896,0.0021087527,0.03761244,6.854534e-07,0.0030243695,3.695488e-06,0.0006019175,0.0023959577,5.5521727e-05,0.00050100684,2.9802322e-07,5.3435564e-05,4.7028065e-05,8.7320805e-06,3.8266182e-05
usmovie.jpg,0.0005081892,0.00023245811,0.00048565865,1.168251e-05,0.002103448,1.3113022e-06,2.2172928e-05,7.1555376e-05,0.0014187992,0.003657937,0.00017565489,0.99945205,0.0002001226,0.9998955,0.0023499727,0.002342105,1.2069941e-05,0.999172,0.0,4.7683716e-07
wavesmovie.jpg,0.031701773,0.30109954,0.0052598715,0.0009881854,0.002804637,0.04113221,0.0024808347,0.99255645,5.581975e-05,0.0029905736,0.013491154,0.0003489256,0.0006483793,0.0039146543,0.34878045,0.0025615394,0.0012845695,0.0074193776,0.00031533837,3.5852194e-05
whatmenwant.jpg,0.018823951,0.15353942,0.005943626,0.0064421,0.62402064,0.010604352,0.00013148785,0.04176405,0.0004918277,0.057486117,0.00021156669,0.027187377,0.003503561,0.0074434876,0.21445978,0.008376986,0.0006534159,0.0004823208,6.3061714e-05,0.00021675229
wonderparkmovie.jpg,0.08013433,0.98826563,0.85977757,4.5597553e-05,0.7888075,0.00021246076,1.9073486e-06,0.0014307797,0.0002834201,0.018483013,4.172325e-06,0.0002616644,0.00057411194,0.00015741587,0.0011159182,0.00013807416,6.198883e-06,5.811453e-06,2.9802322e-07,0.0001513958
wrinklestheclown.jpg,0.0034019947,0.009040177,0.00047409534,0.006769836,0.7138289,0.0024071634,0.36260647,0.025880158,0.00020998716,0.0068387985,0.0017279088,0.9734732,0.011529654,0.08041403,0.00038677454,3.477931e-05,2.0325184e-05,0.6399256,6.3180923e-06,8.7320805e-06
xmenmovies.jpg,0.99999505,1.0,1.1026859e-06,7.1525574e-07,1.1920929e-06,2.9802322e-08,0.0,0.0,2.9802322e-07,0.09542483,4.172325e-07,1.4305115e-06,5.9604645e-08,6.28829e-06,5.9604645e-08,0.83258116,0.0,6.2584877e-07,0.0,8.940697e-08
yardiefilm.jpg,0.06474185,0.022117615,0.0021780133,0.12330556,0.019370496,0.41776553,0.00094246864,0.99585116,4.9978495e-05,0.00069633126,0.1459122,0.007207483,0.007745981,0.020711035,0.0013726354,0.107911825,0.0024926364,0.002139151,0.010435462,0.002894938
yesterdaymovie.jpg,0.0010959804,0.0027519166,0.0021687746,0.01275292,0.55859345,0.010178477,3.990531e-05,0.65263504,0.00023442507,0.019698203,0.0015576482,0.002322644,0.011549562,0.0086123645,0.37036422,0.00367558,0.00041517615,0.0059167743,1.50203705e-05,7.599592e-06
zombieland.jpg,0.9421853,0.6973391,0.004521072,0.021178335,0.211559,0.0029555857,0.00161919,0.0048231184,0.00060760975,0.0011712611,0.113759995,0.70956844,0.13880408,0.00027048588,0.0346286,0.01691851,0.0048865676,0.0029246807,0.00032877922,3.835559e-05
