,13,51,54,61,65,88,93,96,114,130,135,142,146,161,163,178,186,189,191,198,206,209,224,228,255,283,285,292,313,318,326,327,333,334,350,393,407,429,432,435,440,447,449,451,457,466,469,476,501,505,514,538,541,542,546,548,552,563,569,592,600,644,646,664,689,696,704,727,735,740,741,747,758,775,777,778,781,788,810,817,821,859,864,865,877,919,928,939,940,946,958,1010,1022,1034,1043,1083,1093,1098,1103,1116,1130,1133,1140,1149,1161,1182,1195,1197,1206,1209,1220,1221,1232,1236,1247,1266,1285,1287,1300,1301,1309,1310,1316,1327,1330,1342,1354,1372,1385,1393,1399,1402,1409,1429,1436,1437,1442,1466,1470,1493,1494,1508,1516,1518,1525,1529,1547,1554,1563,1573
Action,0.17049839233550193,0.216246715749294,0.1726451737264643,0.18862171487983065,0.37943654410197647,0.13420686850944957,0.16330563148818728,0.16788986634130906,0.263907445922676,0.5157497990799516,0.16689475266027004,0.19070983082011453,0.09632074126513226,0.19802406548801824,0.42086845983718324,0.34847961432099883,0.16381777553431623,0.27952111229920923,0.20608606901434637,0.33440329167185256,0.2633177403884088,0.12601653535654372,0.2903031093467186,0.2512162469606217,0.3619672608076074,0.37563680359417817,0.32487608493295755,0.13337612302667676,0.20648415078369187,0.24071643243619575,0.22166728407014033,0.17346556077738315,0.3833446302743789,0.3374597578361818,0.30068228901696964,0.30152664214138974,0.4339138204532684,0.2610205195295381,0.35672563889718517,0.18704344875746653,0.23383387949248496,0.17844116905317406,0.21691176190334688,0.13479719426654466,0.17739118586429234,0.3291330592965227,0.4790811021041605,0.2797858497046132,0.11307090268353663,0.1153949819979925,0.3357608071875798,0.3540719691489589,0.2841636634630876,0.19258169708278108,0.35594670976454007,0.2236257807774765,0.4377148798474957,0.2348211305162935,0.1698754986984587,0.36154208196203425,0.24674520804506034,0.19482843593736554,0.10952454787157465,0.2670238415343926,0.3168148740484577,0.1746888510714384,0.2668445955247304,0.1565729019350071,0.15706836554311457,0.24490889137350552,0.17234555447164052,0.4148430430070152,0.17105149499342498,0.2719263127346059,0.1674727989477246,0.14627915844303266,0.06093630742696109,0.2406533675972726,0.10140304316401687,0.2212106978006638,0.15024380097719023,0.26112988492635414,0.31079793347017287,0.11889796133383213,0.2377069251626427,0.13337427658792378,0.3978602483347345,0.16976698490805964,0.29958326584490214,0.19225102710208378,0.31416626487857,0.28368479097848837,0.3041560282890359,0.2369200938884114,0.3074716025829406,0.2764247038047587,0.27627569281351644,0.25403822504631735,0.2826009269430406,0.2736822683556172,0.27379772447045025,0.19000889841521945,0.23450649464479345,0.13455677453692794,0.22653703972912548,0.13235230192374783,0.42402693971690064,0.26049315355397973,0.2226702823858515,0.24806139864115373,0.3662595997076425,0.14734502984250017,0.28092160083886314,0.14171070312106504,0.35583424288823784,0.17241200881367905,0.21186308827030467,0.2100137676420496,0.4682355831655603,0.2346209201534268,0.196596786903624,0.34282168660879464,0.23265421587388002,0.2932386202112142,0.3277662634069823,0.27947081662635925,0.1951083962448135,0.13840741059581993,0.5054689207787841,0.27420235163387063,0.24701513614568732,0.2775664878168872,0.21515179470714954,0.22541387185904357,0.22133991476357998,0.4670445161655193,0.28503474384044475,0.2444033388091304,0.23284845873682325,0.18466343374590566,0.4465152415219657,0.16039303721730327,0.15575303164499257,0.3054141544583876,0.37819009597914505,0.2418095671526726,0.18781845169872372,0.11213871991562614,0.33447665228115286,0.09068137872402296
Adventure,0.2111009051545391,0.34719597334436836,0.3094400579728185,0.19338478295380315,0.26901348816514403,0.16501320228238758,0.21556006625000715,0.26262597081702854,0.22663964456903732,0.4643983434382429,0.30155085005498666,0.2254649808653697,0.19343067459374252,0.20608691695691095,0.4290220678855181,0.3482229275259838,0.17833782296222536,0.30051697364070123,0.2198793565353543,0.5090513692608606,0.3422324768608585,0.1452480894989894,0.4429845598974027,0.2784714957011634,0.45633411143649405,0.3525834151036276,0.3839916160981836,0.1907645885464845,0.18294519908416934,0.3244976688892613,0.4489036614991849,0.26020267975865446,0.47883612318146357,0.39161652424300436,0.3263907426175201,0.35436564815512855,0.4657523120426966,0.2259018176051169,0.17719047852249684,0.31513341592743815,0.27363369034111545,0.21205646305614714,0.27895219485678485,0.17322354376334254,0.18942201399378694,0.46885093410464374,0.43745674045324373,0.339602471535825,0.13644643375141297,0.2975774722658504,0.44398912055539297,0.4783325734831213,0.3201773938944762,0.2781910908951013,0.5063149084516374,0.3448563927960949,0.363368479191075,0.24058130464596894,0.2727411377989448,0.4331612319394653,0.2587411307049997,0.2984811277449718,0.1875726106634014,0.355716880505277,0.48016527365014755,0.32422332931012393,0.32002595113611604,0.2495806090450134,0.23711335514584325,0.374651584127688,0.174178699400358,0.486445760318616,0.2866251699161157,0.3721166510487452,0.359765480921471,0.20450694610752887,0.18379356485644643,0.26340789370352397,0.15715488630780616,0.3043701807805563,0.18245598623200052,0.24153028166390622,0.35321206461113486,0.17086015850690742,0.3883123175523528,0.27106311508360814,0.592584021667795,0.20472263089321188,0.5076619839111131,0.2632927954411813,0.2514172225870274,0.2799062548453116,0.32909283874304873,0.2217630439789411,0.41807655958861023,0.3229192275703767,0.313051309630164,0.3155748391312652,0.3884213728328977,0.25705529802103216,0.36042277318494664,0.29149054460306156,0.27141014084001525,0.23939319977134613,0.31268456449652515,0.2107144342027085,0.45756009357817945,0.5581985713522052,0.24420571290283483,0.35491201767022224,0.4317255994882817,0.20494497372996415,0.283286450977193,0.20274075677031422,0.3059029424503613,0.3142330517782297,0.24209064538419323,0.18214730067691665,0.47911306613718535,0.255691977221268,0.2653678438413859,0.3763606867496568,0.2301128961164993,0.2482159861081427,0.42756883698634623,0.34829776995304035,0.280155638686144,0.1840859701702457,0.4572436410698888,0.3957733712872257,0.4545214727724007,0.34332600726885015,0.21417109141735982,0.2948571825708008,0.23605264786813238,0.574506677636862,0.5626779733076902,0.28263382845172874,0.32019547619731215,0.2897856637613415,0.5287534710664833,0.34468766189038064,0.2783756270981866,0.3418404840977031,0.40578075007201186,0.41080721412353616,0.23706843139279904,0.11145918240291197,0.3707038815864466,0.21780072469131492
Animation,0.04125799314670386,0.12069357303652095,0.147100740761882,0.06432696432118042,0.06430494971805391,0.06633113521327434,0.07476257444429717,0.1409625909469686,0.08131660632826003,0.13604290588681323,0.07601962708176083,0.08122686247090462,0.13109823297698664,0.03295387185570216,0.0887678777036742,0.134577207535863,0.06858216127007707,0.05899713707726763,0.100322354443515,0.20907162077052094,0.10545239048645275,0.02620165158008582,0.15916718493524035,0.09423319580192722,0.14943074512852125,0.10357022258464703,0.12943867553370397,0.07508594566082534,0.05219554382316434,0.09883214592793906,0.23347825771125652,0.12245991445126791,0.12154023933178396,0.14003022254251069,0.053255409938065885,0.11340049782028704,0.15539117451419632,0.06331505612362238,0.040404028415813725,0.13984152136066202,0.08414822655631773,0.12998490044943978,0.10110294236073382,0.06251906068923452,0.02860182090274733,0.20482495313208973,0.08666471212654918,0.1466862648123549,0.09908715494800883,0.13970350622700334,0.14754303392065338,0.14464402982199506,0.10014784152750092,0.10412177150985891,0.11990094461028804,0.18408814813005375,0.08900161249426994,0.07498019120294228,0.1094699466066754,0.18081286811213793,0.051713806116326755,0.08879247412485641,0.06732690142792061,0.12410964643295994,0.20223069312347575,0.11094544296269905,0.14456736837978987,0.07023578794033897,0.1109690948101727,0.09344703096150316,0.08980169987678246,0.1166404450986116,0.1019771785410712,0.07825142948396886,0.12580154701509155,0.08952557343145648,0.05312292939388676,0.13326752511960596,0.0433963659141488,0.122315511055077,0.043047459281248236,0.11608817668257085,0.05497489105347314,0.05991362085276132,0.15621277961821262,0.1157995968158137,0.208557083578839,0.06654764052101168,0.23230794181181133,0.08675916975999104,0.08004997540658956,0.08633592965579348,0.09194310526704225,0.08579275594340653,0.16784459342572547,0.08469382822709545,0.17733076307456333,0.1466432720881959,0.09391678691912761,0.09029698231839793,0.14105444127065314,0.12437766150730022,0.07328672840350184,0.08549698371287909,0.09872885829433699,0.07830211728069243,0.12481542525668451,0.22518684299040445,0.06698842979300829,0.12190906212989655,0.137959975123867,0.04044703785292908,0.10251160042005848,0.07791161581526429,0.10278603563424693,0.052243297031873,0.04979944642938469,0.03131025682889492,0.13350906050012035,0.07118442988140403,0.09718025609906655,0.07193833131977745,0.0737253637085305,0.074701211464958,0.04683941171519348,0.14381672192570738,0.11839911368912581,0.04232261857253164,0.12669112877071545,0.1016021396756481,0.21494153844209762,0.16569623962959784,0.08858903144917217,0.13825788216889753,0.10303446603994677,0.16148238545578544,0.13422098515783665,0.06357069712372297,0.09569645387043789,0.08877306630129408,0.06922819821346825,0.20153416108116548,0.08857843359788357,0.11554052973752592,0.09932337346403096,0.0910818239178344,0.08718183466368924,0.05159510835060332,0.09736353117199922,0.12063025306397175
Biography,0.15644272106821094,0.0540591928825186,0.10775008302106091,0.19549516368551229,0.07779656584375526,0.14531598239498544,0.12194595648898218,0.1263632617575942,0.09081617028235153,0.04559306242649177,0.17655190656229972,0.14469841720486937,0.14654575404678422,0.1681887962751752,0.08789282727755403,0.05808892874117092,0.18788890429201074,0.0850672432139139,0.095100559727583,0.07021113069479253,0.11369877570032416,0.1056025436771732,0.04785332905598502,0.08456924069846006,0.07310225574838844,0.09774180898136096,0.09961992512109663,0.15178493197485077,0.21132719728999919,0.07759897103357491,0.08158613319022232,0.1446352761502023,0.14922802753788422,0.11958575659838949,0.07119697527021307,0.1095332306017639,0.05460593116375989,0.14239816019282456,0.11049679245772119,0.1026009009433013,0.14507658068340107,0.14550286147611116,0.136488973703279,0.17017383348581877,0.14702768304528466,0.08529564948197743,0.09154928055098041,0.11891730422638302,0.09377770511598285,0.14281334502925655,0.0703147640367291,0.07030448248405663,0.13122835543331016,0.09383591783138696,0.08769226223668283,0.05545028963541684,0.10555969000637615,0.07636561888641175,0.193527965806951,0.0436640007959151,0.12258732731778794,0.1478697727940988,0.20947478950664505,0.08176233516097152,0.07381457270344159,0.09681987952141072,0.11716551460838162,0.18374383526905444,0.06455725177046683,0.1301300503959284,0.16833497293855001,0.011280086728738679,0.14372144485809274,0.19628289110233965,0.09880447868342476,0.04715539491240237,0.1943530233594446,0.06392756200310197,0.14374886505330578,0.07498066081057157,0.2146254498535048,0.0308286209657541,0.059173330161616924,0.14214825772527184,0.08971452687376823,0.14761755688292938,0.04864974296305848,0.14545264685900852,0.06063254484505532,0.05542046570931296,0.09212725796729547,0.06442165153766455,0.132316792974614,0.13046189308518671,0.046701917727920816,0.08214919738492003,0.07260983420246264,0.1263335273381471,0.08733973574359515,0.06977224824489527,0.10305423544155753,0.14581470548713474,0.1869082424109955,0.13313022166532457,0.022272027829956985,0.10614042225326861,0.04826911503112056,0.04037865156740056,0.10429130383213189,0.08677054060983828,0.1014359298502338,0.06836741696439974,0.04938312404214636,0.07974268917722208,0.14046051589522257,0.06731181076627588,0.07721048183584428,0.10805432877228188,0.07365145067688474,0.14692632865549232,0.12392637174811502,0.14793269601130785,0.145219671044122,0.10716835385329737,0.05135923767297309,0.05586618577643563,0.10672595577087218,0.09354752425798786,0.007388785767823679,0.07622226777810545,0.05995074624028089,0.0687284770085918,0.07765336238936023,0.12783355648990993,0.09274634978541782,0.07651164560968306,0.03723168207630856,0.13995217579144859,0.2149925881222417,0.07751178184652659,0.07005851693846098,0.11488078932459596,0.054128837839713034,0.1250906229467987,0.060833823801149906,0.062110284804770516,0.17251428604552382,0.13376160282295763,0.04263584486150121,0.08213225060471173
Comedy,0.26562885800830227,0.28501982389118047,0.3914374357710845,0.2874321492063354,0.34876293538559294,0.27007962245928835,0.5850067225527468,0.4315020794211403,0.3013345433832536,0.43900469060670827,0.3613914208089851,0.3126164789802766,0.49213351887548523,0.35654440040553764,0.3311758922291754,0.4409408018595148,0.2801587569276343,0.3294409350458831,0.4116758857767424,0.48345230974668757,0.46511572105714344,0.35776248960501106,0.33519015067858826,0.4734175520195204,0.4188638978740171,0.3791857797340523,0.3637628732554368,0.3595448958176775,0.3456224337220742,0.3760459042720811,0.4932798995078257,0.5221656619397856,0.26966095414924107,0.4138862796091353,0.4027463942773382,0.3447070173467749,0.3862406686799131,0.30768281289121086,0.32939024973683345,0.5597437095695547,0.33831595569368167,0.3968984722062825,0.37683823926755144,0.3226593473620006,0.2590903953235574,0.49832219742064987,0.33051793438751986,0.3847104991960874,0.3005616259042801,0.4958906545877252,0.48003637210383693,0.47130182816475813,0.340404583424677,0.40520214716129904,0.3338436469729302,0.6026441719459015,0.28622656300931354,0.4016257514744276,0.27345054773465893,0.33886351350192573,0.30852086428725534,0.34831476473745104,0.3248195792855908,0.4077451136317447,0.3945235712305661,0.4888308994328832,0.4254660341818221,0.30069599603842484,0.5791524074415493,0.3404893011443642,0.3802575376017071,0.39842720243392127,0.2813832354286699,0.3381528045494252,0.3385669626974032,0.37980867716292,0.30717721842140816,0.36021402346839,0.3442823580627472,0.501467841078952,0.3448490322065122,0.32199216098060857,0.44450329063689914,0.4231895272153038,0.4619533881843666,0.35347056428710516,0.4568418138887062,0.2426822260569058,0.4416621240134981,0.30489364468240343,0.40430893914091776,0.5438083526923488,0.4024439837951895,0.37053286535518565,0.39922542594607396,0.2972734025076255,0.43460469150970543,0.445556637608673,0.43604620105375297,0.3184006396079521,0.36475081802965154,0.3634652450617045,0.2662644235045812,0.35559963362388936,0.40530750205071153,0.3225882268591692,0.33356213919421507,0.5208712890690342,0.45644474336061536,0.47764303099663846,0.3304032263693906,0.21164220333798806,0.6739742880792337,0.4138548895962689,0.34176597798163943,0.2264739144863254,0.16767303988538337,0.18583994030407563,0.41484490636525445,0.30751797178198786,0.41028989610024813,0.3835617355841034,0.42001638630721594,0.29416846242109607,0.3962158837093501,0.4848028736066414,0.4752640432622573,0.28349461385303315,0.5529584596204512,0.2745401153256746,0.5076671598747503,0.500704038027179,0.3821078440304345,0.5020708457736208,0.5289178024237868,0.2960228393933783,0.5846911074451839,0.2655680627415485,0.3265101408507914,0.38212399510349604,0.37824443548007247,0.4956996818324273,0.39871226299967705,0.35021535864100983,0.3045658390746405,0.3564734673368577,0.3051683516762532,0.29016508650901035,0.36629479787863317,0.45280094617524447
Crime,0.09602408524927264,0.12447464935117071,0.08627052453630893,0.13488904577639074,0.1161396712343375,0.14807450353588156,0.19547740882949086,0.13098904846846293,0.14148829065043647,0.1129906347023541,0.09187376479698102,0.1686645912481662,0.15794245731285853,0.1446645682784108,0.2432666008577398,0.16063193770350084,0.15591487494979578,0.18019007620571245,0.18824904480503868,0.1170227528253504,0.11505142748874042,0.07714921259491893,0.05084996557358579,0.19549451416811275,0.1424936881317051,0.1612052762183301,0.10495930120851708,0.1609194482354584,0.15926818024604023,0.10864103326091282,0.10728573655536287,0.09403549375025722,0.1336043561577695,0.15427142487729054,0.18627235148229643,0.13725633955249686,0.22369404987694477,0.15672119327442682,0.19731072485274256,0.132780801850455,0.1468432261136217,0.1604813723655305,0.1406250049053164,0.1567551082647148,0.07893401267083888,0.09054825039734339,0.20486753812768987,0.10597381280586937,0.10946718706502252,0.07644343583749771,0.12053740132773834,0.1270221020089318,0.14602864032595633,0.13281950103722592,0.1538325507159866,0.1267760983472633,0.15299996048990985,0.11334368487642792,0.15424335863227326,0.10482600238629705,0.11184044513890844,0.1836663339700788,0.09921177836991191,0.12010694918333019,0.11641442761076871,0.07124509935849015,0.11849947346905612,0.10663093255116814,0.06948765425619981,0.10263777876247006,0.14725554665082974,0.14179205034235154,0.09095203352190631,0.15806076045384904,0.1262092289505555,0.15552386884695676,0.09637795636155824,0.07578624649046753,0.14951141804020207,0.11884923853639563,0.16905536219894468,0.03571903886015998,0.1315514612524023,0.16382000585677992,0.1449213818376067,0.15702768966390315,0.08935869705577139,0.06497098874849569,0.122959814037232,0.11815461585503047,0.2080076296728739,0.16329427535430277,0.14418299049897332,0.20987893173874989,0.10049986986271162,0.15404204217893297,0.23522763036897612,0.13244310165283316,0.11247874032865296,0.16798986370840768,0.08819316389130913,0.14357181112534942,0.13924427570298645,0.11056228288290146,0.1287901678481661,0.12875554889353122,0.11151347500344072,0.08426080973019309,0.14660295720794775,0.08700626903459084,0.10766438165246175,0.0717491078289949,0.1586130877780816,0.13612493204423437,0.19366236043685137,0.11788828485353661,0.09367840554460466,0.12596865748686795,0.1150788493938914,0.14692973245495122,0.13572519580905518,0.14168052121148597,0.23641961582087362,0.1329704350825767,0.07062815762881812,0.12945743520745412,0.12673708225320587,0.07514068522263237,0.1403638928728334,0.05963268301899657,0.0799760400117043,0.07562542625019633,0.12437949496012883,0.1082166116501404,0.16316955885590445,0.09610083175270102,0.08250970994129612,0.10324456753500887,0.16621289541941558,0.19969220635760082,0.14428000014539183,0.18014671110878475,0.07194809229648355,0.18544013860698433,0.15248565809543999,0.09969359471940474,0.13578316850675817,0.26662473839321515,0.13390991566719843,0.09396687385088129
Documentary,0.0035164823184356303,5.559314405897964e-07,0.014106477644318162,9.766213188388624e-08,0.0013089195113518213,0.0007667910029533405,0.010168215126057211,0.02298030926574609,1.7498678958555097e-07,0.004696406643002272,1.6335048615436917e-07,2.7549071114063324e-06,0.04257271762635476,1.2766531588230584e-07,0.004269193258208389,0.009499577479180312,0.0003380916482517191,0.010817537008856319,6.389859134978533e-07,1.3995243623937022e-07,1.3361932946516056e-07,0.03534575690988477,6.168682038239899e-07,0.0064594002490362705,0.0051025022202320774,4.841087373243545e-07,0.010951297896291474,2.5332567143432803e-07,0.004581733247626694,0.009795729357393656,0.005735796626815343,0.019534515045030374,9.769780015971714e-08,0.010735050554552558,0.011299582297925184,0.005801816827629012,0.007963987392656758,0.011651053678873992,1.5042360154360509e-06,0.01931969305245155,0.004605028782686076,2.1005421324904405e-06,0.006433822494771458,0.003964623360780725,1.2954487673706801e-06,0.02322106602682154,2.8234891649312198e-06,0.022654449956242377,0.02292207150098835,0.028360012215173393,0.002253253851056056,1.7943608653765653e-07,0.004440047100313376,0.008704373054210127,0.002598319767749911,0.0030556620562436276,3.5058605920427715e-07,0.0016448030624987683,1.7798111596042115e-07,0.0006628166151863557,0.005601066630659294,3.1158824278582855e-07,0.005309062708884785,0.00895946176822348,0.005927465088032531,0.01563521933584339,1.1452767188882077e-05,1.0340242032410975e-07,0.023138530678408323,0.010702300806539555,0.015499382561162223,0.011870304183360525,0.00044061902789235905,0.00010357475161660308,0.004035720599465455,0.019510330677061843,8.203104148271222e-08,4.589015413050225e-07,1.4563773326213391e-07,0.007969452522059817,0.0007581161169246894,0.05890875091022317,0.025224531297180188,0.011883840416236618,0.015929113839304274,6.042332684692363e-06,0.014509838592484585,0.023093403666852867,0.018864389464391937,0.029955015715187668,3.636992402242201e-07,1.7074382978360356e-06,1.795623863872104e-06,0.007931386099229406,0.007940787960577095,0.0019438551376859713,0.0068798081178347865,0.018149470426705124,7.197934941661554e-07,7.352747684453496e-05,1.9634001060320893e-07,0.019733075284430336,0.0070983535894337795,0.0023111958704138584,0.022424058911833113,0.03209250998735252,4.86067547000051e-07,0.0222394372738007,0.001561213680063047,2.550975409723365e-07,2.0290152165078722e-05,8.151170264752816e-06,0.03249998899211656,3.9580289152549113e-07,1.190129379388987e-07,3.476173850920911e-06,4.883661866684739e-07,2.8057697602592e-07,0.009908044102396204,0.003986040327622829,0.007901386336798396,2.7604722176936825e-07,1.2692983171069875e-06,0.018627834154707,0.019302743691000327,0.013234664462659551,0.008337964128434395,2.353125924341248e-06,0.01998589840372726,0.02665087025842208,0.00979980551594003,4.1298052118305824e-07,0.007227457586732147,0.01820080327314435,1.3182642307002828e-06,0.00025339283373450083,8.974499034402455e-08,0.0009061846438073548,2.1620524637086394e-07,0.004617282320812092,0.008603399164260377,0.007376716459697147,4.6092073516634216e-06,0.00792339430211358,0.012778687889869108,3.0702528943996477e-07,0.0074448707153014606,0.006420737970236431,0.0017043379281998757,0.013202004740828433
Drama,0.6041417615333613,0.5289170318623775,0.6864437806471553,0.7834719196028144,0.22001922928302226,0.8075757739657771,0.5845679218729193,0.6752234989109396,0.4962818351081358,0.3122864327068467,0.6535343672051995,0.8022175550268649,0.5683201375644927,0.6569066093930441,0.44111342724181024,0.4550617640124322,0.8551629712971456,0.595745441240017,0.5794385641043538,0.433520419770554,0.49386821348177073,0.5108842066699079,0.2935678838944051,0.5332091471338258,0.4271161973595112,0.49697534312594643,0.4854568408854438,0.7166536330856312,0.742464587568032,0.4595267638325274,0.4556763516833535,0.581583815216852,0.45780199426902873,0.5091162195587473,0.4925780067178323,0.5019373934662285,0.41593620063104575,0.7253279362137401,0.5506974823612988,0.5015624428223145,0.65068771720048,0.6660394951194907,0.6135110307212215,0.7871302226288514,0.48900608252435507,0.3207213535717636,0.3885429337684766,0.4729266069420493,0.6158046240669153,0.6837257856082849,0.4659583689124591,0.422984781082319,0.5826346793490333,0.5516376631335059,0.49416456517052365,0.49501632055906314,0.5091481728607931,0.38219820534245674,0.7206861608466062,0.38263675597349883,0.6261273563186521,0.6419945246979228,0.8023650569205493,0.4602230257078296,0.4302838263875534,0.47868472122539596,0.5278287978681573,0.7450349386354863,0.4507962119632344,0.4978890272157068,0.7591363625166268,0.32683528361976255,0.6102589850702855,0.5526149150287244,0.5810828640469397,0.6780691101611169,0.7981875399249788,0.3361515232007941,0.7569947931526839,0.4567684887267929,0.7498458975878068,0.294777779791083,0.47609591699456166,0.7513023092548446,0.4773067584874422,0.7416930010446128,0.35805838261018336,0.5114458268986959,0.3878997366481819,0.5015334317829426,0.4950193466153012,0.45539818849369257,0.5971531446558644,0.664529545238623,0.40458160469374826,0.6326428560381354,0.5046000967754463,0.48251702359413506,0.4745967963549845,0.6264874762429272,0.5289309165163331,0.5433654519455395,0.7255634320576594,0.7624024350622794,0.40627528682840075,0.5215252283061049,0.3477727947433661,0.40777931926690314,0.5772467649131452,0.450209806039826,0.47587722389434656,0.5148380267605669,0.40334566120897924,0.5399889884755481,0.6112225676678,0.5873692637852074,0.37462418621581806,0.5454049089002593,0.3709468139054009,0.6588876927802242,0.5857565348955821,0.5006915235810072,0.7407091726859065,0.45392352273080433,0.4639346491008705,0.4159048274260004,0.5225125141780312,0.5299595103709941,0.37991379622256805,0.4229976142106128,0.4288670592239082,0.391990289967775,0.5598817285926044,0.5347825254193788,0.5178900288234307,0.34688558786326895,0.39664125335389844,0.7759867663522082,0.657190022494508,0.6073615837070556,0.3780309337192042,0.5788537703229528,0.4468738805202425,0.6172040651044983,0.4346160751012847,0.43085499663509175,0.6965806911251294,0.9107183469297748,0.4287202376244555,0.7474349661142137
Family,0.016006848598385044,0.042788038878769676,0.06875003245216947,0.007935668477899846,0.06720923696007039,0.005632581153872692,0.034785577596968376,0.006701954448308398,0.04512799148548211,0.04546916792592623,0.04774929264604166,0.0184420989035303,0.01272638609253853,0.017214307358091648,0.04945120929148975,0.054378028412492285,0.006306187540249604,0.04740940144688696,0.021116300240178163,0.060515495221894935,0.05296437940439867,2.2185975503412205e-07,0.051056636260487925,0.02519045683175472,0.056950147579479284,0.06349157472494217,0.04710177538847676,0.010693336208342018,0.0026884561793101996,0.040243744593382716,0.04359029194141624,0.024025129925695263,0.054315979595656635,0.00718029225791594,0.049624884928426025,0.04059165200959861,0.0759878122449838,0.03384709826619571,0.019894637440714017,0.018984335812423935,0.030802014000159847,0.0031511052102368327,0.03354779685425176,0.018603232692894173,0.03827601196378347,0.051922027066012025,0.13467215310489333,0.03821665704590619,0.04637077311701029,0.04760154014859267,0.034460479561812155,0.07841762025453924,0.03453370021681967,0.00746479990766906,0.08607687787393498,0.05062320422913486,0.031674845138829545,0.012501330774000315,0.02215229866818371,0.07014009085837938,0.013841972012002365,0.05112073839843488,0.03491907237820009,0.044614917899662175,0.05632432337547947,0.017293585320566525,0.017013265738839538,0.035172472916927315,0.03204870914335284,0.033982102525991466,0.015226323287264325,0.11324236862905492,0.045640510714905005,0.05795739252788863,0.06645546278025785,0.017241566537815736,0.022644299601365978,0.04452012444410707,0.01928594594258421,0.03539549260003926,0.04118437843654464,0.010790486783914003,0.07139059498200381,0.00982188783275668,0.04867483365727437,0.01945746143579896,0.06271999342046354,0.010022485701411465,0.07194315945333447,0.0327547963477452,0.04222420527452225,0.029542602080385907,0.03157571812058539,0.03155386239441928,0.038283311265194596,0.02196730914559018,0.06086286198777527,0.030926441133326252,0.011880728019197748,0.06613110892396823,0.02592956613084855,0.030423114013528475,0.008627430058631355,0.012301081654854136,0.05394252826803217,0.040346188786267986,0.051187928360987456,0.11871635138942375,0.02013666966708909,0.08970032359015669,0.029744497786305606,0.02159907857333698,0.029443393566858465,0.025712073001655716,0.019075835699403347,0.02451125383076145,0.009316516565313907,0.017544067010716705,0.025600819139381552,0.02448615400369835,0.036891257876367975,0.05505513475400827,0.03741780227988045,0.012399067042254715,0.08844653176265158,0.04373160126296424,0.031128401495646656,0.019247210793690125,0.02448190766876909,0.052448864024475704,0.06567568806718042,0.020857102609585957,0.03883609513823907,0.019135973357185455,0.004552880529336432,0.03440617335743111,0.1314070049458199,0.005144813562815216,0.04307631806327064,0.017363026194139066,0.06850900252575914,0.007704306861981292,0.03374317934455401,0.020581432517186613,0.04770164756634003,0.06209071690112765,0.02277333660200901,0.0037100670540098223,0.04653233472693373,0.0048131222304028665
Fantasy,0.08547796280999323,0.07878714541929115,0.07213425551768804,0.05572763890305858,0.11384295353637791,0.08360475615472164,0.14759670767219363,0.06790324028743058,0.07447020195019552,0.05071571096759375,0.05654394093906343,0.051265285164630595,0.13238126812506915,0.05876139008123268,0.12171631756067855,0.14589973928206768,0.03635213237049862,0.09593283307565874,0.044830562365008236,0.12754856543914547,0.0918801866565765,0.11271760002614134,0.09820077695282702,0.05217005152287554,0.09444367844203728,0.08585322872482969,0.11480793051674486,0.06322629233275819,0.06571184555987505,0.09848203142001687,0.10649717860645559,0.0867399929124793,0.06658956780680683,0.09292384439316843,0.05377545389758582,0.08762208186110056,0.09934258494790257,0.03220881137437398,0.037382059441664374,0.12100018167111258,0.0777412597200346,0.03505409466213794,0.08455882683207763,0.05397987191216834,0.0768179809698164,0.12868393200388864,0.09784564191286953,0.056473299627516974,0.07126675896806192,0.07773602592076082,0.14496189378793414,0.13552446074427613,0.08288119920871137,0.12091959251845125,0.09722317983351025,0.10994461683566648,0.09125567911484256,0.03264070224934626,0.05558474463705756,0.07759073483731382,0.08254226648687453,0.0340078512217273,0.05322543474572476,0.10743713467061332,0.11060219499960672,0.08071472103417515,0.06624835390785799,0.052467515635540064,0.07780702061871625,0.045392953429569935,0.04826357899577017,0.14855962899967554,0.09273795698802584,0.1305728371831877,0.10372575558388775,0.04293763176955711,0.06455524272257805,0.11613591562315487,0.06142985042202992,0.10217323377076344,0.0717474287550085,0.03538726646414854,0.11370510616899838,0.061153480762894195,0.12006219028137563,0.04496228320251492,0.1395309946738781,0.09405661582383294,0.05492650170015539,0.05449604045938167,0.06857234871169308,0.10894126189255587,0.04759897956708389,0.06915430936852839,0.1257267450753679,0.088569436429606,0.10818423451139636,0.06467459942288989,0.0478997968928918,0.15139450080033032,0.06813415383833388,0.11403318691080755,0.03671637119776798,0.036329405307501846,0.10031408687308688,0.10646762952754833,0.1249990636610152,0.1257485964775284,0.07367229948859502,0.10693207867463396,0.058276608121280306,0.08029180971889723,0.10214936943775083,0.042149644954882715,0.06065228352398808,0.1202052663357106,0.03475190292268597,0.07732931496232089,0.07366560792551753,0.06890736374921426,0.07854413466854503,0.13956320248327792,0.0031882362180251215,0.07198042981043684,0.16919053967885203,0.11379454257039015,0.08504724317417629,0.06125791676110567,0.11248729015491046,0.11926667006021588,0.11317122930018378,0.06110930226072299,0.09758245150692232,0.06113322341526916,0.10795719991858149,0.09027579395219339,0.18064386765382084,0.02254597194946747,0.10810900761985226,0.08232278366483506,0.14991415841384934,0.05671763886600661,0.12133125296250265,0.08453710276983162,0.1118115818080016,0.12993480988572317,0.05706182213272973,0.05539886582959916,0.09875175405299141,0.04575323586629575
History,0.06371132883760068,0.012060570674615797,0.035342950345573776,0.07793776877101767,9.85098952125571e-07,0.05457518921455524,0.020016179264541977,0.030138142507066132,0.03204925789510978,0.006046985174394078,0.07598901761786718,0.05094689855124981,0.0482783421165605,0.06537468842920896,0.017501705130494066,0.008650015463599451,0.07518824657488647,0.021493690935793987,0.017953222681551022,0.022065616809396962,0.015223264864628924,0.02999400502142665,5.287441747062771e-07,0.01688322610749916,0.027654019992837307,0.02479135950723968,0.023192627056856367,0.09338763177899302,0.06904114242354834,0.026458156281214944,0.03661729303762201,0.056402864039510676,0.0313640427445672,0.04157085938489947,0.02508328535317341,0.039953804295853226,0.04719539201213532,0.030017312302374755,0.03955539749511687,0.0329688891580551,0.05053337197535462,0.07911382421719909,0.04825368162554486,0.062214089661482154,0.04692210142700265,0.04312948332141775,0.024137145016109113,0.046099776531405845,0.03274620423534885,0.020849445098693475,0.031062422673620006,0.03338326361037524,0.046373891509299714,0.028890495372789256,0.020274308264138674,0.008485531791997868,0.04783965304537675,0.009364341196972159,0.06110922953926628,0.02114807838399032,0.0530132816019282,0.042437434032455555,0.08866768798246367,0.0266094140549791,0.016361437766794357,0.03155993708722136,0.044287985112126324,0.02928697308291123,0.011914730134445922,0.06540922911088012,0.052363899546360504,0.02555619849805411,0.043186590706840305,0.03895197045228179,0.020437906017567214,0.06192435989141154,0.060739061447141106,0.03195738020998477,0.07425267774465921,0.022773353538920398,0.09798951852684631,0.03463549404207743,0.007482700272417498,0.03938635597697456,0.04892315407557636,0.058989209920406474,0.03783908652339728,0.02539330339774198,0.0151246533078749,0.04201921946835283,0.04264217957437029,0.0541632411222843,0.03305291765407204,0.029098406677415575,0.01937214760178061,0.013712773639753281,0.05882461955229036,0.028791261860627318,0.04388291963401196,0.034826372884446594,0.07569174127357647,0.05645249952409868,0.084146398430733,0.06658866636150769,0.013803840789289938,0.03570816735222459,0.014024729171289439,0.040783458132087815,0.06082929971933353,0.03875166314175083,0.030963377340425535,0.04962898806023724,0.019910333729127382,0.028647806218916508,0.0768024879909024,0.023853781458115415,0.03188056153666087,0.03549595542167899,0.010991285592467634,0.051824173511216376,0.0395256406181701,0.018255917084641544,0.06011236587006203,0.06950708605997641,0.03135620522491627,0.018655993510099896,0.035019454893624236,0.029333546938108194,0.005017174794151779,0.0415384294199312,0.03026301251450927,0.029797267185245325,0.04689328706701361,0.03306321432806138,0.01433854775817821,0.013650899613944395,0.006804861202725498,0.02742946476036619,0.07387229290649652,0.02303764387923068,0.007608817204720322,0.05534457635357316,0.036432610377464154,0.023456876173145562,0.0393382715310152,0.0401159838819908,0.050110442786468236,0.035615746225317185,0.029892696963118377,5.591906270556225e-06
Horror,0.30580409172883216,0.3583326952993743,0.1252524220997349,0.12784452514570435,0.33621675242967447,0.16649682329265145,0.09531028740581075,0.09133744836018105,0.20719303680273995,0.26374562475779356,0.1391201202985652,0.13643069338609903,0.0847574386524888,0.12475428292141655,0.10368718564356297,0.09440160863302956,0.07221818138116726,0.07964112444841163,0.13625693111821502,0.04586303287610533,0.11914106534437957,0.4016118849914471,0.3123155116634822,0.11681395333849316,0.15398850255624763,0.10409762940573417,0.12310303408854811,0.09766633935332622,0.1008364902940044,0.2503042228204918,0.12586628832453162,0.13887660964673146,0.07098322137745854,0.1245459474272507,0.14641118031136602,0.14240931018685457,0.07866372134222092,0.12663793147942454,0.25202464280950554,0.11488735644823758,0.10540211492195921,0.12731468730817808,0.11167279704607974,0.12290332418420252,0.33978689958106906,0.15374136642339387,0.10750185065296267,0.14391031907423912,0.20205903504986156,0.11421457848452901,0.1069019869596722,0.09382305328082985,0.11050805929398066,0.1196141614661291,0.1346165230499534,0.047975173094468616,0.08929713075070086,0.28609145233273636,0.1532568061507973,0.1887446578786014,0.34049509480146545,0.18621850157047162,0.06518551207404895,0.19449526749358312,0.08412521943537081,0.226648415424392,0.15692455375895561,0.07057780508725786,0.28111972833445753,0.16756344171914164,0.07401996870078284,0.14386699589559143,0.21001616710161405,0.030000967864917395,0.14292457227288133,0.14374070898867808,0.12671485146677108,0.30944886807793487,0.14056074228035176,0.20332847191011,0.14186865636935972,0.48482748387902713,0.2067128796598069,0.09362717447516498,0.12367666754086405,0.08691324522584708,0.1574749889316007,0.44230570951491416,0.157800123252852,0.32281304164059516,0.14421813479440979,0.13235627408842107,0.09975626922237602,0.11251761896081923,0.21597043751058712,0.15691306514877665,0.0821622417617209,0.1519769349146079,0.13215429733763817,0.1335234434196985,0.06901126627047087,0.1710273088759767,0.08602138262359188,0.11901155996708897,0.362994252953744,0.35571220050525454,0.18794708099520296,0.07557806467577616,0.12343536937999922,0.13872274207991062,0.08829326658250336,0.3972864589096223,0.09650892895227338,0.3003914707625203,0.05404273673570566,0.3126398211874474,0.5670163319855926,0.4011350080552063,0.12306934524041419,0.13212141331436056,0.1276756514644514,0.13445205396038362,0.04329363758382099,0.24637676370342207,0.14636552413097897,0.20472756826942368,0.15842134254702336,0.3527210324692389,0.12022861001620787,0.24331138770087285,0.10712144755433962,0.1999522344540235,0.18741407698616427,0.09057444914506828,0.17200442724494328,0.14307104086401914,0.07878487978845422,0.05986703800852661,0.07443173066022139,0.1364529494679281,0.14080975509475865,0.0861755936151338,0.26441712467376344,0.08313112622328943,0.22809274388622197,0.21155234754491256,0.12694945010782285,0.10483771419711893,0.2342782689347609,0.07238472610466606
Music,0.04704804243740748,0.005935441025128156,0.03803353296063739,0.026399898108972662,0.0319729802029739,0.03288615247274566,0.04222714461137911,0.06831445466523399,0.03773348141944761,0.014349895794205739,0.012064246848412698,0.041638334757649095,0.0492105267380747,0.038959953485878523,0.013377303203477648,0.006758355630372326,0.04904440361378798,0.07346087016954046,0.02751266040015075,0.025781432513366627,0.01764941871234906,0.050891203515210946,5.28744174706277e-07,0.0001488818349588517,0.008063253042679769,0.02287263781444846,0.026456847236115067,0.001390676054452204,0.07705843797688368,0.02355620976901468,0.008807564639829122,0.02813655832213026,0.019627792300620853,0.03865034266447251,0.007687906563487238,0.02577083174420156,0.002843041568890561,0.002670869524349155,0.048704317624467905,0.05059687533664314,0.03352628910525228,0.012827027316421961,0.034007350310421555,0.039036291552302524,0.005982466881929267,0.014780138729636981,0.014388567084625823,0.02050306455333546,0.029700120453044484,0.08831219536658583,0.0038505522795935117,0.028044352413045974,0.030093750233335423,0.017769946079303316,0.01842169906368419,0.04293927312797506,0.011128411488390052,0.004702330074571083,0.030375277599452234,0.018529047607971076,0.009559665517607783,0.01546815673801286,0.024251779819371818,0.02681030031425018,0.02673457149769341,0.04952001330576855,0.03963693114861132,0.030678143969949185,0.010798386543381194,0.054307243512834794,0.06806250129393038,0.025947671658296034,0.02293820549701787,0.014719331428812352,0.02647115265581234,0.008524553372683194,0.02979508441822667,0.01466325492976071,0.053705817871923606,0.024553999795103844,0.027197265970426016,0.0015988015883487696,0.00819911684906798,1.6405666765159863e-06,0.028499804283769893,0.009371603418912893,0.024783368800933632,0.022006663363731197,0.00818684393916829,0.031943905917583615,0.0078762491116877,0.03432324821106436,0.03081670922719189,0.013950837410853574,0.02819132644737519,0.03814121933879208,0.028546140735292477,0.018387049781335173,0.04820407494260333,0.03808936873737971,0.04263200535402664,0.028665828096488193,0.0484392791138993,0.04720691661020427,0.024174149555862518,0.05417098517439051,0.002599774502350346,0.020000020823328656,0.03256017776367349,7.652926229170095e-07,0.03790748930362407,1.4079294093663956e-05,0.018241676478766258,0.039760412614501514,0.024531770533110113,0.023488729827088904,0.008632650434788523,0.019539000846050238,0.016816628065684645,0.033027982246114876,0.03283651177935698,0.07336735322835114,0.030372311923818573,0.030066496275084488,0.020858826224887723,0.008412671141777081,0.03168426542373813,0.04045454604009405,0.016775419869361877,0.016289298773153413,0.005637770887711674,0.06717052620928107,5.624748653827548e-06,0.04128846524238506,0.020808030185333594,0.006673504882669794,0.015529977956785566,0.046697394365142364,0.014767371461501408,0.03959720254861733,0.02773057791286075,0.025881353136598943,0.0009556651106575278,0.023274174006289033,0.013964119614511918,0.008698175707523556,0.025388047800381557,0.059696306476231954,0.017081662577060328,0.05992298107688768
Mystery,0.14871419435531683,0.21502544293641693,0.09398484968601309,0.10435050925839628,0.14159660216069275,0.14925654985987113,0.06228070821187225,0.09720833804926315,0.15665417641488114,0.08774506139544538,0.08934956757720312,0.10874979262652328,0.051563839355930806,0.07015294262091229,0.08476302028737617,0.040718793946784404,0.061869719578716904,0.055557564033916505,0.13274227953610007,0.04340940304047883,0.10783478567151422,0.1672996385763713,0.11797985777286346,0.07202363420044705,0.10009415141061802,0.09466827518722774,0.11083638754569601,0.08058711632203323,0.07140862604681632,0.14789568445884638,0.053241502561210824,0.0703050942892466,0.04340264824770436,0.07946048284774354,0.07571490415502087,0.09149916445880177,0.03546355036404101,0.05661865369855122,0.12328558307731194,0.1036135842121608,0.08230858681092251,0.0779714837568926,0.08409926549949932,0.09942055504727051,0.1958533364650093,0.09566122687624773,0.044263997599819256,0.13357991062153776,0.12248906423144293,0.07160297742126578,0.05906696507093603,0.07892256933436141,0.0774543723467773,0.07879661411838251,0.08577218121531431,0.044279345115345696,0.07789100811128752,0.1979667159128294,0.04333054970853457,0.139907674241654,0.14913018601390193,0.050991118685807885,0.054006915807857894,0.11456542229872614,0.06545365917817922,0.12298312786714505,0.11071105412977278,0.07753558666996485,0.19666568587338223,0.13397248504226497,0.021413725460230206,0.06110543986027752,0.1580605507496362,0.07534220608319203,0.1347160108224242,0.13498982118659686,0.13793416528682584,0.1673925102242518,0.13825358068555296,0.11489493718495988,0.10210371034577859,0.2450473304578605,0.12803631884809816,0.10643532363555544,0.10052015310253881,0.06991077605613068,0.06024186108092646,0.2589832875851436,0.1255008146542842,0.21374270912443893,0.06546887086360492,0.08109668118233854,0.06311784547341587,0.09405565208992486,0.1426618622448036,0.09149707747032211,0.06248414332823281,0.1177084650311882,0.1016991480874851,0.0680589811773066,0.1210708020908254,0.08426194412217952,0.1262806469148256,0.07206733773207126,0.1987764176144871,0.18744993977042684,0.14451608500645582,0.1012503704800103,0.09395269311339172,0.114473000398472,0.0794367659636112,0.260507227769275,0.05297420570380929,0.20554987751138046,0.11718003589221243,0.1458534792709655,0.25787286548387955,0.24267017193605214,0.1143857443771253,0.09510740994367049,0.12052190792718395,0.03575201099212574,0.09833972027298009,0.14281922886749188,0.11579524608767199,0.1024223230351345,0.10005558269386637,0.2549670259972975,0.025932469502509083,0.126727921430584,0.13742006636032073,0.11158493670951533,0.1328833212807599,0.0636243830272455,0.08202495513528377,0.13449767881924307,0.06336247572002232,0.08184027975679181,0.031437978712042625,0.14469547302811694,0.08578555519068834,0.05353489339080122,0.17317283395640778,0.06124867959073707,0.11665606611810786,0.17999635263761987,0.09370092715456627,0.06353022647696602,0.15186333126294982,0.12705564301930347
Romance,0.031632412409978876,0.0323998873245156,0.03688396892277818,0.05236338124036204,0.04583247912963934,0.1045698892881241,0.13105950608027792,0.026479152173842793,0.11474270775129133,0.0148945767428709,0.04304862052328605,0.08318876925223095,0.16983779029494134,0.1252359052363673,0.059082551304010376,0.14986449129554305,0.07742321852034308,0.09994850757703498,0.07324299278027288,0.07232881209017845,0.1085147171981728,0.05497685545272656,0.03357722468637397,0.10363104657907224,0.03922491732185844,0.052933901753296195,0.08595508151811812,0.10233561406125766,0.09745955537177836,0.059766499346307594,0.10214034226731337,0.10796700997396651,0.08717047199189946,0.048559834111337796,0.058398741320793306,0.06701069356352708,0.019034736130539118,0.08276400968530653,0.05994441201251311,0.09462925178426133,0.08262923217401211,0.12929591054408368,0.08823529695664308,0.0902714242146996,0.08310295891426576,0.03309536676245162,0.065208203712059,0.057192170990684556,0.11645125264511964,0.08202682929981024,0.05308731484074207,0.08704286345019893,0.07350777380131203,0.08486741049335973,0.07355381548995527,0.11211358095441692,0.05305068837270317,0.10577996154303944,0.09171201596668883,0.020568232672147788,0.06320246512777618,0.08263787599662005,0.07634500260790626,0.06453575724446123,0.07991805725763666,0.09026116007101624,0.03763380787118462,0.12501659880381233,0.06359382588855378,0.041166316055114546,0.08094867094746339,0.05075806870433613,0.0839859615431973,0.07071655395872865,0.07494164403586379,0.09417365885413653,0.0964481097004584,0.09547392389388704,0.13115457097662384,0.08122735247649128,0.10875330021967664,0.04413115757308724,0.07140267606894134,0.11245708846514199,0.04057506115669517,0.08727123121929889,0.06060083331307619,0.032400731420823774,0.06214347575389374,0.05250260196354579,0.03579036740044316,0.08640859769859892,0.0831140905287574,0.10242696811553195,0.027557540000801777,0.08229708895790958,0.043174696477511786,0.06956272478960779,0.09772770571577874,0.09908830781303868,0.07948474591044344,0.026624809578264727,0.09311099661431411,0.1430027830537741,0.03382635834084024,0.03873254740579489,0.05364243135477784,0.06636264565450006,0.12661584648434868,0.12849618774575344,0.06049467686055924,0.05461343579499141,0.11712930694266908,0.09307781254172953,0.026707933246479278,0.108365023726926,0.0464908255306383,0.04781043568429016,0.06182974910327447,0.07630801714330915,0.06063731147388904,0.03952643365718319,0.09114199549386508,0.06593261414183457,0.0866188160264297,0.06612617129346852,0.09060589329349478,0.046850577363589295,0.05955946855722557,0.07139306009235938,0.06579954449814389,0.06190736368499583,0.12087833464948035,0.09333954696949781,0.0986496884046947,0.01737499545348078,0.014209278547884561,0.04964206698238266,0.09096063807246232,0.1023592956124144,0.03604501734620803,0.07506227894450022,0.06767405172672207,0.08063692555562593,0.015955788794241938,0.038922037030077655,0.08970571055910027,0.08486754707290878,0.045278702766960305,0.14118665214403564
Sci-Fi,0.026096538683470557,0.06850730829757715,0.0874992867850156,0.08281910637265431,0.09271826837806707,0.03783838952122493,0.05162215080923103,0.10393352276459965,0.06328779066742525,0.11658890911188144,0.0778203671897529,0.054234301494011455,0.036672688939951514,0.07263311445780164,0.09837761728084755,0.13044793099432986,0.08469797598634221,0.10021484161761082,0.07026211343065329,0.11761797917180855,0.05958645435549867,0.0902604547892262,0.15174854121453527,0.05999162655107728,0.11220344348171382,0.07186946933179142,0.1039713872879431,0.07146586288642319,0.02257162228652838,0.08063607276954082,0.06620141275272144,0.08136391049265593,0.19285540988102162,0.05619849204832765,0.10580571196459912,0.0869822418113757,0.1373511550908742,0.10555122333522975,0.06768252348133574,0.0558368947299248,0.07861114406687573,0.08384199297443837,0.07123161492950503,0.05733455321744435,0.07683267861917487,0.06000106325041515,0.04083347876415858,0.0639986539466395,0.0836771543463872,0.039237899974815874,0.07772770426935773,0.0656307106575008,0.08534778684658403,0.12341114865506994,0.09807996332180917,0.023092644459132963,0.18597475492091292,0.0840736113595909,0.11435150521574475,0.12026293392904847,0.04560590712908941,0.07662850596917155,0.05957937995273649,0.07805114644764788,0.07898300192113075,0.06460864146187562,0.07469519821018791,0.07560950347395053,0.059028268779283154,0.08799351289352988,0.05094073039943105,0.12237403609967405,0.04923693582912381,0.09166477985203603,0.0549820289902936,0.03999642598979295,0.08187569829014094,0.07941470178402137,0.0352964900545757,0.06541900748897493,0.0499208177584188,0.10573928940986392,0.07630826863889878,0.05957295138779396,0.02799586937229121,0.0498217560344721,0.07219243679684292,0.035901978183112054,0.15805267863428424,0.041764211259125605,0.09435208111405036,0.0851788278598384,0.1328757237867894,0.0735347656677403,0.055766208423783416,0.08818155849234854,0.060215001874922534,0.0746571637831537,0.09260422323694868,0.04624209433732629,0.06355060151960414,0.08689940183162981,0.11520240710604229,0.12112598949295181,0.08953380601236942,0.0478182832415034,0.07978915294447302,0.024913954068293206,0.057859034262635445,0.07888530285379045,0.1188990116635486,0.03631796751762879,0.024637708404132,0.10848814294694493,0.10358435564450266,0.12375906869987895,0.02754475897390474,0.026465058814415392,0.12116571352495918,0.08257177536087987,0.07982027234107007,0.09641630502175855,0.11372389261281744,0.08507371156024213,0.1480705796950984,0.047477924883194994,0.05836575345039892,0.1101855269249687,0.13154960139320623,0.10498798767638597,0.04187291964872471,0.09739988953663711,0.07110779772523353,0.069333807499859,0.02529661269719936,0.17772680520025122,0.0472243705814191,0.09221008421211795,0.05281682386874453,0.04408271730628721,0.0861279065337993,0.03176827358720554,0.09252065807353838,0.0719112177766303,0.10704979180131513,0.05629620233096995,0.07871508468699691,0.049558414234263784,0.08244662451428311,0.01335584311834837
Sport,0.06212010425467536,0.014189714166398,1.6552841985706587e-06,0.04057018887052674,0.000327289663684807,0.05651909495093864,0.03463696463082484,0.02806577391935601,0.004696043630303479,0.009485193808541344,0.024768956142443926,0.017807145498355673,0.041352433748211605,0.019780342236149082,0.01891682051864069,0.016781906492284327,0.005325121876540085,0.01738223990985211,0.0131650781238914,0.019602862023547902,0.022565003443861757,0.0167864432576377,0.000788696521409791,0.0038501884486247797,0.01732965815995799,0.037127155156513186,0.0010788146378830827,0.024950324915120854,0.05739494046579134,0.016575960732844956,0.03355687485480912,0.023586603657839173,0.01790353235376166,0.017640962912445792,1.3478692034323553e-06,0.020621508436392273,0.007308855026004184,0.06074218128978981,0.023282566751261988,0.022459762675229963,0.0295095353535386,0.013950371436347817,0.027573528804187196,0.03537663921927416,0.028672310441625576,0.01413651083616994,0.007452731674715158,0.01799708907687943,0.023537749781565403,0.0708810049017966,0.01828986781414726,0.00929801941400489,0.025653768345415235,0.008517467178671372,0.002302349680518152,0.03519784969628608,0.023628486765803133,0.00975104557186621,1.2458678117229482e-06,0.021769314324609317,0.014095644658774577,0.03689515686828229,0.0443126600817709,0.018338774960582806,0.008403004998876687,0.04328123589202347,0.028415466890210576,0.05617621047249153,0.023829717316512823,0.019050199473225744,0.06650848401342711,0.016017938994902586,0.036423324601020574,0.0073823832216150685,0.009512624219820427,0.0284917182303436,0.0161705085025838,1.0489178086971946e-06,0.05569748950352346,0.02181259592424436,0.007876285859966,0.0034075687355939683,0.00571322650304803,0.023725018272754802,0.028894191473416847,0.038730015996459706,0.012983772916107061,0.033520672679219606,0.0006073731227386454,0.0239267029564032,0.01813656419433058,0.01611433875035467,0.042839474547999565,0.02533201333645984,0.014599813315917289,0.00916421836631153,0.0010190383089376308,0.04515137590734511,0.018849287906048007,0.05135572592459128,0.03195009367015092,0.008392149736809545,0.02931626428613382,0.03413556128022733,0.023806763276818972,0.020892478734083023,0.00457948804308599,3.002429470752026e-07,0.01605834244862528,6.80260109259564e-07,9.275498132607415e-05,0.0336054685286424,0.04021790575228839,0.013417383180390966,0.04451658654879705,0.0035225680254887793,0.006556305404621483,0.01689774609829728,0.0036816387674008318,0.029611719456095212,0.03943293751957712,0.018691334187093563,0.07766529858796194,0.0011745255258879246,0.00949982889304673,0.00893487002305206,0.026681485210990064,0.02119170225640355,0.012527942953608833,0.029553073248408397,0.027620601829221297,0.011844226878893355,0.027978482085759593,0.029431338786738682,0.017596185246607925,0.009458453308935601,0.011355063991479392,0.09495680578854654,0.014970038951425783,0.02091046592369559,0.014033608015052747,0.03966436389602292,0.0288290626486573,0.02207420692556649,0.008456179116847732,0.002671071818583308,0.036894190291988975,0.04169815287440715,0.01938751565960748,0.026262358197214224
Thriller,0.16424570048474268,0.22569373716684255,0.13567360685619548,0.10067721152841776,0.3205336598600058,0.10805625537469901,0.06862765960064268,0.09229482652671628,0.24814289376799736,0.14345564683644252,0.06648171092978003,0.10985260697654917,0.04831100973821797,0.0559675599855548,0.053453752298515116,0.07699312058929285,0.12745046023976986,0.10798735891051288,0.18069631396877658,0.05281902846941494,0.10800229730498913,0.2167626920903904,0.19175278575211516,0.10294657947573899,0.08779538953396657,0.12369766007520555,0.09508855643855443,0.10552354182090716,0.06536546212841227,0.18246687284497037,0.1005975713200738,0.05448083587445394,0.10634223901197506,0.0789037236130604,0.16933442367729443,0.13275261579569023,0.10454697166679076,0.09527496544918265,0.20770128764806076,0.06524871767752272,0.10720045902451414,0.11435668663315239,0.10248161733408166,0.11070448307410798,0.22152040294157532,0.10546337253762553,0.12406563078140717,0.10713935196627597,0.18498274565879674,0.05485093857299694,0.034599961101246836,0.05779577456198065,0.11001471278540242,0.11816226255644885,0.103922141185906,0.061013677167872385,0.18479965673252527,0.26768726943146354,0.1210524437144339,0.19279530090115843,0.06969605746944675,0.08146453461785232,0.10934602857804916,0.13767448488604792,0.1463099455943533,0.11727919464551659,0.07305812170559878,0.0979011499395476,0.12764655619722687,0.11220810179373818,0.08204910471735748,0.11740812418160246,0.22192626797120904,0.10429030533655552,0.15262884337732122,0.12532868081885656,0.10694537696112805,0.280758177458261,0.13562385702012494,0.13974126314638735,0.14968108110564726,0.23284761342897609,0.13095428062211542,0.1318927533398941,0.08618826682822475,0.1143729138839856,0.021845805114787897,0.2965122487995871,0.0780462125176909,0.22027474991803705,0.12660208073487325,0.10441884326953335,0.07583844753540929,0.10298011640556963,0.14234874035157136,0.11007043280548753,0.15532890236944027,0.1268124461580818,0.11602409278074137,0.11522475451603248,0.20906262877714482,0.15802469879368827,0.11216711712485908,0.09259457262147812,0.2150379069044204,0.2086642260402527,0.2259914333667129,0.03907874039909381,0.08330742147084205,0.09983730773143729,0.12243969834466209,0.31808626712079047,0.09167400884065942,0.19744113006080238,0.1683030004094153,0.1314912839428687,0.44206491454687774,0.30832502325399125,0.1311072037065371,0.12585437331175692,0.09064170652579433,0.03845164182205837,0.08570308642179778,0.3266880391449146,0.09828164870775785,0.11830288109415281,0.11561978378882719,0.26888295313756744,0.143733517007302,0.1776957250243872,0.08525173267412692,0.119063367048716,0.13335838189822213,0.08695232608439621,0.17944498878909979,0.1379684230821852,0.09092644602219406,0.09265893372063076,0.07984738440901493,0.12236825397249793,0.04873052448324963,0.07133239674408069,0.2738533641954684,0.08250797494125184,0.198510530914713,0.22430081113347047,0.11180374632127736,0.10258087167594071,0.22908581310927859,0.0915029329386195
War,0.00282522635241557,0.02108478921607565,0.00028585056871873756,0.027189641616656258,3.283663173751904e-07,0.03702295616836908,0.004646168295543277,0.04289561174821074,0.0007881570213436304,0.012440905667586937,0.04104600009052137,0.029608661004703694,0.008779722152178615,0.08328662127600593,0.024009990057817183,0.014261428115373643,0.030510923474192927,0.023328991987318796,0.04533222355731101,0.01394275207041206,0.017309307646797938,0.0175412940748673,1.7624805823542566e-07,0.016505781344073017,0.010647573975419572,0.011558820129536013,0.027576566617754303,0.01617087797498699,0.02011380040441502,0.015044500596587226,0.0049491782244846395,0.029326807111017768,0.05029544466784026,0.019725422866711823,0.02140129381614794,0.020615481901659793,0.00449650474376413,0.04621414483602529,0.039193775124241395,0.03221467846803804,0.029425340980929256,0.0389046992300621,0.027573528804187196,0.03537663921927416,0.05878348939104381,0.019165499572104006,0.010346620162448554,0.001773671163960114,0.062257423191220906,0.03430290322303829,0.015861716915346144,0.013491257935108464,0.025653601908325635,0.028291014052449697,0.005730012806827308,0.019845606646235907,0.04546913524611688,0.03599163705666472,0.009942306261071229,0.006600029700680694,0.008136665659086911,0.06132665073742844,0.06074642788203211,0.018786034404736668,0.00885866467556385,0.021496240530320728,0.0024304226724850865,0.049339429406710336,0.02514297980597131,0.014363213404661098,0.046792581053383096,0.015075686387790336,0.014012071109277815,0.0515085853745673,0.01709688176426332,0.00713256676110976,5.249986654893582e-07,0.02100328106294915,0.049141090611283994,0.016504461930193285,0.03956238926752887,0.0042985651724989195,0.01863863676486021,0.04442594388247411,0.03449614108469602,0.008556343758530998,0.00020051997769896302,0.04438762205158082,0.020645262399062482,0.012667117379765027,0.0009947760239907147,0.015989692212555136,0.002163560941890497,0.05999615325227206,0.012088113098733574,0.027009760563999598,0.008804053543678867,0.023241543051503877,0.015046605263925695,0.014256354625963414,7.853600424128357e-07,0.030695927923356264,0.014821807132438324,0.022097548336029865,2.360936696543513e-06,0.006107710691206514,3.6455066025003833e-07,0.014541069305024575,0.018837266037329603,0.032416462682953014,0.012792097886633243,0.004274142562818503,0.006659932450322186,0.015089049270936057,0.028188971839194523,0.00227441441942622,0.01288914133429427,0.016867721817208286,0.0316132644625907,0.029613226026059456,0.016816123858918678,0.024710490414484906,5.07719326842795e-06,0.009176216225193953,0.024547969155502728,0.019039906682793945,0.023346305460953568,0.028955802861630346,0.019558687122721057,0.014840104401009895,0.01598715238716969,0.03135341210695184,0.013531139084700843,0.028597530517363384,2.801311490238101e-06,0.008261934908945764,0.0056518119206613515,0.007636442581886351,0.029750403698229986,0.0026367444587555183,0.0028230283789004115,0.005427597643376417,0.025188884170519465,0.02370898524001981,0.011824311055380819,0.004435758123894573,0.03031973928018385,0.06229259747047051,0.0031993044119447826,0.04816992939053942
Western,0.005173109203601847,7.941877722711376e-08,4.138210496426647e-07,0.014355893288064088,0.0,0.004994554736391175,0.00013673259921398928,0.011098991588096406,1.0499207375133059e-07,0.0012059327310898812,2.450257292315538e-07,1.101962844562533e-05,0.01100648497297175,0.005340459844773341,1.0557016981752305e-06,7.242518895325001e-08,5.635718576846909e-07,2.1986091955588878e-07,0.01724511322587577,0.0065227139208594,1.0689546357212845e-07,0.0012141980768591765,0.0,0.0179281235745268,5.000073501946997e-07,0.008142406367458662,4.657672430071074e-06,0.008822728079629198,0.024120441032959027,0.0025192409462358447,0.015714109289348518,5.249547414688336e-05,1.9539560031943427e-07,0.007983705377305363,0.0028827764508681207,0.005157196816486658,7.312010011941334e-08,1.9394042455486e-07,0.0013632239659513224,0.02402388991799684,0.007564921416492886,2.3631098990517456e-06,0.00689338124439799,0.00884415980481854,0.0009383391361451837,0.00024663916849997026,0.002064947496123709,4.279527053516147e-07,4.1796633712929855e-07,0.0031591583326167497,0.011815631598833252,0.00188352598711638,0.006413432963465208,0.007315299950654144,1.1003159999895006e-07,1.6920227898382401e-07,3.5058605920427715e-07,5.642482861761708e-08,3.1146695293073704e-07,0.00022093887172878527,0.01173184240517827,0.01408343257104356,1.1789962459051056e-07,0.003059448300145902,5.211507669745013e-06,0.006639440417616682,1.0021171290271818e-05,3.6190847113438416e-07,0.002117192503867459,3.732479859096603e-07,6.129568456548545e-06,7.426231276400989e-06,0.0001762476111569436,0.00284187969126634,0.0002619836613789459,0.01969627955551012,1.3124966637233956e-07,1.9667208913072393e-07,2.0389282656698749e-07,0.0024521392375568673,2.7694937265052406e-07,0.0016824278851725056,8.488004741449151e-07,3.6457037255910804e-07,1.0426456323767885e-07,0.02115794436489519,0.0011972470481337724,8.373870506491328e-08,1.1548382641897226e-07,0.012187391241951603,0.002631490485651612,0.00968086687711445,2.094894507850788e-06,0.015702072455216893,0.0005889875672971989,0.011450029001861704,0.002838645301702275,8.52972691535536e-07,4.318760964996932e-07,9.803663579271327e-05,1.9634001060320893e-07,0.015278446368786142,3.8027815687663674e-07,1.5849944722726765e-07,0.0039885201609274595,1.6628807877420323e-06,0.0,0.0024711061833867136,0.016694686245999638,0.008087032310919092,2.3188745331518538e-05,2.9640619144555697e-06,0.0,0.015714672089767297,0.007825111169842804,1.3035651940953414e-06,6.104577333355923e-08,0.009344298054519022,2.5751911662684717e-07,0.007404130805236352,1.6068335469633998e-06,1.3802361088468412e-07,1.2692983171069875e-06,1.2123609925670496e-06,3.749201339662209e-08,0.00014611924726842516,0.005002778477060637,8.824222216279679e-07,0.004413790140849683,8.221023718448186e-08,7.51463261682525e-08,1.769916519355964e-07,1.1841576113321154e-06,1.726301156111765e-05,4.943490865126061e-07,4.2818699343724304e-08,0.0,5.330402485908171e-07,0.01534089859191783,0.009460280877852422,0.00127303892267715,0.015426347312775921,5.761509189579277e-07,1.2121157367260645e-06,0.0011082678997619932,0.014575444272999196,0.009946223792963563,0.025814416481943457,0.00034086758563997517,7.901606686655536e-07
